t,eta,x_opt,xdot_opt,x_minus_eta_opt,P_abs_opt,x_grid,xdot_grid,x_minus_eta_grid,P_abs_grid
60.0,-0.691905080924856,0.0,0.0,0.691905080924856,0.0,0.0,0.0,0.691905080924856,0.0
60.05,-0.700386294797689,-0.0022226355999885837,-0.08864520509618404,0.6981636591977004,1321.3013955891142,-0.0022137766787134507,-0.08811895358294193,0.6981725181189755,2070.6533281473803
60.1,-0.705157035379061,-0.008831484967217144,-0.17531008211869267,0.6963255504118439,5167.793861360277,-0.008762713469460653,-0.17328934640305965,0.6963943219096004,8007.786020479894
60.15,-0.705429237545126,-0.01970637788065053,-0.2591413201813878,0.6857228596644754,11291.840349563849,-0.01948151337020791,-0.2547906093851608,0.6859477241749181,17311.53456822976
60.2,-0.705701439711191,-0.03468767415952199,-0.33949828521482106,0.671013765551669,19380.57087127007,-0.034172227625508325,-0.3321214336444454,0.6715292120856827,29414.572449611136
60.25,-0.700546694584837,-0.053587394573279795,-0.41572953936425927,0.6469593000115572,29061.17458812389,-0.05261560433512619,-0.4047723090223586,0.6479310902497109,43690.83257367781
60.3,-0.69286149602888,-0.07617961862243489,-0.4871032660171283,0.6166818774064451,39896.37877401912,-0.0745616409453316,-0.4721570696234455,0.6182998550835485,59448.61290543978
60.35,-0.685176297472924,-0.1022095650110256,-0.5531905796000078,0.5829667324618983,51456.5834369281,-0.09973878231936577,-0.5339927027023551,0.5854375151535582,76039.52174383088
60.4,-0.670735262472883,-0.13140063197485652,-0.6133987645125846,0.5393346304980264,63266.99237246762,-0.12786088137160945,-0.589829944737231,0.5428743811012735,92773.16365566001
60.45,-0.655642348517714,-0.16344178681727456,-0.6671508880370769,0.4922005617004394,74840.99146864798,-0.1586145286176762,-0.6392349283469101,0.49702781990003775,108965.67829831448
60.5,-0.639578949458483,-0.19800383912841918,-0.7141933125852917,0.44157511033006386,85767.54005117255,-0.19167519478547979,-0.6820916839062562,0.44790375467300325,124066.41740108591
60.55,-0.617838877256316,-0.2347416549073624,-0.7540715328189843,0.3830972223489536,95612.8992020795,-0.22670912044015565,-0.7180768893266999,0.39112975681616036,137502.5117293626
60.6,-0.596098805054151,-0.27328555346750405,-0.7864266659920159,0.322813251586647,103993.89806894957,-0.26336443780675856,-0.7469576652189811,0.33273436724739247,148785.53430117108
60.65,-0.572150890173407,-0.3132564599683972,-0.8111135198261891,0.25889443020500985,110625.35468279372,-0.3012859590077292,-0.7687052909184127,0.27086493116567784,157575.41980958974
60.7,-0.544538895953755,-0.3542644253415818,-0.8278551971801278,0.19027447061217323,115239.17872285271,-0.34011320439922876,-0.7831498984269933,0.20442569155452628,163553.00357498933
60.75,-0.516926901734102,-0.39590752512663274,-0.8365330295970436,0.12101937660746931,117667.78598542564,-0.3794788389821145,-0.7902701984447288,0.13744806275198757,166540.5297466323
60.8,-0.486299540072197,-0.43778262596856016,-0.8371084432577782,0.04851691410363684,117829.7184749289,-0.4190188802240722,-0.7901125316615336,0.06728065984812481,166474.08338362613
60.85,-0.453728059927795,-0.47948190179212774,-0.8294995114265317,-0.025753841864332716,115697.4173354598,-0.4583686057120957,-0.7826682382302496,-0.004640545784300676,163351.8856358514
60.9,-0.421156579783388,-0.5205980721097522,-0.8138237922692703,-0.09944149232636418,111365.88178193796,-0.4971671874838531,-0.7681151865390573,-0.07601060770046508,157333.5839445149
60.95,-0.385457758297255,-0.5607315868121118,-0.7901901408161991,-0.1752738285148568,104991.61320856189,-0.5350641809594777,-0.7466081025254399,-0.14960642266222274,148646.30900177007
61.0,-0.349154367243867,-0.5994865663903608,-0.7587286618096452,-0.2503321991464938,96797.55240791479,-0.5717147771413522,-0.7183098572102575,-0.2225604098974852,137591.74692411217
61.05,-0.31269732585083,-0.636479301625942,-0.7197611440911493,-0.32378197577511203,87110.03554794379,-0.6067876167473815,-0.6835603666452946,-0.2940902908965515,124601.27329286658
61.1,-0.274065899348299,-0.6713423059555096,-0.6735740755511438,-0.3972764066072106,76289.03524654784,-0.6399680912523046,-0.6426492870747806,-0.3659021919040056,110132.82831405969
61.15,-0.235434472845761,-0.7037218949524473,-0.6205005125693401,-0.4682874221066863,64740.445640205246,-0.6709552122592745,-0.5958993290155432,-0.43552073941351344,94692.26941897991
61.2,-0.196609597260274,-0.7332852373930859,-0.5610017079413742,-0.5366756401328119,52919.99107307754,-0.6994679752431925,-0.5437472055399117,-0.5028583779829185,78842.93960865682
61.25,-0.157341825090125,-0.7597227039486907,-0.49554274671872833,-0.6023808788585656,41290.83284993296,-0.7252470026798656,-0.486619726528192,-0.5679051775897406,63146.33553236598
61.3,-0.11807405291997,-0.7827484010268128,-0.42461822314604475,-0.6646743481068428,30317.169556889945,-0.7480544187697902,-0.4249605581075121,-0.6299803658498202,48157.726919212844
61.35,-0.0794017124095521,-0.8021027360313306,-0.3487869409826526,-0.7227010236217786,20455.581384482244,-0.7676758007617076,-0.3592656021073346,-0.6882740883521555,34419.13942867885
61.4,-0.0412573962011545,-0.8175551812008912,-0.26864115629189406,-0.7762977849997367,12134.908096577366,-0.7839223575999933,-0.2900528189004949,-0.7426649613988388,22434.836733899545
61.45,-0.0031130799927623,-0.8289044035117743,-0.18474861789592062,-0.825791323519012,5739.232142630153,-0.796630515842374,-0.21780540809772797,-0.7935174358496117,12650.45221243142
61.5,0.0328992331575147,-0.8359783549488765,-0.09775447486080843,-0.8688775881063913,1606.8106049032253,-0.8056615350766223,-0.1430751230062601,-0.838560768234137,5458.79755286839
61.55,0.0682602555563624,-0.838639356987684,-0.00833033732108962,-0.9068996125440464,11.668541381595238,-0.8109061495379882,-0.06643119547669758,-0.8791664050943506,1176.8276619901883
61.6,0.103621277955205,-0.8367803130816893,0.08295875153709059,-0.9404015910368944,1157.2196796882042,-0.812280366449807,0.011670883760012532,-0.915901644405012,36.32254073059313
61.65,0.134748535018055,-0.8303245447122178,0.1753850926097078,-0.9650730797302729,5172.2171287553165,-0.8097249939425374,0.09061856913868874,-0.9444735289605923,2189.79335273155
61.7,0.16586730758123,-0.81923476957886,0.26823428652253983,-0.98510207716009,12098.17814485764,-0.8032143019829091,0.16981973422529012,-0.9690816095641391,7690.331235292846
61.75,0.195810933574008,-0.8035033872510027,0.3609482885878761,-0.9993143208250107,21906.92237223209,-0.7927460143204081,0.24884254774033532,-0.9885569478944162,16512.696950906953
61.8,0.221775554512638,-0.7831543883057462,0.45279702609412836,-1.0049299428183842,34474.54372759216,-0.7783430623351396,0.32708627538479784,-1.0001186168477776,28529.448412026617
61.85,0.247740175451265,-0.7582490261442372,0.5431267898411158,-1.005989201595502,49601.38980169486,-0.7600590700238511,0.4040304443321965,-1.0077992454751161,43530.8266526059
61.9,0.271148185827913,-0.7288764953569188,0.631371385517077,-1.000024681184832,67028.76010526699,-0.7379689146736161,0.47924275433345837,-1.0091171005015291,61246.29802163188
61.95,0.291530687635576,-0.695158059930076,0.7168479802290627,-0.986688747565652,86406.3235920041,-0.7121728302630694,0.5521751239587936,-1.0037035178986455,81305.96467170911
62.0,0.31191318944324,-0.6572467520000455,0.7990236663982078,-0.9691599414432854,107352.13381521891,-0.682796074746409,0.6224291114707629,-0.994709264189649,103311.46634834222
62.05,0.328385365871296,-0.6153198379012392,0.8773535527505651,-0.9437052037725353,129431.7053901156,-0.6499814896817155,0.6895914329993486,-0.9783668555530116,126809.69185762535
62.1,0.34311710845987,-0.5695854039358252,0.9512459419016717,-0.9127025123956952,152151.77719208645,-0.613896200404332,0.7532000076451382,-0.957013308864202,151282.73373776965
62.15,0.357848851048447,-0.5202754395210865,1.0203294902825444,-0.8781242905695334,175054.09460983027,-0.5747248728406581,0.8130077218241043,-0.9325737238891051,176261.74819883204
62.2,0.367565632034633,-0.46764085304010883,1.0841124440786392,-0.8352064850747418,197624.1679443517,-0.532665051985274,0.86864072615114,-0.900230684019907,201209.78963423462
62.25,0.37688164935065,-0.41196044094061124,1.1421236990821815,-0.7888420902912612,219339.92056484486,-0.487936390811807,0.9197404191459926,-0.864818040162457,225579.31696289234
62.3,0.38543932129964,-0.35352859537862313,1.1941312120888756,-0.7389679166782631,239770.3600545611,-0.44076876306130114,0.9661769455466854,-0.8262080843609412,248932.77069491276
62.35,0.389831018050542,-0.2926537057307923,1.2397587295394021,-0.6824847237813343,258443.5782160958,-0.39140117851256484,1.0076668103829272,-0.7812321965631068,270771.30686594726
62.4,0.394222714801445,-0.22966412320628501,1.2787050859677664,-0.62388683800773,274936.36121652904,-0.34008818978231387,1.04399192126608,-0.7343109045837588,290645.10177835764
62.45,0.396932584659913,-0.16489703620566104,1.3108240149967625,-0.561829620865574,288921.70823805575,-0.28708937183481675,1.075075687851811,-0.6840219564947297,308210.0625626786
62.5,0.396944523878437,-0.09869955781189657,1.3358757744710212,-0.4956440816903336,300070.66706247954,-0.23267104060109384,1.1007361379626226,-0.6296155644795308,323098.67877783196
62.55,0.396956463096961,-0.03142928900104777,1.3537405647292127,-0.4283857520980088,308150.07713651354,-0.1771074274986683,1.1208979680621436,-0.5740638905956292,335043.2679482246
62.6,0.394567496034607,0.036553529678761326,1.3643502503579141,-0.3580139663558457,312999.14066645777,-0.12067355805957428,1.1355227731784512,-0.5152410540941813,343843.1915751681
62.65,0.390707005767844,0.10488311087361753,1.3676054794400891,-0.2858238948942265,314494.5035944472,-0.0636488476564919,1.144527516558562,-0.45435585342433593,349318.19630925584
62.7,0.386846515501081,0.1731924320343547,1.3635649408500725,-0.21365408346672632,312638.9245703241,-0.006313505402371668,1.147971961949625,-0.3931600209034527,351423.900112659
62.75,0.38005879133574,0.24111842117171728,1.3522565807540128,-0.13894037016402272,307474.85302708385,0.05105587749818087,1.145870159844827,-0.32900291383755914,350138.2461927493
62.8,0.372738213718411,0.30829766421257465,1.3337256767372776,-0.06444054950583633,299105.514370076,0.10818134059580285,1.1382398874837705,-0.2645568731226081,345490.67772241775
62.85,0.365173829356472,0.3743741926796599,1.308189849328732,0.009200363323187855,287761.67007219867,0.16479061335874334,1.1252560375194216,-0.20038321599772868,337653.6399930426
62.9,0.35464526825741,0.4390021425829464,1.2757865532107024,0.0843568743255364,273682.75697450107,0.22061903212104345,1.1069992769690111,-0.13402623613636655,326785.9731226436
62.95,0.344116707158351,0.5018414979686233,1.2367046972357043,0.1577247908102723,257171.84228928108,0.27540463391186226,1.0835893580551321,-0.06871207324648876,313110.90583742224
63.0,0.332651667870035,0.5625666330785017,1.1912662878334772,0.22991496520846677,238621.2402768808,0.32889605786332543,1.0552659754644849,-0.003755610006709542,296956.3410594695
63.05,0.31910220938628,0.6208663228127829,1.1397216376673873,0.3017641134265029,218418.27973338656,0.3808519270214906,1.022185379005978,0.061749717635210644,278630.1197476254
63.1,0.305552750902526,0.6764423981325564,1.0823945091127438,0.3708896472300304,196998.3353160145,0.43103896397385844,0.9845673811440917,0.12548621307133245,258499.44747011608
63.15,0.290513861171364,0.7290156156897919,1.0196591421166787,0.4385017545184279,174824.1519407382,0.47923737660520394,0.9426725314039597,0.18872351543383992,236968.40039027983
63.2,0.274206196673896,0.7783236755697841,0.9518465007319785,0.5041174788958881,152343.95659378913,0.5252384184830634,0.8967099978134827,0.2510322218091674,214423.685380975
63.25,0.257898532176428,0.8241226078474887,0.8793749091043517,0.5662240756710607,130028.79417916917,0.5688454228256117,0.8469701310757066,0.3109468906491837,191295.57411583993
63.3,0.239759136363635,0.8661902015225647,0.8026459303266581,0.6264310651589297,108327.67232540215,0.609876932755384,0.7937203733642729,0.370117796391749,167997.87495827224
63.35,0.221084893939394,0.9043226666817028,0.7220451227997796,0.6832377727423088,87663.75573293533,0.6481630899000794,0.7372081942343147,0.4270781959606854,144926.91243899177
63.4,0.202406754335259,0.9383381899399542,0.638052904568012,0.7359314356046952,68454.9370470877,0.6835490503443191,0.6777735728675273,0.4811422960090601,122500.53762069688
63.45,0.181783921965317,0.9680783817972087,0.5510863022079365,0.7862944598318917,51065.857388801196,0.7158962978094229,0.6156899394725609,0.5341123758441059,101086.42708472686
63.5,0.161161089595376,0.9934042886244495,0.46156764094049246,0.8322431990290735,35823.01242923992,0.7450785394820701,0.5512356603658457,0.5839174498866941,81029.53420239201
63.55,0.140202362689803,1.0142009662015623,0.369997930501451,0.8739986035117593,23019.187226003123,0.7709863185054954,0.48476829646555025,0.6307839558156924,62666.7470021631
63.6,0.118144083586406,1.0303773762838164,0.27682556282759585,0.9122332926974104,12885.574271115433,0.793526899329928,0.4165924190774255,0.675382815743522,46279.798302075025
63.65,0.0960858044830056,1.0418645384066945,0.18251351246262262,0.9457787339236888,5601.204662731694,0.8126224440978937,0.34702894794717887,0.7165366396148881,32114.42419022021
63.7,0.0736623389169665,1.0486179577743961,0.08755444134965729,0.9749556188574297,1288.9846869340136,0.8282125577033121,0.27643056358025975,0.7545502187863457,20377.02839501334
63.75,0.0508237468592061,1.0506169663950886,-0.007586681170607942,0.9997932195358825,9.678210459378947,0.8402537158577826,0.20512419435309298,0.7894299689985765,11220.249362401457
63.8,0.0279851548014425,1.0478641300401057,-0.10243876912813689,1.0198789752386632,1764.4936441273321,0.8487187996714921,0.13344600510712076,0.8207336448700496,4748.75634107992
63.85,0.005093008092485,1.0403858219436541,-0.19652855000832506,1.0352928138511692,6494.454750234944,0.8535978371560659,0.06173770704094925,0.8485048290635808,1016.4118588464199
63.9,-0.0178223098265924,1.0282315833187363,-0.28940170092313766,1.0460538931453287,14082.947295526994,0.8548975330820375,-0.009674347458789215,0.8727198429086299,24.958133000901693
63.95,-0.0407376277456668,1.011473238711228,-0.3806216830121335,1.0522108664568948,24360.065174101204,0.8526405796597741,-0.08047739838992303,0.8933782074054409,1727.0964404294364
64.0,-0.0629618442516265,0.9902044658403373,-0.46974084096065816,1.0531663100919637,37102.91550014054,0.8468654538889232,-0.15034259806016206,0.9098272981405497,6027.439144394519
64.05,-0.0851340423716528,0.9645413030487632,-0.5563333268212602,1.049675345420416,52042.90721974128,0.8376271739918882,-0.21895824423418989,0.922761216363541,12784.723391498439
64.1,-0.107047914862916,0.9346196382215954,-0.6400177588039615,1.0416675530845114,68877.1937954794,0.8249950255861643,-0.2860517868196292,0.9320429404490803,21820.166598054024
64.15,-0.127644956709957,0.9005949702412804,-0.7203779136076429,1.0282399269512374,87259.39018991824,0.8090526222718842,-0.35130943507634355,0.9366975789818413,32911.55177964257
64.2,-0.148241998556998,0.8626436026516346,-0.797034884518022,1.0108856012086327,106818.39674290137,0.7898994055343553,-0.414449119093493,0.9381414040913534,45804.819284632635
64.25,-0.167903481561821,0.8209588576560598,-0.8696514802268901,0.9888623392178808,127169.18159611181,0.7676471535671728,-0.47522367328296344,0.9355506351289938,60223.343906280745
64.3,-0.186113893709325,0.7757521797113258,-0.9378467731093937,0.9618660734206508,147895.5722990586,0.7424214507870225,-0.5333349364591783,0.9285353444963474,75852.30785277754
64.35,-0.204324305856835,0.7272530937891948,-1.0013093784839273,0.9315773996460298,168588.50642287207,0.7143619955563528,-0.5885473049538192,0.9186863014131879,92370.11471157438
64.4,-0.220618628612718,0.6757052937095281,-1.0597311747470832,0.8963239223222461,188835.14070955315,0.6836190742127433,-0.6406199322302031,0.9042377028254612,109438.37268550134
64.45,-0.235768195086707,0.6213695945116193,-1.1127782534819957,0.8571377895983263,208213.38996772323,0.6503569334733328,-0.689278155756503,0.8861251285600398,126694.5002674896
64.5,-0.250917761560695,0.5645206375878002,-1.1602375992740928,0.8154383991484953,226352.48463433774,0.6147509065211275,-0.7343589069181513,0.8656686680818225,143808.8011120059
64.55,-0.262875952380952,0.5054436611122952,-1.201830127759309,0.7683196134932473,242872.06701188488,0.5769846859972798,-0.7756229551778681,0.8398606383782319,160424.25829302645
64.6,-0.274305966810968,0.4444399125497987,-1.2372881704585603,0.7187458793607667,257414.56519833638,0.5372562002473487,-0.812833333129553,0.8115621670583166,176186.1406523997
64.65,-0.285374712219812,0.3818187216705895,-1.2665163994746271,0.6671934338904015,269719.9252255888,0.49577022417719185,-0.8459131308439023,0.7811449363970038,190818.40664910214
64.7,-0.292603924078091,0.3178957558111771,-1.2892987754598084,0.6104996798892681,279510.7629977948,0.4527372478455805,-0.8746534395074779,0.7453411719236716,204004.97046460301
64.75,-0.299833135936369,0.2529989237566798,-1.3054792977385214,0.5528320596930488,286570.42893006565,0.4083798979698995,-0.8988943757078978,0.7082130339062684,215469.62631447767
64.8,-0.305549,0.187457966823958,-1.3150542932818212,0.493006966823958,290789.52784058574,0.36292319484098085,-0.9186139982947535,0.6684721948409809,225027.1140968196
64.85,-0.308049,0.1216056156382858,-1.3179049562055825,0.42965461563828583,292051.59190270334,0.3165963667714591,-0.9336633488474392,0.6246453667714591,232460.59972827067
64.9,-0.310549,0.05577965232969856,-1.3140273104122138,0.3663286523296986,290335.5249048337,0.26963550508198036,-0.943995303905601,0.5801845050819804,237633.90234555418
64.95,-0.310215748732802,-0.009685797862689888,-1.3034731580066319,0.30052995087011214,285690.3558447887,0.2222755766404011,-0.9496042995208035,0.5324913253732031,240466.22017823893
65.0,-0.307545582186821,-0.0744559433963057,-1.286218151995346,0.2330896387905153,278176.64444712864,0.174755365800526,-0.9503971111588028,0.482300947987347,240867.9117063994
65.05,-0.30487541564084,-0.13819839854839638,-1.2624122412449021,0.1666770170924436,267974.69765062624,0.12731502303496917,-0.9464412941990106,0.43219043867580914,238866.96623069284
65.1,-0.29783947584715,-0.20058933304262647,-1.2321384229073606,0.09725014280452352,255276.24146666986,0.08019059534219096,-0.9377251912321551,0.37803007118934095,234487.6091390352
65.15,-0.289614890410958,-0.2613054117646516,-1.195456691577272,0.028309478646306396,240302.9431996536,0.03362259603707165,-0.924204402101865,0.32323748644802963,227774.34049719092
65.2,-0.281322386281587,-0.3200332127030884,-1.1526691824194861,-0.038710826421501365,223409.04882525656,-0.012152848063884385,-0.9060644512112374,0.2691695382177026,218920.74393299222
65.25,-0.267437909747292,-0.37647246630368186,-1.1038918956884394,-0.10903455655638988,204901.1921735422,-0.056906669037142366,-0.8832950723152442,0.21053124071014961,208056.04927370467
65.3,-0.253553433212998,-0.43032511630495135,-1.04927898280744,-0.17677168309195335,185128.52601512853,-0.10040553679934508,-0.855917304143063,0.15314789641365292,195358.5150750743
65.35,-0.238306585383501,-0.4813095877215242,-0.989220985852955,-0.24300300233802322,164542.47958037056,-0.14242571961185516,-0.8241796103633411,0.09588086577164584,181139.20803697835
65.4,-0.218792475397973,-0.5291599370110458,-0.923928056927229,-0.3103674616130728,143538.26961966525,-0.18275183070420792,-0.7881431448282168,0.036040644693765084,165645.23113058973
65.45,-0.199278365412446,-0.5736202429707068,-0.8537072882659482,-0.37434187755826076,122548.8876343918,-0.22117094321865552,-0.7479618598347276,-0.021892577806209512,149185.85167131328
65.5,-0.177231689804774,-0.6144554434350891,-0.778974381572863,-0.43722375363031507,102032.3162072933,-0.25748321603432595,-0.7038933725656005,-0.08025152622955195,132124.23465114005
65.55,-0.152419325379612,-0.6514475197687332,-0.7000327990052945,-0.49902819438912116,82400.18235351387,-0.29149784550659574,-0.6560795126308124,-0.13907852012698374,114784.08717170251
65.6,-0.127606960954444,-0.6843960037443511,-0.6173284388467458,-0.556789042789907,64080.21556490664,-0.32303346992934295,-0.6048039222326677,-0.19542650897489897,97543.40915947167
65.65,-0.0994961677000708,-0.7131248439781968,-0.5312933050480677,-0.613628676278126,47463.53515180466,-0.35192500013354777,-0.550334409966187,-0.25242883243347697,80764.79007808832
65.7,-0.0700511785147804,-0.7374761169803802,-0.4423050222402334,-0.6674249384655998,32895.397352379514,-0.37801724603416276,-0.4928848300523293,-0.3079660675193824,64782.78818552361
65.75,-0.0406061893294901,-0.757315144334547,-0.35090401615805006,-0.7167089550050569,20704.65856222476,-0.40117015660548444,-0.43283503038677673,-0.3605639672759943,49958.976941312525
65.8,-0.0078374100433545,-0.7725336812734922,-0.25753223740111886,-0.7646962712301377,11152.047158614329,-0.4212621116656776,-0.37046665565567205,-0.41342470162232314,36598.81145405288
65.85,0.0251510653901814,-0.7830426756972215,-0.16261783801282373,-0.8081937410874029,4446.5969022668705,-0.4381827283505172,-0.30605172862454255,-0.4633337937406986,24978.042825085508
65.9,0.0585268844765425,-0.7887790962137542,-0.06672004456329844,-0.8473059806902967,748.5211062454981,-0.4518400091139336,-0.2399992597544613,-0.5103668935904762,15359.90524871717
65.95,0.0937938519855639,-0.7897060871352973,0.029694544776016796,-0.8834999391208612,148.26708152407537,-0.46216069731895953,-0.17262853973917744,-0.5559545493045235,7946.830061994871
66.0,0.129060819494585,-0.7858089221643264,0.1261537816867528,-0.9148697416589114,2676.0359469864384,-0.46908642789615945,-0.10427059546374118,-0.5981472473907444,2899.2952208968436
66.05,0.164595566473985,-0.7770988741465937,0.222124608503043,-0.9416944406205787,8296.305693408141,-0.47257796594473905,-0.03532412942381506,-0.637173532418724,332.74509854678325
66.1,0.200531982658963,-0.7636128984787599,0.3171107260123899,-0.9641448811377229,16908.818375584364,-0.4726151697256104,0.033843630448644066,-0.6731471523845733,305.43768585183676
66.15,0.236468398843931,-0.7454124155190684,0.4106216075646113,-0.9818808143629995,28351.431585391572,-0.4691960629260009,0.10286487129424138,-0.7056644617699319,2821.648465701559
66.2,0.271641528901734,-0.7225841068912907,0.5021320957717651,-0.9942256357930247,42396.241682036256,-0.46233796945226685,0.1713301325092968,-0.7339794983540009,7827.737148174187
66.25,0.306370213872833,-0.6952412948536815,0.5911190994157964,-1.0016115087265145,58754.53306029503,-0.45207922612825874,0.2388260680225194,-0.7584494400010917,15210.104204559218
66.3,0.341098898843931,-0.6635219967225737,0.677120073993815,-1.0046208955665048,77094.38949611489,-0.43847750956188675,0.30499448851892574,-0.7795764084058178,24805.7701405123
66.35,0.372939052023129,-0.6275882703490847,0.7595844810130344,-1.0005273223722138,97016.04402249055,-0.4216095050349241,0.3693811093303482,-0.794548557058053,36384.64104803164
66.4,0.404324528901739,-0.5876315210741303,0.837972980401107,-0.9919560499758693,118073.22520818679,-0.40157659102280896,0.43153788070566784,-0.8059011199245479,49659.98466238379
66.45,0.435140626898049,-0.5438655642343959,0.9118886008607137,-0.9790061911324449,139821.825836191,-0.3784980886279407,0.4911541977312119,-0.8136387155259897,64328.6522530641
66.5,0.460595073752711,-0.49652712865647936,0.9807393800753401,-0.9571222024091903,161732.99296987482,-0.35251214093921246,0.5477149830953567,-0.8131072146919235,79997.7873885725
66.55,0.486049520607374,-0.44588479165686123,1.0440032624592326,-0.9319343122642352,183271.572843352,-0.3237850314931371,0.6007713418723695,-0.809834552100511,96246.98805736731
66.6,0.508437809523812,-0.39222619070666365,1.1013071694700198,-0.9006640002304757,203942.77686227913,-0.2924985640603676,0.6500167251739231,-0.8009363735841797,112672.46480155505
66.65,0.524600868686871,-0.33586386031015364,1.1520275875585222,-0.8604647289970246,223160.41164883383,-0.25885635506424354,0.694885229504857,-0.7834572237511145,128764.12858240475
66.7,0.540763927849929,-0.2771403749753282,1.1957347153896936,-0.8179043028252572,240414.7292806885,-0.22308930101588403,0.7350001929677996,-0.7638532288658131,144060.07564338736
66.75,0.549599538294798,-0.2164146506781362,1.231989844904139,-0.7660141889729342,255214.67996235722,-0.18544219782804028,0.769966283148095,-0.7350417361228383,158092.820582638
66.8,0.552630968930636,-0.1540767501382058,1.2601270934507043,-0.7067077190688418,267005.43018350966,-0.14618902376184412,0.7991539263575369,-0.6988199926924801,170305.86613671135
66.85,0.555662399566474,-0.09054171685877113,1.2798811130346246,-0.6462041164252451,275442.3125742799,-0.10562709488439354,0.8223259941830265,-0.6612894944508676,180325.34418909415
66.9,0.545808382225433,-0.026237766204224494,1.2906915901913605,-0.5720461484296575,280114.99375879206,-0.06406581325753849,0.8389379828262568,-0.6098741954829715,187684.5170742903
66.95,0.532529119219654,0.038367194051004416,1.2918909308686515,-0.49416192516864954,280635.81437419774,-0.021853635767044216,0.8483318572537676,-0.5543827549866982,191911.1840084338
67.0,0.518867794649317,0.1027909230547201,1.2834695471882227,-0.4160768715945969,276989.0065627391,0.020646786983815224,0.8504924125066888,-0.49822100766550176,192889.95832838607
67.05,0.488222096890823,0.16654346566711564,1.2648119587383286,-0.3216786312237074,268994.4513380428,0.06306439254578644,0.8447840383219734,-0.4251577043450366,190309.35237428837
67.1,0.45757639913232,0.22909268510047553,1.2353923299243748,-0.22848371403184448,256626.32023599694,0.10498476471896365,0.8306521995587548,-0.3525916344133564,183995.48710181264
67.15,0.422891777617329,0.28990604795118746,1.1953778627998617,-0.13298572966614153,240271.2529463681,0.1459911321781973,0.808214083315411,-0.2769006454391317,174189.33452516538
67.2,0.376469033935019,0.34844812346757814,1.144427515910351,-0.028020910467440874,220225.68915299972,0.18566087616907936,0.7770617811886497,-0.19080815776593965,161020.00314242052
67.25,0.330046290252709,0.40416535629268374,1.0824746817697577,0.07411906603997476,197027.51961944683,0.22354956042561494,0.7370467334973904,-0.10649672982709404,144863.43662911287
67.3,0.277721693641623,0.45651692062287663,1.0098060143406127,0.1787952269812536,171461.76949581885,0.259220845175327,0.6883523046439418,-0.018500848466296016,126354.3720823003
67.35,0.219155219653172,0.5049681410494188,0.9264727012017971,0.2858129213962468,144330.01269251175,0.2922389264736278,0.6309088745771521,0.07308370682045581,106145.60213872229
67.4,0.160588745664738,0.5489932117954067,0.8328840081525981,0.3884044661306687,116643.47306107507,0.3221704273213138,0.564988880093726,0.1615816816565758,85123.31590121675
67.45,0.0966728604046235,0.5880940726493141,0.7295506245648251,0.4914212122446906,89495.71922218826,0.3486024342345827,0.49094824882453253,0.2519295738299592,64274.715473033364
67.5,0.0306559528901716,0.6217935551803224,0.6169367148121095,0.5911376022901508,63998.91752361655,0.3711348085169155,0.4090823555907732,0.3404788556267439,44626.232974852224
67.55,-0.0353609546242802,0.64964586088112,0.4958115352861322,0.6850068155054002,41335.63832379212,0.3893900617914344,0.3199805547516359,0.4247510164157146,27303.348111777243
67.6,-0.104282467388181,0.6712455553095158,0.3669386192765662,0.7755280226976968,22640.094761032564,0.40302178386055076,0.22421452731508262,0.5073042512487318,13405.907802433581
67.65,-0.173356854112558,0.6862236423574528,0.23110141948180374,0.8595804964700108,8980.419442090535,0.41171017857885583,0.12236807961044287,0.5850670326914138,3993.0525086793823
67.7,-0.242359396526769,0.6942553285152143,0.08924203403735709,0.9366147250419833,1339.153362152623,0.4151695580816778,0.015178906559739067,0.6575289546084468,61.43978782647725
67.75,-0.311030163531108,0.695063675583867,-0.05766815623919053,1.006093839114975,559.1953201505071,0.4131517518556578,-0.09659038796073074,0.7241819153867658,2487.920812374528
67.8,-0.379700930535447,0.688420475118439,-0.20866157483281092,1.068121405653886,7321.100303442795,0.4054468017120259,-0.21218402103561912,0.7851477322474729,12005.882342091749
67.85,-0.447209763005789,0.6741461694498937,-0.3627373559735041,1.1213559324556828,22124.627195932324,0.39188278211022226,-0.3308133863751885,0.8390925451160113,29183.332428005266
67.9,-0.513073924855501,0.6521131592979688,-0.5188297395878041,1.1651870841534697,45262.76907342941,0.37232914027181996,-0.4516240344126146,0.8854030651273209,54390.47158910041
67.95,-0.578938086705213,0.6222462122084871,-0.675942947404742,1.2011842989137,76826.5759190515,0.34669710690107397,-0.5738327599259117,0.925635193606287,87809.07636378372
68.0,-0.641548757400728,0.584519436717622,-0.8330242198794092,1.22606819411835,116682.74902085026,0.3149366571733684,-0.6965963003759568,0.9564854145740964,129399.04151932539
68.05,-0.702376555234656,0.5389628909107164,-0.9889619259959335,1.2413394461453724,164456.30920935795,0.27704333471226367,-0.8190106701392998,0.9794198899469198,178874.2607472067
68.1,-0.763204353068601,0.48565796747326784,-1.1428187566039618,1.248862320541869,219606.96738446274,0.2330535632114432,-0.9403488241549698,0.9962579162800442,235801.57629056915
68.15,-0.817951943641622,0.4247342405025081,-1.2934853913044178,1.2426861841441301,281328.96705901367,0.1830415380078375,-1.0597050317155272,1.0009934816494597,299459.93446485506
68.2,-0.871838865606935,0.35638122829958907,-1.439847262108747,1.2282200939065242,348597.4815305585,0.1271313133465243,-1.176168741526619,0.9989701789534593,368899.44227848295
68.25,-0.924840733188715,0.28083535744961563,-1.581062069182763,1.2056760906383306,420328.8841609492,0.06548350659571028,-1.2891047721212505,0.9903242397844252,443144.296934875
68.3,-0.970532707158343,0.19837925985173305,-1.716026844910762,1.168911967010076,495153.1547416651,-0.001705221716495925,-1.397608172660473,0.9688274854418472,520882.29447662574
68.35,-1.01622468112798,0.10935384096692509,-1.8437257729133845,1.125578522094905,571589.2450609365,-0.07418976522844552,-1.5008620821447125,0.9420349158995345,600689.8638986031
68.4,-1.05883535018051,0.014140772839359841,-1.9633839422368784,1.0729761230198698,648189.3107842663,-0.1516942421150656,-1.5982884345390944,0.9071411080654443,681206.9119950478
68.45,-1.09551766064982,-0.08683379130181158,-2.0740014897135763,1.0086838693480085,723285.108050015,-0.23390786117270568,-1.6890740884900342,0.8616097994771144,760792.340375584
68.5,-1.13219997111913,-0.19309531831988286,-2.174780662174273,0.939104652799247,795284.1383476966,-0.3204806613324983,-1.7726039387213453,0.8117193097866316,837899.9262854472
68.55,-1.1635,-0.3041358845288259,-2.2650069216398303,0.8593641154711741,862641.7284565086,-0.41103820013866776,-1.8483346178219417,0.7524617998613322,911024.229183729
68.6,-1.19077272727273,-0.41940604317554075,-2.3438407623825803,0.7713666840971892,923735.4296655938,-0.5051727129386467,-1.915584667989047,0.6856000143340832,978523.8987292553
68.65,-1.21804545454546,-0.5383214235866618,-2.4107679035903233,0.6797240309587982,977242.1642334178,-0.6024491050548757,-1.9739844752849187,0.6155963494905843,1039097.2556442337
68.7,-1.23739898989899,-0.6602737724996507,-2.465157348790179,0.5771252173993394,1021834.7918089308,-0.7024151346459278,-2.0230269605274303,0.5349838552530624,1091370.1554722274
68.75,-1.25477272727273,-0.7846173288052597,-2.5063628893355747,0.47015539846747034,1056280.5876137938,-0.80458677638708,-2.0621715565166916,0.45018595088565005,1134013.74093506
68.8,-1.27184754525706,-0.910686944684819,-2.5341871758941705,0.36116060057224086,1079863.278883538,-0.9084653464208218,-2.0913028019389306,0.3633821988362381,1166279.3091726992
68.85,-1.27854559015207,-1.0378042041057358,-2.548107415407164,0.2407413860463341,1091759.1962350728,-1.0135422899561495,-2.109952499544944,0.26500330019592044,1187173.2134229217
68.9,-1.28524363504707,-1.1652589822804276,-2.5477114396008984,0.11998465276664239,1091419.9039157098,-1.1192795017705521,-2.117739842957784,0.16596413327651782,1195952.5446535626
68.95,-1.28896136986301,-1.2923373343936055,-2.533040798948878,-0.003375964530595521,1078886.5156983058,-1.2251358756705795,-2.114706875961758,0.06382549419243055,1192529.378997317
69.0,-1.28445524152848,-1.418320639217518,-2.503831501855349,-0.13386539768903805,1054148.0112097298,-1.3305648862549273,-2.100560092602362,-0.046109644726447296,1176627.3873689717
69.05,-1.27994911319394,-1.5424778707842273,-2.460071325650192,-0.26252875759028726,1017622.7165105342,-1.4350054434094195,-2.075230077549257,-0.1550563302154795,1148421.299937359
69.1,-1.26974421128799,-1.664088669821401,-2.40197136513944,-0.39434445853341105,970123.5487468024,-1.5379034774501352,-2.038839025920955,-0.26815926616214525,1108497.2196315492
69.15,-1.25365520984081,-1.7824363707062558,-2.3295594545779923,-0.5287811608654458,912512.8589840143,-1.6387034352173693,-1.9912972666726205,-0.38504822537655925,1057403.9478020933
69.2,-1.23756620839363,-1.8968128005326144,-2.243243750294914,-0.6592465921389843,846144.0956628826,-1.736851729511387,-1.9328697610025565,-0.4992855211177569,996262.8034661547
69.25,-1.21221866618601,-2.0065345556422107,-2.1433625566126215,-0.7943158894562008,772471.8720691744,-1.8318116955701444,-1.8637233171223773,-0.6195930293841345,926257.2274095033
69.3,-1.183411888969,-2.110927387592457,-2.0301858747510417,-0.9275154986234571,693047.4963394582,-1.9230466462758877,-1.783934674424362,-0.7396347573068878,848646.112696948
69.35,-1.15460511175198,-2.209344753761308,-1.9045091036157349,-1.0547396420093278,609898.4101324609,-2.0100375368257795,-1.6940899457781298,-0.8554324250737995,765317.5318364125
69.4,-1.11268667872648,-2.3011767338867237,-1.7667433546977913,-1.1884900551602438,524853.7787357983,-2.0922909315270624,-1.5943662950686162,-0.9796042528005824,677867.7020935535
69.45,-1.07013602749638,-2.3858252597506056,-1.6173498807922977,-1.3156892322542255,439844.69378685846,-2.169313131749943,-1.4849812608251072,-1.0991771042535627,588045.1586671268
69.5,-1.0248888023088,-2.462734520508629,-1.457325856449974,-1.4378457181998288,357112.2402365948,-2.240640542617626,-1.3666858260731063,-1.2157517403088258,498088.03925043443
69.55,-0.968145656565655,-2.5313897172049824,-1.2872167694494188,-1.5632440606393274,278608.76382074115,-2.3058378627562592,-1.2397613395987417,-1.3376922061906042,409868.84777697775
69.6,-0.911402510822495,-2.591300021499418,-1.1077368725927372,-1.6798975106769232,206331.0648303804,-2.3644804370382198,-1.1046615352364437,-1.4530779262157247,325407.2286482499
69.65,-0.848413323933461,-2.642023402757904,-0.9198572372567333,-1.793610078824443,142276.19914582573,-2.416179686532695,-0.9621020115090302,-1.5677663625992342,246837.40814659256
69.7,-0.776727496023126,-2.6831559793582254,-0.7241921058557937,-1.9064284833350995,88185.86277293149,-2.4605721534090477,-0.812433813143217,-1.6838446573859218,176012.98686358074
69.75,-0.705041668112791,-2.7143278658686363,-0.5216403272734961,-2.0092861977558454,45754.48935885814,-2.4973155017812005,-0.6563096622404506,-1.7922738336684096,114864.63273337984
69.8,-0.623121789017339,-2.7352191806170407,-0.31303860509073195,-2.112097391599702,16477.343471518074,-2.526105417906189,-0.4943236801962425,-1.9029836288888502,65161.57354740188
69.85,-0.535739563583796,-2.7455412448242438,-0.09900666869352928,-2.2098016812404477,1648.2393991625913,-2.5466565378048305,-0.32685669560458863,-2.0109169742210344,28489.413189746858
69.9,-0.448357338150278,-2.7450464881130965,0.11942961145790151,-2.2966891499628184,2398.3658637720846,-2.558713358335435,-0.15472323726844756,-2.110356020185157,6383.808040220885
69.95,-0.346668917689528,-2.733535914792588,0.34160819987239993,-2.38686699710306,19622.21224718059,-2.562058505021777,0.02163095682856886,-2.2153895873322487,124.77287821850928
70.0,-0.243103213718421,-2.7108331250770177,0.5669422949603724,-2.467729911358597,54046.691079460295,-2.5564863699298246,0.20182143754132223,-2.313383156211404,10861.83804033222
70.05,-0.137751353323722,-2.6768064221765484,0.7943953970077127,-2.5390550688528264,106112.0814261984,-2.541826860226859,0.3849850122950018,-2.404075506903137,39523.58925114206
70.1,-0.0185176105491195,-2.6313676247250553,1.023407372164827,-2.612850014175936,176111.80878053716,-2.51794463974194,0.5707425796188708,-2.4994270291928204,86865.89125066748
70.15,0.100716132225449,-2.5744498615478815,1.2533727410404618,-2.6751659937733305,264150.7729245586,-2.4847168054704265,0.7586519223192266,-2.5854329376958756,153480.73046364213
70.2,0.2247754201012439,-2.5060293390021937,1.4834021283524885,-2.7308047591034375,370006.36151290045,-2.442056017670484,0.9479700317469659,-2.666831437771728,239639.24829075832
70.25,0.357955825018083,-2.426117427741489,1.712967540877799,-2.7840732527595717,493389.2269264251,-2.389902690785665,1.138316925082288,-2.747858515803748,345537.44584767875
70.3,0.491136229934922,-2.334751330399009,1.9414124105445325,-2.825887560333931,633763.1715946618,-2.328215915282569,1.3291727112527216,-2.819352145217491,471120.0256903763
70.35,0.630657585260143,-2.232006634986733,2.16803362543224,-2.8626642202468764,790357.2158750874,-2.256986463712288,1.5199686787079545,-2.8876440489724313,616081.2758008547
70.4,0.774770663294813,-2.117986851000585,2.3923252069973278,-2.892757514295398,962347.2906118899,-2.176226311420134,1.710331918496644,-2.950996974714947,780062.7390475762
70.45,0.918883741329482,-1.9928242046627322,2.6136149987162414,-2.911707945992214,1148615.3685485434,-2.08596948154905,1.8997264226343886,-3.004853222878532,962389.4615614006
70.5,1.06638738872831,-1.8566865195841458,2.8312377021178765,-2.923073908312456,1347857.7535130903,-1.9862785327966122,2.0876320008558666,-3.0526659215249223,1162188.632265992
70.55,1.21467604479766,-1.7097715973869354,3.0445935511153284,-2.924447642184595,1558655.1600874953,-1.8772385804554632,2.2736026810405296,-3.091914625253123,1378471.7736625825
70.6,1.36215777617329,-1.552309973243124,3.252983546251039,-2.914467749416414,1779324.3765203643,-1.7589593260359955,2.457112586083826,-3.1211171022092854,1609973.9361844126
70.65,1.49210723465704,-1.3845770380373783,3.4551482630996695,-2.876684272694418,2007357.7146184389,-1.6315853655638293,2.637144103429293,-3.1236926002208696,1854541.072600504
70.7,1.6220566931408,-1.2069190754608683,3.6498792654773937,-2.8289757686016683,2240001.930685854,-1.4953183257829998,2.812772738442084,-3.1173750189238,2109784.1274994616
70.75,1.73872457039711,-1.0197308785172463,3.8361055060924056,-2.758455448914356,2474414.670452959,-1.3503942095326318,2.983236297778585,-3.0891187799297417,2373253.0155689814
70.8,1.82020110469314,-0.8234883417940376,4.011541115780596,-2.6436894464871776,2705913.385339026,-1.1971108648413653,3.146730008079827,-3.0173119695345054,2640509.2650000183
70.85,1.90167763898919,-0.6187882335012073,4.174291492876414,-2.5204658724903974,2929927.951460695,-1.0358608599586876,3.301845397772784,-2.9375384989478777,2907248.808211551
70.9,1.9551230397112,-0.40629949087234685,4.322622997206955,-2.361422530583547,3141854.8313685125,-0.8670868398671953,3.447328093988145,-2.8222098795783954,3169085.596693317
70.95,1.98098224548737,-0.1868136567143737,4.453691074682738,-2.167795902201744,3335274.4315361558,-0.69132576202484,3.5809454655014665,-2.67230800751221,3419512.1138388044
71.0,2.00684145126354,0.03875080466934411,4.565637826626352,-1.9680906465941959,3505050.752030458,-0.5092133355052266,3.7013026947843604,-2.5160547867687666,3653237.7702447916
71.05,2.00032171366595,0.2693965152142293,4.6563708347077455,-1.7309251984517207,3645746.9074971755,-0.32144422769606146,3.8067333842969755,-2.3217659413620115,3864325.082432295
71.1,1.9820679175705,0.5039914047835408,4.723324994605388,-1.4780765127869593,3751345.399310803,-0.12882488360547031,3.8950738553656974,-2.1108928011759702,4045760.09033424
71.15,1.96381412147505,0.7413144140225814,4.7654172073301435,-1.2224997074524686,3818504.0248669796,0.06776246784569209,3.9653793922140363,-1.896051653629358,4193128.99311887
71.2,1.91228594223826,0.9800869331869945,4.7807499021615705,-0.9321990090512656,3843115.572265664,0.2673824218238555,4.015849510941752,-1.6449035204144047,4300545.945208296
71.25,1.8596577833935,1.2189142233704076,4.767590506972189,-0.6407435600230924,3821987.7264694236,0.4689870191875771,4.044705756591687,-1.3906707642059228,4362571.9086415805
71.3,1.80141400289017,1.4563682046736153,4.725783251654613,-0.3450457982165547,3755251.1949189366,0.6714849065082167,4.0514869225491665,-1.1299290963819533,4377212.3422898445
71.35,1.72042411849709,1.6910002298530689,4.654457446318313,-0.029423888644021234,3642751.314223627,0.8737465036829717,4.034926487992028,-0.8466776148141184,4341501.803599915
71.4,1.63943423410404,1.9213178203344725,4.55338420134182,0.2818835862304325,3486261.7265386404,1.0745751645577186,3.9942360753584722,-0.5648590695463214,4254379.1535186805
71.45,1.54962111913357,2.1458562713641247,4.423388358905273,0.5962351522305547,3290042.7166303787,1.2727695550781328,3.9295259066342303,-0.2768515640554372,4117646.360242552
71.5,1.44811209386281,2.363184826893822,4.2651027880506875,0.9150727330310118,3058795.195955819,1.4671241787829745,3.840615624327352,0.019012084920164485,3933420.899687301
71.55,1.34660306859205,2.571918550156601,4.079952436430616,1.2253154815645508,2798991.603784584,1.6564365289045546,3.7280427777470346,0.3098334603125046,3706214.1207231535
71.6,1.23918956647396,2.7707655247130205,3.869943355156097,1.5315759582390605,2518260.258856226,1.8395520056874894,3.5928953133207853,0.6003624392135294,3442372.461995324
71.65,1.12873436416183,2.9585336652878182,3.6371910992415275,1.8297993011259883,2224455.05168636,2.015369489460694,3.4363640167453817,0.886635125298864,3148959.3748219884
71.7,1.0182791618497,3.1341481395391786,3.384254457201007,2.1158689776894786,1925827.6354567283,2.182860038730679,3.260138088979877,1.1645808768809789,2834266.7624579635
71.75,0.908720503253791,3.296669473897623,3.113940900239493,2.387948970643832,1630467.4267626165,2.3410887736928965,3.0662453901795184,1.4323682704391056,2507162.8780792393
71.8,0.799270394793928,3.4452994542178206,2.829059194921108,2.6460290594238924,1345784.3224244209,2.489225511716412,2.8568112233858636,1.689955116922484,2176365.4309502495
71.85,0.690421984115503,3.5793781677558196,2.5323391926280894,2.8889561836403166,1078288.9345081898,2.6265467730575778,2.633989604794432,1.9361247889420747,1850106.9968440342
71.9,0.585747254873637,3.698381763109616,2.226513571891445,3.112634508235979,833570.0245558529,2.752439930394138,2.400091625399517,2.166692675520501,1536117.2827501055
71.95,0.481072525631772,3.8019198272261026,1.914097271756106,3.3208473015943305,616054.8824353627,2.866408234359535,2.1573274841513723,2.385335708727763,1241083.1663666372
72.0,0.378560528519866,3.8897189791106443,1.5973191129707305,3.5111584505907785,429017.26705031836,2.9680587351109544,1.9077200919608215,2.5894982065910885,970505.5864722681
72.05,0.279960889530697,3.961613966341892,1.2782619017265158,3.681653076811195,274745.81478245056,3.057100103033796,1.6532956176958138,2.777139213503099,728903.039864582
72.1,0.1813612505415,4.017536706383333,0.9586856910326538,3.836175455841833,154541.05972646025,3.133337721926319,1.3958288079217473,2.9519764713848193,519556.81627313234
72.15,0.0869711511207408,4.057499125571785,0.6400921564066381,3.970527974451044,68893.20771340259,3.1966591260286,1.136920480039381,3.109687974907859,344690.18078212714
72.2,-0.0044449732465706,4.081584160956874,0.3237814533706713,4.086029134203445,17627.687048531283,3.2470308358997215,0.8780665102557597,3.2514758091462923,205600.21238206085
72.25,-0.0958610976138824,4.089931873740933,0.0107373089233046,4.185792971354815,19.385735911841074,3.284486378603787,0.6204403509059924,3.3803474762176693,102652.32774196025
72.3,-0.180440191919188,4.082726362304489,-0.2982088770436564,4.263166554223677,14953.144495955585,3.3091137423827313,0.36513636733009186,3.4895539343019193,35553.21779920421
72.35,-0.263518474747492,4.060190423328389,-0.6023962121303552,4.323708898075881,61017.70375814183,3.321054620396546,0.11310112999908306,3.5845730951440378,3411.1641618851963
72.4,-0.346126215629535,4.022573224666812,-0.9014004058611458,4.368699440296346,136623.96782046705,3.3204888936565666,-0.13503830494959213,3.6666151092861017,4862.75834764241
72.45,-0.419401541244583,3.97014360689423,-1.1948164930636174,4.389545148138813,240045.63501770445,3.3076270496279196,-0.3786097402023835,3.7270285908725027,38225.422766964366
72.5,-0.492676866859631,3.9031899946150483,-1.482330261850919,4.395866861474679,369471.84139677417,3.2827129558253767,-0.6170834448950466,3.775389822685008,101544.52745694348
72.55,-0.562998756132758,3.822012289074735,-1.763743263557594,4.385011045207492,523072.7931134071,3.246008641583292,-0.8501650658169521,3.80900739771605,192741.503769478
72.6,-0.625874658008669,3.7269219039866206,-2.0387822978580274,4.35279656199529,698929.0690598815,3.1977926851519443,-1.0774761403705342,3.823667343160613,309587.9554847422
72.65,-0.688750559884562,3.6182446451310124,-2.307185731729292,4.306995205015575,895068.9874694603,3.1383615939649236,-1.2987552281449668,3.8271121538494857,449804.03803570266
72.7,-0.746544307581226,3.4963186223257527,-2.5686698682779383,4.242862929906979,1109450.6217886761,3.068020797744307,-1.513817824398596,3.8145651053255327,611105.174791173
72.75,-0.79949412707581,3.3614999195491198,-2.82281573862406,4.16099404662493,1339850.848822408,2.987087951820175,-1.7223928553251373,3.786582078895985,791103.2394866878
72.8,-0.852443946570394,3.21416665195341,-3.069183392083411,4.066610598523804,1583933.974711345,2.8958924906202075,-1.9243096100245412,3.7483364371906016,987457.9933954139
72.85,-0.899019530685927,3.0547205845938885,-3.307207096472998,3.9537401152798157,1839137.4067195503,2.7947716795704305,-2.119344781241933,3.6937912102563573,1197765.9471406443
72.9,-0.943378736462095,2.8835968755314343,-3.5361721182228583,3.826975611993529,2102607.389697428,2.6840777076091076,-2.307197849919,3.6274564440712025,1419509.8449788953
72.95,-0.987737942238264,2.7012660860604547,-3.755372571214365,3.6890040282987187,2371359.810316714,2.5641748572653813,-2.487672796573473,3.5519127995036452,1650270.9180831157
73.0,-1.025157262853,2.508237415833902,-3.963901668192731,3.5333946786869017,2642026.323414638,2.4354392177101727,-2.660418974208744,3.4605964805631726,1887421.098221308
73.05,-1.06237666908037,2.3050706469662168,-4.160746351505693,3.3674473160465865,2910944.179273739,2.298268481933786,-2.825033220845942,3.3606451510141557,2128216.7197021856
73.1,-1.09826030303031,2.0923734830828127,-4.344948573497305,3.1906337861131226,3174392.880452615,2.153076560576196,-2.9812068212444656,3.251336863606506,2370025.096275875
73.15,-1.12911888888889,1.870805628376679,-4.515359934868449,2.999924517265569,3428278.8991057356,2.000296514904728,-3.1284562376302167,3.129415403793618,2609930.2482046434
73.2,-1.15997747474748,1.641086618569396,-4.670825867560201,2.8010640933168762,3668417.434407382,1.840387811174145,-3.266292968319073,3.000365285921625,2844978.6013041656
73.25,-1.18786966040463,1.4039906307621626,-4.810239115683149,2.5918602911667925,3890672.9586590524,1.6738318371388128,-3.394252126348584,2.861701497543443,3072252.6659258357
73.3,-1.21195564306358,1.1603507244339337,-4.932375265078977,2.372306367497514,4090756.392605159,1.5011374365948393,-3.5117208728569644,2.713093079658419,3288582.2636958086
73.35,-1.23604162572255,0.9110591182584231,-5.03615716009637,2.147100743980973,4264714.317211874,1.3228434917207588,-3.618166195043086,2.5588851174433085,3490967.0973206838
73.4,-1.25475060606061,0.6570587865762664,-5.120519150969216,1.9118093926368762,4408789.715034537,1.1395144930997014,-3.7129917989107457,2.3942650991603114,3676348.8263409217
73.45,-1.27081121212121,0.39934884169270624,-5.184391995749223,1.6701600538139163,4519465.320391917,0.9517494417726996,-3.79551168670738,2.2225606538939098,3841575.7237152806
73.5,-1.28687181818182,0.13897303093789876,-5.227069230279064,1.4258448491197186,4594178.866719703,0.7601761316150589,-3.865266337639541,2.047047949796879,3984075.6962371706
73.55,-1.29519460535844,-0.1229919124004421,-5.247787440892662,1.1722026929579978,4630670.367774962,0.5654460151127823,-3.9216315421744317,1.8606406204712223,4101118.3873539767
73.6,-1.30263848660391,-0.3854293179779843,-5.245935174315759,0.9172091686259257,4627402.048571594,0.3682462981121825,-3.964002145223148,1.6708847847160926,4190216.8019556585
73.65,-1.30894028901734,-0.6472074863193317,-5.22141989971617,0.6617328026980084,4584253.607040532,0.1692834210459574,-3.9921206434402414,1.4782237100632973,4249873.928475128
73.7,-1.30798653179191,-0.9071906081725898,-5.174076400410392,0.40079592361932015,4501498.085812814,-0.030720626942532997,-4.005536057854422,1.2772659048493769,4278485.096205852
73.75,-1.30703277456647,-1.1642365720474477,-5.104033407139181,0.14279620251902236,4380446.817012765,-0.23102002248254364,-4.003947837324924,1.0760127520839264,4275092.875738383
73.8,-1.30294794945848,-1.4172248121851214,-5.011855341462487,-0.1142768627266415,4223655.130998525,-0.43086511344979117,-3.9873478806280302,0.8720828360086887,4239718.165639692
73.85,-1.29348585559567,-1.6650618334464662,-4.898073491427763,-0.3715759778507961,4034056.6201710347,-0.6295020869406605,-3.9555907744486687,0.6639837686550096,4172452.8999742456
73.9,-1.28402376173285,-1.9066869556388948,-4.763589912321417,-0.6226631939060447,3815576.18233927,-0.8261735167624733,-3.908799196963508,0.45785024497037674,4074322.9765820173
73.95,-1.26897406204906,-2.1410937015821334,-4.609488952835505,-0.8721196395330735,3572703.3098203745,-1.0201351089783772,-3.8471997911224416,0.2488389530706827,3946918.9954166827
74.0,-1.25016814574315,-2.367326720916405,-4.436848349829911,-1.1171585751732551,3310095.815128639,-1.210649333531747,-3.7709563180520558,0.039518812211402965,3792029.747375125
74.05,-1.23136222943723,-2.584494218519648,-4.24715399161288,-1.353131989082418,3033104.761810106,-1.3969957636467556,-3.6806188788298524,-0.16563353420952565,3612521.4216529923
74.1,-1.2046906512301,-2.7917811939300576,-4.041809809789455,-1.5870905426999575,2746901.854854363,-1.5784837522263337,-3.576638627299696,-0.37379310099623364,3411291.6987446016
74.15,-1.17636214182344,-2.9884379774275946,-3.822234561877933,-1.8120758356041546,2456552.5889069997,-1.7544401282285222,-3.4594923163691393,-0.5780779864050822,3191489.889871231
74.2,-1.14749734296029,-3.1737972571249955,-3.5902157720533148,-2.0262999141647056,2167367.1982562,-1.9242288355250066,-3.3300998767389176,-0.7767314925647166,2957217.3837484145
74.25,-1.11051900361011,-3.347277571896506,-3.347279184050759,-2.236758568286396,1883975.5785764568,-2.0872572870837343,-3.1891415624064186,-0.9767382834736242,2712166.374684814
74.3,-1.07354066425993,-3.508369032283856,-3.094970890062247,-2.434828368023926,1610662.4448943539,-2.242963195379765,-3.037396669069025,-1.1694225311198347,2460207.6067390954
74.35,-1.03437926315789,-3.65664744997115,-2.8350263100189794,-2.62226818681326,1351467.426521931,-2.3908355438647235,-2.875968032665866,-1.3564562807068334,2205651.2333109253
74.4,-0.989924684931508,-3.7917689065817575,-2.5689128207337157,-2.8018442216502493,1109660.5020100174,-2.530413357482143,-2.7057419179385893,-1.5404886725506348,1952277.1537306658
74.45,-0.945470106705123,-3.913460412112907,-2.298093751321213,-2.967990305407784,888028.448961834,-2.6612798978469394,-2.5277241336116614,-1.7158097911418164,1703837.1455047533
74.5,-0.89773959015207,-4.021523680316868,-2.0239927271346008,-3.123784090164798,688825.6180975336,-2.7830740862625114,-2.343004032846652,-1.8853344961104415,1463911.4394495136
74.55,-0.846960806661846,-4.115825228169354,-1.7478178299828033,-3.268864421507508,513669.4368831741,-2.8954842905814777,-2.152521246795634,-2.048523483919632,1235559.391441768
74.6,-0.796182023171608,-4.1962906790217644,-1.4707480222788811,-3.4001086558501563,363720.6357215246,-2.998247641772495,-1.9573205519342147,-2.2020656186008867,1021627.6648064158
74.65,-0.741214810382115,-4.262902081296507,-1.1937946844147973,-3.521687270914392,239635.2358891295,-3.091153556396223,-1.7583494925329832,-2.349938746014108,824478.1167709334
74.7,-0.684895776496033,-4.315686286391348,-0.9178022152848608,-3.6307905098953155,141641.2003556833,-3.174033817495428,-1.556447620294257,-2.489138040999395,646007.7852585749
74.75,-0.628576742609951,-4.354712013776641,-0.6435848255073857,-3.72613527116669,69647.09182624507,-3.2467650504251493,-1.3525444836218377,-2.618188307815198,487833.7547135636
74.8,-0.56755619175109,-4.380084586219263,-0.37175052934188096,-3.8125283944681736,23237.777366194427,-3.309267114320844,-1.1473683659885217,-2.7417109225697542,351054.44460564543
74.85,-0.506449462373361,-4.391935111832977,-0.10279235210085202,-3.885485649459616,1776.6955018296633,-3.3614916455122947,-0.9415723815124712,-2.855042183138934,236415.61323388448
74.9,-0.444515705627697,-4.390419613861319,0.16282397658037523,-3.9459039082336216,4457.877289333956,-3.403425844294683,-0.7358608629618757,-2.958910138666986,144397.6559037324
74.95,-0.379615272727266,-4.375713728788163,0.42478401160230833,-3.9960984560608974,30340.84832379198,-3.435087990073833,-0.5307606105841904,-3.055472717346567,75121.82019938738
75.0,-0.314714839826835,-4.3480064397013525,0.6828347051038606,-4.033291599874517,78401.17426527308,-3.4565201636324914,-0.3267511029332597,-3.1418053238056562,28471.008871493785
75.05,-0.248738911207518,-4.307499186235102,0.9367530106049271,-4.058760275027584,147550.8074430716,-3.467789072267567,-0.12429581315400823,-3.219050161060049,4119.8531113643
75.1,-0.1814270529284,-4.254402590483424,1.186386702876831,-4.072975537555024,236670.39534185673,-3.468981627082654,0.07625020246653841,-3.287554574154254,1550.4249003168268
75.15,-0.114115194649301,-4.1889342724728795,1.4315968469558877,-4.074819077823578,344613.9563647133,-3.4602013513993604,0.2745618096246734,-3.3460861567500593,20102.449947833444
75.2,-0.0461210329479701,-4.111318863468511,1.6722506723413584,-4.065197830520541,470212.48238296696,-3.4415675214091497,0.470351925646339,-3.3954464884611797,58994.915722458456
75.25,0.0221942127167638,-4.021787234022167,1.9082233503157076,-4.043981446738931,612279.6243814764,-3.4132120543268956,0.663391055440505,-3.435406267043659,117356.71798359127
75.3,0.0905094583814977,-3.9205769881891808,2.1393685322817695,-4.011086446570679,769595.6467328557,-3.375277737711399,0.8534733408795209,-3.4657871960928968,194244.46495788023
75.35,0.158312424242436,-3.807933876397558,2.3655036315272207,-3.9662463006399937,940889.5251532451,-3.327917231072161,1.0404071954900243,-3.486229655314597,288652.5686473114
75.4,0.226065959595969,-3.6841137142385016,2.586412759419319,-3.9101796738344707,1124830.4475054326,-3.271292250923245,1.2240289507157318,-3.4973582105192142,399532.4992507348
75.45,0.293539202312145,-3.54938389526013,2.8018433318743803,-3.842923097572275,1320015.6813825513,-3.2055718392721158,1.4042021130684543,-3.4991110415842606,525808.9531589099
75.5,0.359290647398844,-3.4040262378515447,3.011461237876413,-3.7633168852503887,1524916.1023452703,-3.1309322713366594,1.5807627509793358,-3.4902229187355034,666349.5666356687
75.55,0.425042092485544,-3.2483410362620835,3.2148821608524174,-3.6733831287476275,1737886.9136433909,-3.0475582716059617,1.753561907019251,-3.4726003640915057,819994.4964663979
75.6,0.489442952243134,-3.082648560723561,3.4116693724750022,-3.5720915129666952,1957155.212444767,-2.9556411260850335,1.9224590123301553,-3.4450840783281675,985559.6410905164
75.65,0.551563791606373,-2.9072938522792997,3.6012698372674894,-3.458857643885673,2180734.139329034,-2.8553808521341786,2.087247518747253,-3.4069446437405517,1161760.5878710835
75.7,0.613684630969613,-2.7226511087159526,3.7830974689029753,-3.3363357396855657,2406503.273844199,-2.746987960617651,2.2477408487192028,-3.360672591587264,1347290.3794669125
75.75,0.672582989898991,-2.5291248889527242,3.956476664097658,-3.2017078788517153,2632137.7413997147,-2.6306822624998722,2.403704069049987,-3.3032652523988633,1540744.8670846573
75.8,0.729403696969696,-2.327157495956494,4.12061186626319,-3.05656119292619,2855057.196522142,-2.50669836881424,2.5548177678860933,-3.2361020657839363,1740558.3538950614
75.85,0.786224404040417,-2.117230373567205,4.2747470593319665,-2.903454777607622,3072643.961031166,-2.3752856879489954,2.70081871686311,-3.1615100919894124,1945179.1310288259
75.9,0.837430284682089,-1.8998646396517986,4.417970882465908,-2.7372949243338875,3281988.7938053953,-2.2367084040649234,2.8413041167095803,-3.0741386887470123,2152802.422301549
75.95,0.887534692196535,-1.6756315469070975,4.549300636025536,-2.5631662391036327,3480011.43308312,-2.091255083148505,2.975800428474153,-2.9787897753450396,2361436.850695187
76.0,0.937109421965317,-1.4451465552170246,4.667914364692809,-2.3822559771823415,3663845.5324063716,-1.939234098790059,3.1039520647194365,-2.876343520755376,2569204.9120202814
76.05,0.979424450867047,-1.2090694487040876,4.772770190730969,-2.1884938995711347,3830296.9307288695,-1.7809753888438271,3.2251720905081953,-2.760399839710874,2773796.0035714675
76.1,1.02173947976879,-0.9681155824470618,4.862868509206035,-1.9898550622158517,3976275.327054373,-1.6168424117723235,3.3388611610730656,-2.6385818915411132,2972798.360779248
76.15,1.06161505780347,-0.7230413251533053,4.937449094948147,-1.7846563829567752,4099176.8701166976,-1.447222456117054,3.4445597554257663,-2.5088375139205237,3163997.8423196846
76.2,1.09579858381503,-0.47464475134746664,4.995591604009491,-1.5704433351624965,4196287.636051931,-1.2725308608570989,3.541593543478839,-2.3683294446721286,3344769.287256267
76.25,1.12998210982659,-0.22376826920777698,5.036576458852381,-1.353750379034367,4265424.487205124,-1.0932173507385958,3.6293742763315864,-2.223199460565186,3512628.703385981
76.3,1.16018524566474,0.028718020336592598,5.059877789749703,-1.1314672253281473,4304983.095490824,-0.90975631746301,3.707383895115216,-2.06994156312775,3665252.092202579
76.35,1.18688683526012,0.28191553130397873,5.064950193991339,-0.9049713039561413,4313618.703210476,-0.7226524551546013,3.774986410412578,-1.9095392904147213,3800139.306346571
76.4,1.21358842485549,0.5349056157824497,5.051587509675745,-0.6786828090730403,4290887.7834757455,-0.5324385728722298,3.831738410238049,-1.7460269977277199,3915258.4651982966
76.45,1.23534401301519,0.7867649976446696,5.019678078936069,-0.4485790153705205,4236850.376522437,-0.3396672537063534,3.8771753142111507,-1.5750112667215435,4008663.5779008893
76.5,1.25557177874187,1.0365639106913653,4.969208190121937,-0.21900786805050476,4152080.644210818,-0.1449176423856554,3.9108200564783324,-1.4004894211275256,4078536.937107517
76.55,1.27579954446855,1.2833829205793328,4.900574240794589,0.007583376110782858,4038176.9094445934,0.051214852743799916,3.9324749913663024,-1.22458469172475,4123829.2153923735
76.6,1.29043251440922,1.5263244615287241,4.814137471038527,0.23589194711950423,3896981.7393147647,0.24812472066037114,3.9418260388688373,-1.0423077937488487,4143464.6721878373
76.65,1.30505427233429,1.7645084924699295,4.710418488255936,0.4594542201356395,3730872.2733831746,0.44518839112796776,3.93863770162147,-0.8598658812063222,4136764.518569082
76.7,1.3184694143167,1.9970927673689511,4.590294290531359,0.6786233530522512,3543010.6251447294,0.6417802573949195,3.9229599353117823,-0.6766891569217804,4103897.2410830464
76.75,1.32765596529284,2.22327769385508,4.454563344679135,0.8956217285622401,3336581.0083335247,0.8372750639142277,3.894727752160401,-0.49038090137861223,4045041.1369195767
76.8,1.33684251626898,2.4423050591820865,4.304194839538976,1.1054625429131064,3115123.2936340687,1.0310451228987931,3.854025562651455,-0.30579739337018697,3960936.810018897
76.85,1.343135566787,2.6534718324696893,4.140310049979097,1.3103362656826893,2882419.0867422465,1.2224736515174979,3.8010899560628912,-0.1206619152695021,3852875.961088585
76.9,1.34597672202166,2.856127947018473,3.963941738766718,1.5101512249968128,2642079.739495677,1.410952796788518,3.736079738256718,0.06497607476685796,3722211.149496637
76.95,1.34881787725632,3.049678216404942,3.7763074469444944,1.7008603391486221,2397872.491134498,1.595886812570732,3.6593846874302414,0.24706893531441199,3570959.0108263805
77.0,1.34622539797395,3.233590227076053,3.5785670950052757,1.887364829102103,2153325.7007668335,1.7767026726512072,3.5713784952176995,0.43047727467725716,3401265.161627584
77.05,1.34114580318379,3.4073843656481912,3.3717930730411565,2.0662385624644015,1911671.3152904026,1.9528416892174065,3.4723974872327403,0.6116958860336166,3215345.1491574002
77.1,1.33606620839363,3.5706405975696747,3.157280925832525,2.2345743891760446,1676169.1653409514,2.1237706642419254,3.363113445774472,0.7877044558482953,3016141.8797730776
77.15,1.3221326984127,3.7230004382739454,2.9360474892357558,2.4008677398612455,1449497.75482344,2.288988347048423,3.243951957957034,0.9668556486357232,2806193.148142207
77.2,1.30745015873016,3.8641495027014585,2.70905994177996,2.5566993439712986,1234038.2590688097,2.4480088392891695,3.115370515931663,1.1405586805590096,2588142.253743018
77.25,1.29113805354559,3.993830451706831,2.4775095322540635,2.7026923981612407,1032100.678591849,2.600382392242919,2.978209347913998,1.3092443386973287,2365261.578667286
77.3,1.26559174384949,4.111838214037361,2.242222384456867,2.8462464701878707,845373.7594658437,2.745694731347456,2.8329476883452447,1.4801029874979659,2140158.0279735113
77.35,1.2400454341534,4.218004344276245,2.004028860537072,2.9779589101228456,675304.0255823097,2.8835520439312723,2.680177881096119,1.6435066097778723,1915560.9264845022
77.4,1.21009526695527,4.312208039241245,1.7638470892397187,3.1021127722859747,523134.37802675,3.013601060412079,2.5207200034842767,1.8035057934568088,1694407.822924206
77.45,1.17314,4.394366361232045,1.5222997980615591,3.221226361232045,389665.33736994833,3.1355212753897432,2.3550957968325807,1.9623812753897432,1479060.3232689304
77.5,1.13618473304473,4.464426785002404,1.2800723795829911,3.328242051957674,275524.64340384345,3.2490198313200485,2.18402023924896,2.112835098275318,1271985.1747864226
77.55,1.09225709616774,4.522372472327044,1.0377733332239287,3.430115376159304,181090.8090370191,3.3538441670967782,2.0081957467372975,2.261587070929038,1075426.7085903392
77.6,1.04394617787418,4.5682100029673895,0.7958228138635552,3.5242638250932092,106493.76101779254,3.449768904943679,1.8281391162211733,2.4058227270694985,891224.700868782
77.65,0.995635259580618,4.601969512491087,0.5547524877412565,3.6063342529104694,51747.564233426005,3.536600389300375,1.64461737002848,2.540965129719757,721271.0116798385
77.7,0.938437125541124,4.62370583776073,0.31491440876537025,3.685268712219606,16675.40764538454,3.6141823150402086,1.4581949634057254,2.6757451894990845,567022.0136804866
77.75,0.879646,4.633485909591888,0.07656944335260918,3.753839909591888,985.8307830174217,3.682379682999437,1.2693568360452145,2.802733682999437,429671.1405905914
77.8,0.820152640433196,4.631394182752271,-0.15989546729417675,3.8112415423190753,4298.96293294084,3.741089961392725,1.0788324969930523,2.920937320959529,310367.88175153715
77.85,0.752121593501796,4.617530816202248,-0.39429545577322633,3.8654092227004524,26141.7669787373,3.7902423203804454,0.887069790672734,3.0381207268786494,209838.08360644482
77.9,0.684090546570396,4.592001782619465,-0.626470153278857,3.907911236049069,65992.13288270842,3.8297836231108984,0.6945036446836095,3.1456930765405025,128622.74999435128
77.95,0.613797529963903,4.554924998064641,-0.8561757340444403,3.9411274681007384,123258.59839091149,3.8596889457901757,0.5017094046901229,3.245891415826273,67123.28713453801
78.0,0.538374425270763,4.506427227494864,-1.0833023459992988,3.9680528022241015,197328.93077657797,3.8799568992777878,0.30905234437981594,3.3415824740070246,25470.22708444276
78.05,0.462951320577602,4.446639883433311,-1.3077240906424337,3.9836885628557086,287556.8012782905,3.8906028410166305,0.11691056638746458,3.4276515204390283,3644.8214754767373
78.1,0.384691589595363,4.375702348540813,-1.5292957712803787,3.9910107589454498,393255.10642365296,3.8916629484227676,-0.07433513764180083,3.5069713588274047,1473.5233835267932
78.15,0.303976271676295,4.293759276880315,-1.7479306507624934,3.98978300520402,513735.7532415307,3.8831886525099635,-0.2644247291648296,3.5792123808336687,18645.449971704933
78.2,0.223260953757227,4.200960435394384,-1.9634974820251363,3.977699481637157,648264.2807414621,3.8652444309264125,-0.45308067477465175,3.6419834771691857,54741.89276113434
78.25,0.140355726011563,4.097462968223879,-2.1758585543153166,3.957107242212316,796072.671162266,3.8379083712080355,-0.6400722917369184,3.6975526451964726,109251.34363982687
78.3,0.0567889630057578,3.983430301107906,-2.384876505978467,3.926641338102148,956363.9253274011,3.8012678160844904,-0.8252297853044579,3.7444788530787325,181601.11961430445
78.35,-0.0267778000000238,3.85903433357509,-2.5903531506037445,3.8858121335751137,1128260.4091300298,3.7554189762324497,-1.008374633339603,3.7821967762324733,271151.8403100744
78.4,-0.110777149240799,3.724457878744585,-2.7920554945063136,3.8352350279853837,1310809.2197571413,3.7004664074913167,-1.189358007416036,3.8112435567321157,377219.32528123824
78.45,-0.194776498481575,3.5798962036755904,-2.9897115487146406,3.7746727021571655,1502968.8285712774,3.6365212757868766,-1.3680567628961773,3.8312977742684518,499087.81506825803
78.5,-0.278260608664267,3.425559762491644,-3.182983857843741,3.703820371155911,1703571.1146241268,3.563700907826986,-1.5443459283878544,3.841961516491253,636001.1590741718
78.55,-0.360058081588468,3.2616779781623375,-3.3714448062483284,3.6217360597508055,1911276.4291035675,3.4821293269744027,-1.718077124533551,3.8421874085628707,787143.7348921269
78.6,-0.441855554512647,3.088503355087121,-3.5546198797241377,3.5303589095997676,2124602.6859877785,3.3919380775132373,-1.8891156258470843,3.833793632025884,951668.7594185657
78.65,-0.521208587852499,2.9063132870680763,-3.7319553734012643,3.4275218749205756,2341878.0659887344,3.2932652301870533,-2.0573062034848713,3.814473818039552,1128669.017305956
78.7,-0.597737872017353,2.715416578345375,-3.9027636413316458,3.313154450362728,2561155.1979555143,3.1862586503015713,-2.2224249166811987,3.7839965223189242,1317112.6694094487
78.75,-0.674267156182207,2.5161571118913835,-4.066359974021033,3.1904242680735906,2780372.8504983606,3.07107712574086,-2.3842799929605163,3.745344281923067,1515944.28928848
78.8,-0.745239659682094,2.3089144084043927,-4.221925396860768,3.0541540680864867,2997177.7861275957,2.9478896291745595,-2.542595553715832,3.6931292888566536,1723944.5732734713
78.85,-0.813807940028916,2.094114151030831,-4.368516172676333,2.9079220910597474,3208922.963048009,2.8168825420845356,-2.6970119653521327,3.630690482113452,1939699.6110006864
78.9,-0.882376220375738,1.8722259391001272,-4.505319412873549,2.754602159475865,3413049.3539570617,2.6782579429828433,-2.847257052141329,3.560634163358581,2161832.7255916083
78.95,-0.942152017316023,1.6437628878959882,-4.631282129278951,2.5859149052120114,3606565.8974705427,2.532234082676643,-2.9928656052837823,3.474386099992666,2388598.5416775094
79.0,-1.00126601443001,1.4092967311594238,-4.745307509129669,2.410562745589434,3786344.4306948595,2.3790574590428064,-3.1333086714551692,3.3803234734728163,2618032.8614976425
79.05,-1.05877458483755,1.1694451183321077,-4.846557595286072,2.228219703169658,3949645.812350797,2.2189958891819903,-3.268190334114229,3.2777704740195404,2848284.81599938
79.1,-1.10772765342961,0.9248725366081822,-4.9339169689899425,2.032600190037792,4093314.0734112123,2.0523420156435144,-3.3968545829995622,3.1600696690731245,3076965.615478702
79.15,-1.15668072202167,0.6763019643409773,-5.006369721285101,1.8329826863626473,4214414.366267429,1.8794250539536699,-3.518640986154564,3.03610577597534,3301555.8371858043
79.2,-1.20168727404194,0.42449690780069105,-5.063148005936713,1.626184181842631,4310549.544085545,1.7006020404719566,-3.6329791320531672,2.9022893145138964,3519609.966382343
79.25,-1.24046890817064,0.17026431702477263,-5.103303994308189,1.4107332251954126,4379194.895032382,1.516264585965008,-3.739069729583875,2.7567334941356476,3728171.318050782
79.3,-1.27925054229936,-0.08554513990350276,-5.1261675145328836,1.1937054023958573,4418521.611820459,1.3268441795755486,-3.836214378035528,2.606094721874909,3924410.8677990697
79.35,-1.31150563898917,-0.34205473314741897,-5.131177718476707,0.969450905841751,4427162.965343002,1.13280437369844,-3.9236858044626644,2.44431001268761,4105416.077904487
79.4,-1.33979444765343,-0.5983551960121379,-5.1177348418026325,0.7414392516412921,4403996.413480707,0.9346513653300272,-4.000612796464347,2.2744458129834575,4267974.065929143
79.45,-1.36808325631769,-0.8535182950003853,-5.085707004722525,0.5145649613173046,4349046.666170692,0.7329290988836807,-4.066382391398279,2.1010123552013704,4409457.534153063
79.5,-1.38690431670282,-1.1066121912954447,-5.034867598431657,0.28029212540737536,4262530.545815349,0.528212465476201,-4.120194082467009,1.9151167821790211,4526933.140585643
79.55,-1.40408074475778,-1.3566893020951047,-4.965093880621585,0.047391442662675365,4145207.970664775,0.321122722750953,-4.161228240931224,1.725203467508733,4617552.126166284
79.6,-1.42021124187726,-1.6028136784415001,-4.876856406829445,-0.18260243656424002,3999183.504131439,0.11230941577303499,-4.189080986706292,1.532520657650295,4679573.203515777
79.65,-1.42522568231047,-1.8440701424996062,-4.770341976311183,-0.4188444601891361,3826400.486561085,-0.0975533398270789,-4.203016592644636,1.3276723424833912,4710759.594145635
79.7,-1.43024012274368,-2.079550158527036,-4.645973535970259,-0.6493100357833561,3629483.7701143855,-0.30775032437981764,-4.202443479364066,1.1224897983638624,4709474.985933216
79.75,-1.43107241155235,-2.3083851762523575,-4.504674388980945,-0.8773127647000074,3412072.1354361977,-0.5175528953308342,-4.187189307396279,0.913519516221516,4675347.812259662
79.8,-1.42285219494585,-2.529745928002454,-4.347083598001205,-1.1068937330566042,3177513.3186414624,-0.7262165502209409,-4.156779761465614,0.696635644724909,4607684.796088034
79.85,-1.41463197833935,-2.742838236454393,-4.174179937271059,-1.328206258115043,2929771.352181805,-0.9329757546361742,-4.1110700625143295,0.48165622370317573,4506905.882373753
79.9,-1.39900612879884,-2.946928025386289,-3.9871279817473795,-1.5479218965874488,2673078.7149185394,-1.1370694689440644,-4.0501221997649575,0.26193665985477566,4374263.955474384
79.95,-1.37722248191027,-3.1413314835102697,-3.7869068235269365,-1.7641090015999996,2411352.125809882,-1.3377322718640543,-3.9738391945362377,0.03949021004621578,4211039.451741978
80.0,-1.35543883502171,-3.3254221293441,-3.574891353489832,-1.96998329432239,2148904.3759934767,-1.5342044214772748,-3.882623999753532,-0.17876558645556484,4019938.432923231
80.05,-1.32365054190751,-3.4986447754579935,-3.352327604044569,-2.1749942335504837,1889662.748275734,-1.7257513775563695,-3.776818018461439,-0.40210083564885957,3803827.825219998
80.1,-1.28907322976878,-3.6604984095964364,-3.1203737355451886,-2.371425179827656,1637210.8830192897,-1.911648640064347,-3.656762264939099,-0.6225754102955672,3565842.7366086747
80.15,-1.25433738284065,-3.8105513301797047,-2.8805672336453814,-2.556213947339055,1395235.2113555113,-2.091205612011236,-3.5233907049736164,-0.8368682291705858,3310475.2159718606
80.2,-1.20843615717375,-3.948443998690604,-2.6340923084387624,-2.740007841516854,1166684.3594240227,-2.263776153998568,-3.377331443859409,-1.055339996824818,3041698.048448395
80.25,-1.16253493150685,-4.073868793634929,-2.3821060379717895,-2.911333862128079,954143.2345125064,-2.4287395991195764,-3.2193247893563903,-1.2662046676127263,2763747.226497218
80.3,-1.11438561822124,-4.186586059496226,-2.1260020558717336,-3.072200441274986,760009.0358125677,-2.585529894015495,-3.0505953609318954,-1.4711442757942552,2481635.214970454
80.35,-1.05911736080982,-4.28641832588749,-1.8668538682622955,-3.22730096507767,586019.4673726483,-2.7336361263566213,-2.8720875990407624,-1.6745187655468012,2199703.2470836616
80.4,-1.0038491033984,-4.373238426370961,-1.6057177099956084,-3.3693893229725616,433540.6157739636,-2.872593784522151,-2.6848865649141205,-1.868744681123751,1922297.564388359
80.45,-0.945137394355999,-4.446974652492546,-1.3436491383942768,-3.5018372581365473,303573.0061819669,-3.002000747118163,-2.490242416414682,-2.0568633527621643,1653681.944669556
80.5,-0.882604471056435,-4.50760191954775,-1.0814895774332571,-3.624997448491315,196669.07364302524,-3.121511938434543,-2.289231272001885,-2.238907467378108,1397487.9511230316
80.55,-0.820071547756854,-4.555135811342179,-0.8200551177444585,-3.735064263585325,113077.83423368739,-3.23083760186454,-2.083039775892318,-2.410766054107686,1157081.2554532047
80.6,-0.753837317460303,-4.589631306404952,-0.5600474726349147,-3.8357939889446486,52740.11576853571,-3.3297485617642355,-1.8728036228712934,-2.5759112443039323,935304.9092906247
80.65,-0.686091285714281,-4.6111737312700285,-0.30202408588961704,-3.9250824455557476,15338.205513019651,-3.418067517429683,-1.6595358540596605,-2.731976231715402,734415.8002425405
80.7,-0.618345253968258,-4.619875617530436,-0.0465087778298674,-4.001530363562178,363.71503138476396,-3.495669443627412,-1.4443000604846408,-2.877324189659154,556267.3772575833
80.75,-0.547525989884397,-4.615873011727007,0.20610725986376988,-4.06834702184261,7142.955991401455,-3.5624800290812417,-1.2280096343057185,-3.014954039196845,402135.3765193772
80.8,-0.476503591040445,-4.599318264160765,0.4555258620499625,-4.1228146731203195,34891.32585004133,-3.6184664372726054,-1.0114749554206515,-3.1419628462321603,272821.7561181891
80.85,-0.405243808664243,-4.570378213635986,0.7014813643955272,-4.165134404971743,82741.55364171443,-3.6636367988612126,-0.7954907899619734,-3.2583929901969695,168748.1591771532
80.9,-0.332825036101074,-4.529230951329176,0.9437907633121094,-4.196405915228103,149776.21134373566,-3.698035765997921,-0.5807162162978248,-3.365210729896847,89928.35303233654
80.95,-0.260406263537905,-4.4760622148366345,1.182318178174777,-4.2156559512987295,235049.93163942965,-3.7217380913017726,-0.3677165159498301,-3.4613318277638676,36057.44962727511
81.0,-0.188183439306362,-4.411064197751723,1.4169436076984472,-4.222880758445361,337595.4058855956,-3.7348454926917434,-0.1569963729740298,-3.5466620533853814,6572.76296720018
81.05,-0.116254537572236,-4.3344346420974516,1.6475628486480332,-4.218180104525215,456431.2552030593,-3.737482803380363,0.05102372073010597,-3.621228265808127,694.2453539050255
81.1,-0.0443256358381314,-4.246376315026768,1.8740783540185242,-4.202050679188637,590563.8843568875,-3.729793756434513,0.25600949020127206,-3.685468120596382,17477.562419497393
81.15,0.0262995074368369,-4.147097249633654,2.0963670140651867,-4.173396757070491,738968.6775155716,-3.7119372497940484,0.45767508548757085,-3.738236757230885,55857.72903361475
81.2,0.0961655002166125,-4.036812701127731,2.3142696378692915,-4.1329782013443435,900573.8053682896,-3.684085622634267,0.6557811038606323,-3.7802511228508795,114679.69498151183
81.25,0.166031492996388,-3.915746310029146,2.527609713553323,-4.081777803025534,1074265.0006352433,-3.6464211676882905,0.850167756446411,-3.8124526606846785,192742.72376029973
81.3,0.232831141720909,-3.7841320898934896,2.736126416861367,-4.016963231614398,1258820.230025317,-3.599133657061948,1.040668070271942,-3.831964798782857,288797.34199560736
81.35,0.299139890817073,-3.6422194754393815,2.939493073099447,-3.9413593662564543,1452901.8527813077,-3.5424215507787955,1.2271385131899752,-3.8415614415958683,401565.04814776086
81.4,0.365011484848489,-3.490274314790567,3.137366149825304,-3.8552857996390557,1655090.737919073,-3.4764881462882897,1.4095097140126012,-3.8414996311367786,529791.3690389027
81.45,0.426766535353537,-3.328582374806556,3.329266000480997,-3.7553489101600928,1863753.1335847373,-3.401541104964336,1.5876503286756944,-3.8283076403178726,672168.9509717443
81.5,0.488521585858586,-3.157456308144117,3.514648828204237,-3.6459778940027032,2077089.7947682312,-3.317795615848728,1.7614412339178616,-3.806317201707314,827380.0588122878
81.55,0.548563207820434,-2.977235476206576,3.6929510064878985,-3.5257986840270097,2293181.805647759,-3.2254707867804164,1.9308039333819829,-3.7740339946008503,994134.3544435564
81.6,0.605029898624199,-2.7882911099325813,3.86345724890368,-3.3933210085567804,2509826.018714971,-3.1247918340352996,2.0955695858960786,-3.7298217326594987,1171043.17048871
81.65,0.661496589427963,-2.5910320010206225,4.025427997553302,-3.2525285904485854,2724680.1078634947,-3.0159930485583963,2.255581484542425,-3.6774896379863593,1356706.088909496
81.7,0.71454764553315,-2.3859038007260316,4.178068400128189,-3.1004514462591817,2935232.35938011,-2.8993160039549846,2.4106532207213704,-3.6138636494881347,1549666.3868198178
81.75,0.7649366945245,-2.1733960214521706,4.320457079629239,-2.938332715976671,3138707.0695882146,-2.7750147910442853,2.560499799904726,-3.5399514855687855,1748309.1267499048
81.8,0.815325743515865,-1.9540432326941712,4.45173869275501,-2.7693689762100364,3332350.877958308,-2.6433572164542163,2.7048736915432445,-3.4586829599700812,1951024.4499207414
81.85,0.860481450144518,-1.7284233075824156,4.570951842782752,-2.5889047577269335,3513214.665383527,-2.504624567120264,2.8434170377458248,-3.365106017264782,2156005.453478198
81.9,0.90421230274567,-1.4971661955832118,4.677079038367148,-2.401378498328882,3678246.3583132816,-2.3591200307151166,2.9756880207850678,-3.2633323334607867,2361258.452545001
81.95,0.947811517341041,-1.26094719351512,4.7693030467819275,-2.208758710856161,3824733.969745116,-2.207166107610695,3.101337564575127,-3.154977624951736,2564878.583851942
82.0,0.984229147398842,-1.0204843222101578,4.846625043190597,-2.004713469609,3949755.74488831,-2.049105848367838,3.219811009133404,-3.03333499576668,2764582.115876445
82.05,1.02064677745665,-0.7765487824123165,4.9081080875053456,-1.7971955598689664,4050602.5516555053,-1.8853144067449294,3.33052035591859,-2.9059611842015793,2957964.2243168247
82.1,1.05502466763006,-0.5299483398484893,4.9531088302999065,-1.5849730074785495,4125220.205537331,-1.716190852768429,3.4330073733769226,-2.7712155203984894,3142810.5668427516
82.15,1.08328333815029,-0.28152603995356607,4.980828968800685,-1.364809378103856,4171523.109308621,-1.542161966429309,3.526596572258693,-2.625445304579599,3316502.235591137
82.2,1.11154200867052,-0.03216332616509843,4.990685699135754,-1.1437053348356185,4188049.7811191455,-1.3636897668437569,3.610673071363616,-2.4752317755142768,3476522.674205432
82.25,1.13545553545586,0.21723864501216966,4.982319100969109,-0.9182168904436903,4174019.5012405007,-1.1812624148522297,3.684685740001375,-2.3167179503080897,3620509.0673518614
82.3,1.15469938494936,0.4657577314626994,4.955311745548668,-0.6889416534866607,4128890.438379079,-0.9954007740887678,3.7479256404261405,-2.1501001590381277,3745852.428310319
82.35,1.17394323444284,0.7124582710942065,4.909622148231152,-0.46148496334863354,4053102.0093148416,-0.8066580120408156,3.799879117688205,-1.9806012464836555,3850421.6824114383
82.4,1.18605268398269,0.9564086169053895,4.845263412936711,-0.22964406707730045,3947536.7362394743,-0.6156106230268882,3.8399698973293312,-1.8016633070095782,3932098.3499721163
82.45,1.19536004329004,1.1966742340701924,4.762292332814693,0.00131419078015238,3813497.7754086717,-0.42286947223894966,3.8675576534615916,-1.6182295155289896,3988800.5874264888
82.5,1.2046674025974,1.4323371423399431,4.661288113631993,0.22766973974254312,3653451.0276787193,-0.2290678592680733,3.8823698053365083,-1.4337352618654733,4019412.0814369703
82.55,1.20401316931983,1.6625088720647136,4.542643245741128,0.4584957027448837,3469833.6741594356,-0.03485410972699343,3.8838892272319185,-1.2388672790468234,4022558.8078421736
82.6,1.20279030390738,1.8863161348506516,4.406886180895597,0.6835258309432717,3265540.415711128,0.15909183957270584,3.8716604335773606,-1.043698464334674,3997267.8701142496
82.65,1.19963080028839,2.1029297996796483,4.255074293393272,0.9032989993912584,3044427.8759834273,0.3520827706823621,3.845687117630364,-0.8475480296060278,3943815.8417888368
82.7,1.18776706560923,2.3115690068369448,4.0879959334130005,1.1238019412277147,2810038.7291488443,0.5434267533697718,3.8056915884066718,-0.6443403122394583,3862210.2576184794
82.75,1.17590333093007,2.511491446435512,3.906644635719109,1.335588115505442,2566251.469241902,0.7324169123530044,3.7516005742982954,-0.4434864185770655,3753201.8317534137
82.8,1.15984908827785,2.7020169390551505,3.712304992291429,1.5421678507773005,2317280.9648188963,0.9183559795240235,3.6836653475777164,-0.24149310875382657,3618504.1047852957
82.85,1.13771450072359,2.8825232616191103,3.5060472640007,1.7448087608955203,2066935.517809319,1.10055377380464,3.6019555856895513,-0.037160726918950004,3459755.7443413762
82.9,1.11557991316932,3.0524447052555526,3.2891718746574536,1.9368647920862325,1819133.3313599755,1.278328377629544,3.506861041902051,0.16274846446022395,3279486.497922757
82.95,1.08731363636363,3.211285352917744,3.062991367657344,2.123971716554114,1577549.3028829948,1.4510248789153173,3.3988718313744393,0.3637112425516873,3080621.2602961697
83.0,1.05565779220779,3.3586083093035275,2.8286776575382357,2.3029505170957374,1345421.3520028903,1.6180077233417545,3.2784167543662175,0.5623499311339644,2866137.7107491
83.05,1.02400194805194,3.4940408373691434,2.587623656639683,2.4700388893172036,1125883.9320260575,1.778672362824272,3.1463130746560335,0.754670414772332,2639809.590333734
83.1,0.984912599277971,3.617278187388147,2.3410185388237763,2.6323655881101757,921512.225432835,1.9324563862539605,3.003254454874473,0.9475437869759895,2405209.9521928984
83.15,0.944732093862813,3.728068529588297,2.0899589873542204,2.7833364357254844,734457.9275566611,2.0788270668488713,2.8499527739658443,1.1340949729860583,2165928.2170228297
83.2,0.903802675108539,3.8262208695918973,1.835700938310261,2.9224181944833583,566624.3777947458,2.2172987727730016,2.6874779168953955,1.3134960976644625,1926010.0143467772
83.25,0.856279882054996,3.911601691452644,1.5792228358703384,3.055321809397648,419351.52439591393,2.3474359169009467,2.5166675619746943,1.4911560348459507,1688964.1646655074
83.3,0.808757089001439,3.9841215056183286,1.3214393628624794,3.1753644166168895,293620.16211096465,2.4688414875638163,2.3384130029275823,1.6600843985623772,1458180.0992695447
83.35,0.759137181818174,4.043739816351636,1.0633012068908465,3.284602634533462,190109.58289921103,2.58117123350981,2.153797478506551,1.822034051691636,1237024.9542456472
83.4,0.705409909090903,4.090457897778691,0.8055339222217297,3.3850479886877882,109108.62008328184,2.68412993942769,1.9637022262594779,1.978720030336787,1028300.3822443812
83.45,0.651682636363632,4.124310932781973,0.5488238007092234,3.472628296418341,50647.41327595727,2.777465870664214,1.769068075195076,2.125783234300582,834560.4945798431
83.5,0.595161233212996,4.145368369842997,0.2937939688392125,3.5502071366300005,14513.66677071718,2.8609769421855766,1.570842332662835,2.2658157089725806,658012.1690894978
83.55,0.536497334296019,4.153726405829779,0.04092377447920609,3.6172290715337603,281.6065556856937,2.934503781251594,1.3698334708548092,2.398006446955575,500384.9967664356
83.6,0.477833435379058,4.149504610158632,-0.20931941717704017,3.6716711747795743,7367.335185339693,2.9979282788233377,1.1668994234479049,2.5200948434442796,363107.80385148077
83.65,0.416139632150614,4.132844563095938,-0.45656032438666727,3.7167049309453244,35049.97653701878,3.051174320164858,0.9627974718397545,2.635034688014244,247194.39247493944
83.7,0.353669320782041,4.103903679307487,-0.7004985489660038,3.7502343585254456,82509.86478167359,3.0941997094080858,0.7581921854389142,2.740530388626045,153294.77068283653
83.75,0.291116556998557,4.062855099898788,-0.9408161395140001,3.7717385429002306,148833.57491135038,3.126996888731718,0.553783453315342,2.8358803317331613,81780.2968442308
83.8,0.226221174603159,4.009886575296987,-1.1772652726440296,3.783665400693828,233045.14612514872,3.1495909828878976,0.35014667159712903,2.923369808284739,32694.051101479396
83.85,0.161325792207779,3.945196844176016,-1.409619947229423,3.783871051968237,334114.61164115695,3.162033045397072,0.14779505063922835,3.000707253189293,5824.900531587219
83.9,0.0960925886002769,3.8689970774609406,-1.6376261839101764,3.7729044888606635,450942.26574538427,3.164400507949641,-0.052759327030879766,3.068307919349364,742.2790903336854
83.95,0.0299078122655026,3.7815105450361504,-1.8610542871508284,3.751602732770648,582384.0588066509,3.156794105033161,-0.2510978073203074,3.1268862927676584,16813.36235761766
84.0,-0.0362769640692714,3.6829719934015492,-2.0796624187607944,3.7192489574708207,727238.869474661,3.1393339141061793,-0.44684869564684637,3.175610878175451,53246.33514701012
84.05,-0.10241424341536,3.5736292492832953,-2.2931742100715993,3.676043492698655,884230.5042160932,3.1121582161478307,-0.6396641028466936,3.2145724595631906,109112.04385884413
84.1,-0.168502087120127,3.4537444891378066,-2.5012911843397054,3.6222465762579334,1052010.0780392408,3.07542149635364,-0.8292430042517256,3.2439235834737667,183371.72269344731
84.15,-0.234589930824893,3.323595458935757,-2.703688462366937,3.55818538976065,1229149.4491529353,3.0292922169248637,-1.0153265175516917,3.2638821477497566,274903.4499316389
84.2,-0.299556189169674,3.1834773673364896,-2.899981953597608,3.4830335565061636,1414106.0684928796,2.973951405597563,-1.1976587740204794,3.273507594767237,382503.0770635301
84.25,-0.364099149458482,3.0337062200452376,-3.089737683999406,3.3978053695037196,1605220.1951009831,2.909592916638514,-1.3759982912047393,3.273692066096996,504899.01263956336
84.3,-0.428642109747308,2.874620019249519,-3.272507827526681,3.303262128996827,1800747.3460918895,2.8364213666372238,-1.550151829675474,3.265063476384532,640792.1853456586
84.35,-0.490579585260125,2.7065810402302275,-3.447741012312504,3.1971606254903526,1998760.0727380887,2.754651624161538,-1.7198730713841832,3.245231209421663,788790.2351126571
84.4,-0.552397143063588,2.5299815475147422,-3.614836200891018,3.0823786905783304,2197195.1977090803,2.6645120695923556,-1.8849143469037297,3.2169092126559438,947440.5587102704
84.45,-0.613497067968184,2.345242869155244,-3.7732043741717876,2.958739937123428,2393933.3437939314,2.5662415431658006,-2.0450747587845797,3.1797386111339847,1115288.2050714153
84.5,-0.67149742950108,2.1528185295236026,-3.9221272560066303,2.8243159590246827,2586632.657349594,2.4600909295250144,-2.2000551255046576,3.1315883590260944,1290731.3480691507
84.55,-0.729497791033992,1.9531997002002373,-4.060877770473232,2.6826974912342294,2772880.992864422,2.3463272607951233,-2.3495616933855556,3.0758250518291153,1472117.3736066134
84.6,-0.785365333093011,1.7469122461532383,-4.188739954679104,2.5322775792462493,2950245.754191802,2.2252307434746017,-2.493309183980355,3.0105960765676127,1657757.516512209
84.65,-0.83831162004326,1.5345209923250394,-4.304886849396857,2.3728326123682995,3116125.0462962175,2.097098909437343,-2.6309025697080943,2.935410529480603,1845772.8883457747
84.7,-0.891257906993509,1.3166312551917911,-4.408575498119564,2.2078891621853,3268044.4926424334,1.9622488575566965,-2.7619939144715553,2.8535067645502057,2034296.1022874415
84.75,-0.939907199710561,1.0938840485378167,-4.499031344924701,2.0337912482483778,3403528.8261533594,1.8210147672145638,-2.8861704317616788,2.7609219669251246,2221327.9363134387
84.8,-0.986222322720702,0.8669625711156907,-4.575425068182065,1.8531848938363926,3520094.2350307247,1.6737555062875447,-3.002925936058397,2.6599778290082465,2404683.78065392
84.85,-1.03253744573083,0.6365859514288321,-4.637160292964407,1.6691233971596622,3615726.8330072695,1.520852065410176,-3.11188888260028,2.553389511141006,2582360.644706992
84.9,-1.0714560115607,0.40350328689700027,-4.683496783943516,1.4749592984577002,3688347.639413064,1.3627058555354326,-3.2124981722457266,2.4341618670961322,2752038.535115236
84.95,-1.1094039884393,0.16850462529683985,-4.713739728027931,1.27790861373614,3736135.2833679467,1.1997514894325574,-3.3041544571523414,2.3091554778718573,2911316.447125249
85.0,-1.14618794945848,-0.06759712090812953,-4.727576757380335,1.0785908285503503,3758102.084259376,1.0324457324690226,-3.3864930842190857,2.1786336819275025,3058222.7758569852
85.05,-1.17410130685921,-0.3039701677214848,-4.724448869407756,0.8701311391377253,3753130.8128318815,0.8612685506591322,-3.458850922762244,2.0353698575183423,3190306.588238194
85.1,-1.20201466425993,-0.5397528540863452,-4.70398065116619,0.6622618101735849,3720681.104818663,0.6867370222854856,-3.520628325715688,1.8887516865454157,3305286.348755107
85.15,-1.22605831768953,-0.7740790307687924,-4.666169099752097,0.45197928692073774,3661106.328010751,0.5093883383303548,-3.571451007167785,1.735446656019885,3401403.2790932767
85.2,-1.24278755956679,-1.0060770397817906,-4.610803125205394,0.23671051978499946,3574740.766605961,0.32978534909299867,-3.610670789556368,1.5725729086597888,3476518.280148162
85.25,-1.25951680144405,-1.234868742283312,-4.53800969429061,0.02464805916073809,3462758.7390241977,0.14852196585998445,-3.6378517406552415,1.4080387673040344,3529057.4098635656
85.3,-1.26951285714286,-1.4595924224437478,-4.448089766249807,-0.19007956530088777,3326890.305838888,-0.03379310922371287,-3.652633454000047,1.235719747919147,3557794.9731414174
85.35,-1.27455253968254,-1.679395600246802,-4.341251041992785,-0.4048430605642621,3168992.391475512,-0.2165260365619294,-3.6544988976537938,1.0580265031206104,3561429.9181207456
85.4,-1.27959222222222,-1.8934467572452272,-4.218173114441132,-0.6138545350230071,2991852.6044431822,-0.39902547711276243,-3.643317646462539,0.8805667451094576,3539670.259473423
85.45,-1.27515212735166,-2.1009519526105285,-4.079445443429487,-0.8257998252588685,2798296.016762171,-0.5806359085623201,-3.618828004977352,0.6945162187893399,3492244.3012288967
85.5,-1.26840104196816,-2.30114051368621,-3.9256763469862204,-1.0327394717180503,2591316.0077674496,-0.7606818451633574,-3.5807577079651693,0.5077191968048026,3419153.5368405264
85.55,-1.26117998558039,-2.493287885998199,-3.7580094299989946,-1.2321079004178088,2374691.1102609416,-0.9384895644325356,-3.5293655798752495,0.3226904211478544,3321712.372375509
85.6,-1.24267962509012,-2.676723259888047,-3.577256561827631,-1.434043634797927,2151748.819314151,-1.1133949886658498,-3.464574672348816,0.12928463642427013,3200874.0427415753
85.65,-1.22417926459985,-2.85081075928927,-3.3843387159879996,-1.6266314946894203,1925923.532454184,-1.2847246541019846,-3.386445934140577,-0.06054538950213462,3058137.6172952657
85.7,-1.20259882778582,-3.014976712620507,-3.1805971973563056,-1.812377884834687,1701017.3338166154,-1.4518265511593391,-3.2955399905854232,-0.24922772337351917,2896155.687879406
85.75,-1.17251923299566,-3.168706720270582,-2.967032078480657,-1.9961874872749221,1480252.7579617577,-1.6140696330164581,-3.1920979765709916,-0.44155040002079815,2717197.1978742983
85.8,-1.14243963820549,-3.311535455150416,-2.744797272799049,-2.1690958169449264,1266811.3402575112,-1.7708355437379382,-3.0766106841388883,-0.6283959055324482,2524142.213802016
85.85,-1.10682685693641,-3.44306309034921,-2.515159826419628,-2.3362362334127997,1063708.35531345,-1.9215417524278626,-2.949789774511241,-0.8147148954914527,2320335.923682954
85.9,-1.0657249783237,-3.562945197634833,-2.279145835193641,-2.4972202193111332,873445.1259811075,-2.0656342518576007,-2.812155381032595,-0.9999092735339008,2108858.1032188213
85.95,-1.02462309971098,-3.670891472237694,-2.037955023459274,-2.646268372526714,698361.9768137295,-2.2025911392582103,-2.6645524198115633,-1.1779680395472303,1893290.5594463088
86.0,-0.975945481936417,-3.766672208521613,-1.7926517501530237,-2.7907267265851963,540360.0762194275,-2.3319364241148297,-2.5077669777683647,-1.3559909421784129,1677038.7239427941
86.05,-0.924522432803454,-3.85010332611669,-1.544144264621998,-2.925580893313236,400928.6953118252,-2.453226440207926,-2.342497491505608,-1.528704007404472,1463278.5327226846
86.1,-0.873099383670505,-3.921051448511004,-1.2935195381028792,-3.047952064840499,281343.8208956402,-2.566062432826556,-2.169801805016857,-1.692963049156051,1255477.299481176
86.15,-0.813025694143153,-3.9794335839945347,-1.041589461185091,-3.166407889851382,182425.08171561436,-2.6700960889907357,-1.9904744751613752,-1.8570703948475829,1056530.303005054
86.2,-0.752647530730287,-4.0252008798546886,-0.7890825084729002,-3.2725533491244017,104697.47994731268,-2.7650124980045816,-1.8053014530770208,-2.0123649672742947,869096.8897285342
86.25,-0.690862736121118,-4.058346562841445,-0.5368537661221089,-3.367483826720327,48462.23102246495,-2.850546671835282,-1.615351774785549,-2.159683935714164,695829.6950140862
86.3,-0.623451416726726,-4.078901251213436,-0.28552053614020406,-3.4554498344867097,13707.747507669355,-2.9264816603734447,-1.4214392445477884,-2.3030302436467185,538797.20691749
86.35,-0.556040097332354,-4.086923275447673,-0.03566161845381716,-3.530883178115319,213.842239334341,-2.9926385412363166,-1.2243993685900292,-2.4365984439039625,399774.35034764325
86.4,-0.486584955234643,-4.082501933137554,0.2121304871344135,-3.5959169779029105,7566.544209793253,-3.0488848737335266,-1.0251523948808723,-2.5622999184988835,280249.9820613301
86.45,-0.414375929963893,-4.065752265072656,0.4574042161491805,-3.651376335108763,35179.666835429525,-3.095129659473695,-0.8244544503959509,-2.6807537295098016,181260.0375407172
86.5,-0.342166904693143,-4.036810823789852,0.6997232224831871,-3.6946439190967095,82327.31856360748,-3.1313189918116167,-0.6230722016012606,-2.789152087118474,103525.05824219788
86.55,-0.268392625451903,-3.9958359872830047,0.9386829419318441,-3.7274433618311016,148159.41240433752,-3.1574377904462705,-0.4217402776599388,-2.8890451649943674,47430.629813515276
86.6,-0.193797542299341,-3.943004172147132,1.1739471961591899,-3.749206629847791,231733.3399702,-3.173504461951044,-0.22109034506787273,-2.979706919651703,13034.91751526161
86.65,-0.119202459146779,-3.8785083997646272,1.40518625624024,-3.7593059406178484,332016.12931394094,-3.179568386782016,-0.021729439357074443,-3.060365927635237,125.91160927274022
86.7,-0.0446552754512614,-3.8025579491795916,1.632083427289764,-3.75790267372833,447894.88731936616,-3.1757082420284677,0.175785802348605,-3.131052966577206,8240.172881958086
86.75,0.029885988086644,-3.7153773848239564,1.8543427290622647,-3.7452633729106006,578191.1059764816,-3.1620286756533744,0.3709731110449197,-3.191914663740018,36698.94643155902
86.8,0.104172619364182,-3.617205843148621,2.0716733400244514,-3.721378462512803,721662.1864887276,-3.1386567983958504,0.5634122684776803,-3.2428294177600323,84648.90247231087
86.85,0.176591947398858,-3.5082977585358193,2.2837422564115277,-3.6848897059346775,876971.6840029985,-3.1057401666799818,0.7526920730821081,-3.28233211407884,151078.76183483773
86.9,0.249011275433534,-3.3889249907453944,2.490209164486008,-3.6379362661789285,1042708.8257371146,-3.0634460939432957,0.9384646085330935,-3.3124573693768298,234857.55239177935
86.95,0.319946519884311,-3.2593761311093856,2.6907186094447533,-3.5793226509936966,1217385.0388562232,-3.011957083837309,1.1204370559218852,-3.33190360372162,334767.7856754405
87.0,0.388149701373823,-3.1199599511436977,2.8848181590911235,-3.5081096525175206,1399356.217167446,-2.951471289720103,1.2982775888802438,-3.339620991093926,449473.2527436532
87.05,0.456352882863353,-2.9710087705102177,3.0720498961566505,-3.4273616533735707,1586894.028166064,-2.882202616624547,1.4717220471670065,-3.3385554994879,577590.8757646519
87.1,0.521067605929147,-2.8128781431914516,3.251889676315811,-3.3339457491205984,1778127.9227623877,-2.8043768654657786,1.640500915306054,-3.325444471394926,717664.8674986669
87.15,0.583317786695593,-2.645953642431911,3.423698246975038,-3.229271429127504,1970980.6302923488,-2.718235759214652,1.8042865172180926,-3.301553545910245,868119.9563239986
87.2,0.645567967462039,-2.4706520520424777,3.586882671331423,-3.116220019504517,2163344.7660225863,-2.62403530235756,1.9628472893415678,-3.269603269819599,1027405.195006811
87.25,0.701317057761732,-2.28742171941297,3.7406855166049766,-2.988738777174702,2352847.567063812,-2.522043974584696,2.1158316993970616,-3.2233610323464283,1193798.3413795887
87.3,0.755639079422396,-2.096753954681537,3.884261751963725,-2.852393034103933,2536929.3456020216,-2.41255176883397,2.262838147630455,-3.168190848256366,1365449.7286324345
87.35,0.809478140794234,-1.8991774499865572,4.016925171927564,-2.708655590780791,2713181.697373681,-2.295863872742939,2.4036220976303477,-3.105342013537173,1540639.7835245102
87.4,0.854140956678706,-1.6952594342294893,4.137709375651208,-2.5494003909081955,2878799.126446144,-2.1723014787036288,2.537690663119266,-3.026442435382335,1717299.7071153868
87.45,0.898803772563177,-1.4856205908351159,4.245652301450068,-2.384424363398293,3030960.2771211434,-2.0422150225495788,2.664546716515664,-2.9410187951127558,1893282.4545318421
87.5,0.940322576283439,-1.2709205637779295,4.340017296472401,-2.2112431400613684,3167191.447658273,-1.9059725611572191,2.7838578516427708,-2.846295137440658,2066630.5435074943
87.55,0.973756777295738,-1.051862188804036,4.4197863751935715,-2.025618966099774,3284686.7070351983,-1.763965187761883,2.8950119448741516,-2.737721965057621,2234958.442923738
87.6,1.00719097830803,-0.8291995085992406,4.484106696291401,-1.8363904869072707,3380985.2098412155,-1.6166160850396094,2.997483902614521,-2.6238070633476394,2395975.9323821813
87.65,1.03428781227437,-0.6037211244060788,4.532256669740218,-1.638008936680449,3453984.536312558,-1.4643695606918574,3.090790576893031,-2.4986573729662274,2547463.037389535
87.7,1.05539250541516,-0.37625838340217505,4.563341170662273,-1.4316508888173352,3501525.3427240946,-1.3077015605736149,3.1742260933587803,-2.3630940659887747,2686856.344469265
87.75,1.07649719855596,-0.14768019759092685,4.576842713115548,-1.2241773961468867,3522275.8976169364,-1.147119414547326,3.247315618808254,-2.223616613103286,2812015.660841609
87.8,1.08806418772563,0.08112333352172102,4.5721991922174405,-1.006940854203909,3515132.34222601,-0.9831525986572414,3.309450363984363,-2.0712167863828714,2920656.456446996
87.85,1.09634938628159,0.3092275035427393,4.548832034332724,-0.7871218827388508,3479294.5513504376,-0.8163690266191055,3.359908604034147,-1.9127184129006956,3010396.2206567177
87.9,1.10463458483755,0.5356946228790357,4.506759718886061,-0.5689399619585144,3415231.938953556,-0.6473615084301051,3.398383737997776,-1.751996093267655,3079736.5415167306
87.95,1.10056101952278,0.7595872378650619,4.445723112507206,-0.3409737816577181,3323351.0324917533,-0.4767412728204695,3.424224473795749,-1.5773022923432496,3126750.199184473
88.0,1.09615754880694,0.9799489726905158,4.365618848052852,-0.1162085761164241,3204667.8759503514,-0.30515986166962134,3.436821473882115,-1.4013174104765613,3149797.824889929
88.05,1.08924137906137,1.1958402464643012,4.266991615535744,0.10659886740293123,3061505.009075714,-0.13328180324494068,3.436062346194549,-1.2225231823063107,3148406.5191829307
88.1,1.07275762454873,1.4063435946925338,4.150102019371158,0.33358597014380376,2896069.241023891,0.038216173745615395,3.4214962152426254,-1.0345414508031145,3121769.6935785627
88.15,1.0562738700361,1.6105551547665264,4.015503112981868,0.5542812847304264,2711261.013673242,0.20863359164353357,3.3928819282973763,-0.8476402783925665,3069772.741164513
88.2,1.03489953718411,1.8076141299913357,3.8641256122782637,0.7727145928072257,2510694.4744932353,0.37727133953896963,3.350291613121702,-0.6576281976451405,2993187.7047876315
88.25,1.00725007870036,1.9967007052248655,3.6967347668546124,0.9894506265245055,2297883.354908153,0.5434277111324166,3.2936046245646207,-0.46382236756794337,2892755.046120922
88.3,0.979600620216597,2.177039316419096,3.5144511789336503,1.197438696202499,2076856.1875092732,0.7064005157309643,3.2230457034998476,-0.2732001044856327,2770139.628493021
88.35,0.945306082369932,2.347917446792534,3.3184697975884903,1.402611364422602,1851685.1090652926,0.8655061324180979,3.1389233244613175,-0.07979994995183404,2627423.903159277
88.4,0.907708900289011,2.5086765804705227,3.109908085868222,1.6009676801815118,1626246.9775942368,1.0200709416537128,3.0414913188127324,0.11236204136470185,2466845.184643524
88.45,0.870111718208089,2.658722930929337,2.890227052746813,1.7886112127212481,1404608.5861359653,1.1694446165113574,2.9314240037841164,0.2993328983032685,2291532.450656453
88.5,0.825013171366593,2.797535447918422,2.660716686374204,1.9725222765518287,1190388.3334635037,1.3130118411064644,2.8092707432237276,0.4879986697398714,2104533.8956620786
88.55,0.779081139551688,2.9246517323893286,2.422632041622911,2.1455705928376405,986884.4571172651,1.450180050205449,2.6756212742437055,0.6710989106537609,1909053.1208494697
88.6,0.732277943001433,3.039680747268746,2.1774697066320936,2.307402804267313,797252.0393574664,1.580398485887458,2.531444161377944,0.848120542886025,1708855.8779131952
88.65,0.679844681818174,3.1423015967485806,1.9264781740754817,2.4624569149304065,624050.2787110321,1.7031619616221034,2.3775184148142303,1.0233172798039294,1507358.3500748721
88.7,0.627411420634914,3.2322518266950597,1.6708771594117624,2.6048404060601458,469440.3760218273,1.8180021414921435,2.2147011375009775,1.1905907208572295,1307973.6342528332
88.75,0.573235677023117,3.3093339202197356,1.4119474561210015,2.7360982431966185,335218.8763010723,1.924501433382876,2.0440446612246577,1.351265756359759,1114164.9538882736
88.8,0.515988928468193,3.3734091390930785,1.1507667525023484,2.8574202106248854,222672.20372478644,2.0222911350928214,1.8664589216173724,1.5063022066246283,928978.3749560226
88.85,0.458742179913285,3.4243905756336583,0.8883789240723972,2.965648395720373,132705.18413459155,2.1110482124049534,1.6829241153608452,1.6523060324916685,755262.2874834889
88.9,0.399588751445081,3.4622433825216095,0.625766807845499,3.0626546310765286,65844.03577201675,2.1905011985482834,1.4944461754000198,1.7909124471032025,595565.1656447324
88.95,0.339132104046243,3.486977678852156,0.36377471203900996,3.147845574805913,22251.35213139442,2.2604257353289037,1.3019397353143327,1.9212936312826607,452012.55317076127
89.0,0.278675456647404,3.4986447758850767,0.10321260455129666,3.2199693192376726,1791.25275113694,2.3206439643468633,1.1063572822993133,2.041968507699459,326407.04962579266
89.05,0.216615718713861,3.497334725479444,-0.15520703482082904,3.280719006765583,4050.5518818454166,2.3710250226853793,0.9085849529815897,2.1544093039715184,220140.43114254868
89.1,0.154218283742761,3.4831702461615377,-0.4108608424603781,3.3289519624187767,28384.477228861713,2.4114796156424068,0.7094379739145568,2.2572613318996457,134213.9303551977
89.15,0.0917824531069226,3.456304733975502,-0.6631533374790664,3.3645222808685795,73946.78803948313,2.4419595525353652,0.5097306726964255,2.3501770994284428,69286.76231668012
89.2,0.0287230239161767,3.4169197410591257,-0.9115599023233625,3.388196717142949,139721.04390649553,2.462455669936719,0.3101983591431856,2.433732646020542,25659.472537366608
89.25,-0.0343364052745692,3.365221461972082,-1.1556068224747356,3.399557867246651,224549.24010089142,2.4729935346331415,0.11151041175216184,2.5073299399077107,3315.8858477697795
89.3,-0.097267143682325,3.301439306408747,-1.3948419129788547,3.398706450091072,327145.81803518126,2.4736313585347816,-0.08570305098010289,2.5708985022171067,1958.6701192794974
89.35,-0.159882811552354,3.2258246745529124,-1.6288353567027924,3.3857074861052663,446113.91636539286,2.464457471289691,-0.2808662387051,2.624340282842045,21036.225078493397
89.4,-0.222498479422383,3.138649949301109,-1.857180221683954,3.361148428723492,579961.9417496091,2.445587467686165,-0.47346936266155304,2.668085947108548,59779.52996776994
89.45,-0.284140902527073,3.040207759135401,-2.079460359789479,3.324348661662474,727097.560002525,2.4171612246093073,-0.6630348619363167,2.70130212713638,117230.72750477614
89.5,-0.344884945848372,2.9308123878933223,-2.2952332688936394,3.2756973337416944,885819.1319050945,2.3793423091367902,-0.8491040403108544,2.7242272549851623,192260.71233925788
89.55,-0.405628989169688,2.810800023108981,-2.5040716691789133,3.216429012278669,1054350.2484995953,2.3323155172656396,-1.0312942227672794,2.7379445064353276,283618.07304351125
89.6,-0.463866029624286,2.6805290206021475,-2.705482546100887,3.1443950502264335,1230781.2412134274,2.2762843232646994,-1.2092008914823424,2.7401503528889855,389911.1455897845
89.65,-0.521267402456651,2.5403846356421163,-2.898921825034397,3.0616520380987673,1413072.3653568174,2.211473601194935,-1.3824192689561037,2.732741003651586,509622.14271496754
89.7,-0.578668775289016,2.390778032303246,-3.083889964600327,2.969446807592262,1599149.780517286,2.1381255581367866,-1.5506496528904987,2.7167943334258027,641203.8256025132
89.75,-0.631102563991318,2.2321478321583434,-3.2597264977740434,2.8632503961496614,1786708.571843647,2.056498966395999,-1.713461943012446,2.687601530387317,782920.4880405299
89.8,-0.68344529718005,2.064969199533427,-3.4257349590350312,2.748414496713477,1973326.3475621364,1.966876727518995,-1.8704337135627376,2.6503220246990447,932939.2738218916
89.85,-0.734459502523435,1.889748227299577,-3.581311157128573,2.624207729823012,2156629.327502523,1.8695578438743607,-2.021271821096266,2.6040173463977956,1089477.273268751
89.9,-0.780651643835617,1.7070250834913145,-3.7256686086210076,2.4876767273269316,2333994.565678616,1.76485945649533,-2.165516544875837,2.545511100330947,1250523.1749682622
89.95,-0.826843785147799,1.5173808993005162,-3.858056804559924,2.3442246844483154,2502814.3182309414,1.6531229435656023,-2.302757322626536,2.4799667287134013,1414051.0098427017
90.0,-0.870073525668832,1.3214302837487477,-3.977795140767573,2.1915038094175796,2660579.381592829,1.5347062358411867,-2.4326487838478537,2.4047797615100186,1578074.694815051
90.05,-0.909563402747654,1.119825736869707,-4.084076082191446,2.0293891396173613,2804652.396585424,1.4099886263845747,-2.5547080505569784,2.319552029132229,1740408.8596215032
90.1,-0.949053279826466,0.9132580271149869,-4.17624097767269,1.862311306941453,2932665.2704928303,1.2793721251951569,-2.6685673551509628,2.228425405021623,1899000.4610606413
90.15,-0.983967678726483,0.7024477715702078,-4.253643084362938,1.6864154502966908,3042380.2126120697,1.14327520631036,-2.7738294350028916,2.127242885036843,2051767.929196923
90.2,-1.01668909696092,0.4881511433508958,-4.315605933706562,1.5048402403118157,3131662.5474821916,1.0021404013464883,-2.870020261296977,2.018829498307408,2196537.6800680454
90.25,-1.04941051519537,0.27115126679324786,-4.361730432428005,1.320561781988618,3198961.6832701466,0.8564290355279218,-2.956861872265072,1.905839550723292,2331475.2351079755
90.3,-1.07569953757226,0.05225049541230509,-4.391518140510367,1.127950032984565,3242804.4291366492,0.7066173776438237,-3.033915728154072,1.7823169152160836,2454571.905477508
90.35,-1.10136789017342,-0.16772108762563998,-4.404546099053113,0.9336468025477801,3262073.29509855,0.5532079889068267,-3.1007404315559253,1.6545758790802467,2563890.9930361668
90.4,-1.12596735018051,-0.3879236413214249,-4.400753581610266,0.7380437088590852,3256458.1223247014,0.39671698263145155,-3.1571487713594744,1.5226843328119617,2658023.5638657706
90.45,-1.14421283754513,-0.6075124528554372,-4.379929544064829,0.5367003846896927,3225712.4044135306,0.2376735438974233,-3.2027338808372607,1.3818863814425533,2735334.483056774
90.5,-1.16245832490975,-0.8256320936032174,-4.342043527575034,0.33682623130653255,3170149.481899288,0.07662933333388097,-3.2371776789787923,1.239087658243631,2794485.153407606
90.55,-1.17770628695025,-1.0414366584358454,-4.287356707956863,0.1362696285144045,3090798.0670406446,-0.08585641707490402,-3.260356284663153,1.0918498698753458,2834646.1607846715
90.6,-1.18793700072098,-1.2540900954856409,-4.216017822873346,-0.06615309476466091,2988795.988642893,-0.2492134420046579,-3.271967294128444,0.9387235587163221,2854871.9930256563
90.65,-1.19816771449171,-1.4627679158610025,-4.1284547469397115,-0.2646002013692925,2865935.7665969804,-0.4128585994858856,-3.2719091568010192,0.7853091150058245,2854770.541428895
90.7,-1.20305985549133,-1.6666739773633785,-4.025203483312137,-0.4636141218720484,2724376.1836954793,-0.576208877737294,-3.260126320734275,0.6268509777540361,2834246.3005718407
90.75,-1.20439294797688,-1.8650347580437854,-3.9067485404592803,-0.6606418100669054,2566387.9798605884,-0.7386731984233925,-3.23646571983302,0.4657197495534875,2793256.094841138
90.8,-1.20572604046243,-2.0571095875350265,-3.7739442365979863,-0.8513835470725966,2394872.256614863,-0.8996604053957489,-3.2011063600987955,0.30606563506668105,2732555.1809773226
90.85,-1.19889935647144,-2.2422020751715945,-3.6275194894761293,-1.0433027187001545,2212640.738537769,-1.0585892363765217,-3.1540757816832437,0.1403101200949184,2652851.743093537
90.9,-1.1904250253073,-2.419646854283485,-3.4682176263301003,-1.229221828976185,2022572.404605838,-1.2148739147906635,-3.095404952860012,-0.024448889483363434,2555075.1525840783
90.95,-1.18126558526012,-2.5888285256603187,-3.2971994232968713,-1.4075629404001988,1828023.715997192,-1.3679435096013604,-3.0255641002074953,-0.18667792434124042,2441076.8331905045
91.0,-1.16241081647399,-2.749185476531178,-3.1153055604438116,-1.586774660057188,1631896.8190567552,-1.5172464973694548,-2.944697958458581,-0.3548356808954649,2312332.28441337
91.05,-1.14355604768786,-2.9001931315411325,-2.9234547972717295,-1.7566370838532726,1437090.6428013507,-1.6622337932773759,-2.853063475772003,-0.518677745589516,2170658.985809126
91.1,-1.12160376895306,-3.04138543647735,-2.722872605779783,-1.9197816675242898,1246654.3035402584,-1.8023839385245954,-2.751296899353885,-0.6807801695715354,2018569.234238481
91.15,-1.09235467148014,-3.1723500636569812,-2.514470714629157,-2.0799953921768415,1063125.5585108157,-1.9372001712695321,-2.639734291192955,-0.8448454997893922,1858185.9008266593
91.2,-1.06310557400722,-3.2927194643278197,-2.2992833299683904,-2.2296138903206,888948.0398976129,-2.0662030753117904,-2.518914734344629,-1.0030975013045704,1691981.7170395933
91.25,-1.02864371676301,-3.40218347232773,-2.0783983331204783,-2.37353975556472,726355.0598563115,-2.1889485436332192,-2.38951031052093,-1.1603048268702092,1522602.5397562217
91.3,-0.989521968208083,-3.500478836875945,-1.8526828527499748,-2.5109568686678623,577156.4577785006,-2.3050191088350407,-2.252006694265725,-1.3154971406269578,1352409.106938037
91.35,-0.950400219653169,-3.587388280903646,-1.623154192631437,-2.636988061250477,443007.36979547015,-2.4140267577660066,-2.1071547498397067,-1.4636265381128375,1184026.9706058765
91.4,-0.904558476500351,-3.6627454382078755,-1.3906934730711495,-2.7581869617075245,325202.76399772824,-2.515623182044576,-1.9556190389484556,-1.611064705544225,1019852.2201327151
91.45,-0.856594629790304,-3.72642131089241,-1.156049332781727,-2.869826681102106,224721.24389311395,-2.609486962233162,-1.7979801409233227,-1.752892332442858,862062.0232412404
91.5,-0.808630783080256,-3.7783292193741755,-0.9201311035181757,-2.9696984362939194,142360.93066629782,-2.6953339961358034,-1.6351070302981343,-1.8867032130555472,712953.333474769
91.55,-0.753304015151502,-3.8184243194529945,-0.6836036621731456,-3.0651203043014927,78577.85269757785,-2.772920870511964,-1.4676257678129978,-2.0196168553604616,574380.105159651
91.6,-0.697932803030298,-3.8466895369028573,-0.44706850540850407,-3.1487567338725593,33607.75850641235,-2.8420300409171317,-1.2961497586972799,-2.1440972378868337,448001.1191922712
91.65,-0.641303745126354,-3.8631430888799865,-0.21124412818931115,-3.2218393437536323,7503.444720770184,-2.9024831879019084,-1.121511426623794,-2.2611794427755543,335410.10134606337
91.7,-0.580266561010832,-3.8678345001341508,0.023350807836809845,-3.287567939123319,91.68435099635272,-2.9541388005245235,-0.9443278966802988,-2.3738722395136915,237801.38038630324
91.75,-0.519229376895309,-3.860836792940812,0.2562228950593578,-3.341607416045503,11038.937216191805,-2.9968840848256106,-0.7652271237433707,-2.4776547079303017,156152.6802433472
91.8,-0.45651832418771,-3.842249449052293,0.4868643990037449,-3.385731124864583,39857.25938044838,-3.030640958137316,-0.5848896394445988,-2.574122633949606,91225.57075456875
91.85,-0.391777890974714,-3.8121941801425168,0.7148797195644234,-3.420416289167803,85932.48062827422,-3.055361665977135,-0.40386571937660803,-2.6635837750024214,43495.338476689365
91.9,-0.327037457761718,-3.770811814997527,0.9398781543811062,-3.443774357235809,148536.9514099411,-3.071025408193731,-0.22271046520586063,-2.743987950432013,13226.653683256229
91.95,-0.261023717076692,-3.7182628024262443,1.1614932294030567,-3.4572390853495523,226842.675248672,-3.077639276878194,-0.041945409133701206,-2.816615559801502,469.1779593049559
92.0,-0.194416264109986,-3.6547241907584542,1.3794089532984324,-3.4603079266484684,319946.58308395534,-3.0752338986848384,0.137986350765217,-2.8808176345748526,5077.395466000402
92.05,-0.127808811143243,-3.5803889726824587,1.5933029002701227,-3.4525801615392155,426862.58369011566,-3.063861757907592,0.3166547076549404,-2.936052946764349,26738.72103467621
92.1,-0.0611684928571372,-3.495466287138133,1.8028553524932336,-3.4342977942809956,546528.9384480387,-3.0435961221988417,0.49366464562641166,-2.9824276293417045,64987.94195772016
92.15,0.0054747611111145,-3.400181025236262,2.0077537719134293,-3.4056557863473764,677816.7492687146,-3.014528766597308,0.6686690648831602,-3.0200035277084227,119231.55155512533
92.2,0.0719085509761397,-3.294773843754197,2.2076769752848624,-3.366682394730337,819525.4630475736,-2.9767679127535356,0.8413541807551955,-3.0486764637296755,188767.16199313235
92.25,0.137117119305854,-3.179502338538588,2.4022599262477318,-3.316619457844442,970356.6545579516,-2.9304373250567304,1.0114029612604472,-3.0675544443625844,272782.92001237377
92.3,0.2023256876356042,-3.0546431617416374,2.5911244423597055,-3.2569688493772415,1128932.4005208588,-2.8756762806482055,1.1785336366627122,-3.0780019682838096,370384.40873211675
92.35,0.266402861271685,-2.920491877903707,2.7738699032058167,-3.1868947391753917,1293789.3511511986,-2.8126369253675407,1.3424880122464364,-3.0790397866392256,480606.4168067702
92.4,0.328634075144518,-2.777366191621748,2.9500139977086124,-3.106000266766266,1463320.8099197675,-2.741485420783488,1.5029672203158622,-3.070119495928006,602376.1240917306
92.45,0.390865289017351,-2.6256085080344618,3.1190764587437796,-3.016473797051813,1635849.8446470504,-2.6624023704417112,1.6597173956173648,-3.0532676594590624,734576.4888839703
92.5,0.450347145953764,-2.4655855602707213,3.280518085552401,-2.9159327062244853,1809573.668482296,-2.575580472545259,1.8124610724538994,-3.025927618499023,876004.0371095305
92.55,0.5080859465318265,-2.297694110080467,3.4337155852827546,-2.8057800566122935,1982531.2183560792,-2.4812285392022257,1.9608690131089834,-2.9893144857340523,1025335.2764189331
92.6,0.56582474710984,-2.122360724764174,3.5781108986409307,-2.688185471874014,2152776.7230808125,-2.379569943622702,2.1046953642270307,-2.9453946907325417,1181264.6869863344
92.65,0.618464546897556,-1.9400412572914252,3.7130129056453507,-2.5585058041889814,2318164.831070973,-2.2708413534091494,2.243581366348974,-2.8893059003067054,1342308.625980888
92.7,0.670161877344885,-1.751229974136989,3.8376846601692107,-2.421391851481874,2476452.30277389,-2.1553007476663786,2.377131621613467,-2.8254626250112636,1506867.9323932456
92.75,0.72133317958002,-1.55645288883826,3.95155331119602,-2.27778606841828,2625591.068097306,-2.033221402730072,2.5050898862975317,-2.7545545823100923,1673460.090248048
92.8,0.7657245626357967,-1.3562678307703642,4.053833111023617,-2.1219923934061606,2763268.7563173,-1.904892708245889,2.626991610954969,-2.670617270881686,1840289.3130740758
92.85,0.810115945691535,-1.1512752654356102,4.1437757409180245,-1.9613912111271452,2887246.6259991582,-1.7706308210773734,2.7423793092933004,-2.5807467667689084,2005505.1402773333
92.9,0.851937000000003,-0.9421051099812189,4.220831430775467,-1.794042109981222,2995624.757238545,-1.6307687643700572,2.8509284078018418,-2.4827057643700603,2167411.4097097456
92.95,0.888037000000002,-0.7294193778180469,4.2842563213278275,-1.6174563778180489,3086329.484267505,-1.4856610008567406,2.9520967777546483,-2.3736980008567423,2323966.7693945006
93.0,0.924137000000002,-0.5139163899849607,4.333472295193537,-1.4380533899849626,3157646.0287441253,-1.3356897008997657,3.0454293225157256,-2.259826700899768,2473237.2689169575
93.05,0.9555232093862968,-0.29631683104972834,4.368013169362483,-1.251840040436025,3208184.0366507834,-1.18125575959818,3.130501333480882,-2.1367789689844767,2613343.6263801553
93.1,0.98289396750903,-0.07736916320487444,4.387315225850863,-1.0602631307139045,3236600.3293739394,-1.0227869372321858,3.2067324685470595,-2.005680904741216,2742168.8332890454
93.15,1.01026472563177,0.14215640182896067,4.391127151822251,-0.8681083238028093,3242227.0236168574,-0.8607362766739468,3.273739675538563,-1.8710010023057169,2857965.723518756
93.2,1.03090013728324,0.36148069216272766,4.379174927416564,-0.6694194451205124,3224600.9862655094,-0.6955747696114227,3.3310408577153447,-1.7264749068946628,2958888.852205062
93.25,1.04952369219653,0.5798068345024534,4.351207059799851,-0.4697168576940767,3183544.290285615,-0.5278029983195831,3.3780963353525646,-1.5773266905161132,3043075.960245981
93.3,1.0681306277056328,0.7963375969130945,4.307419022417246,-0.27179303079253836,3119791.9897945495,-0.3579395213647891,3.414691888783069,-1.426070149070422,3109365.5187522355
93.35,1.07844448051948,1.010285201206883,4.247827186368706,-0.06815927931259691,3034066.362000155,-0.18651568829896786,3.4403781892568164,-1.2649601688184477,3156320.556030403
93.4,1.08875833333333,1.2208593090202855,4.172582710480167,0.13210097568695556,2927529.65964767,-0.01409009216450241,3.454765156378564,-1.1028484254978324,3182773.9428606415
93.45,1.09730911722142,1.4272924070081972,4.082281630172867,0.32998328978677716,2802188.33450626,0.15877192365857898,3.4578221097622106,-0.938537193562841,3188408.9980694363
93.5,1.09995745296671,1.628843513131205,3.9773503222472564,0.5288860601644949,2659984.374172614,0.33149926329067547,3.4493122630441153,-0.7684581896760345,3172734.690129738
93.55,1.1026057887120098,1.8247939563931976,3.8584157799464207,0.7221881676811879,2503280.091847611,0.5035090290664347,3.4291595364866363,-0.5990967596455751,3135769.3671139316
93.6,1.10198923520923,2.0144657901045706,3.726328435947264,0.9124765548953406,2334821.3540636706,0.674223155127998,3.3974875079139792,-0.42776608008123196,3078112.3643817445
93.65,1.09763137085137,2.197220075501429,3.581842036427959,1.0995887046500588,2157268.7551727938,0.8430660671260505,3.354317042699718,-0.2545653037253196,3000384.752785542
93.7,1.09327350649351,2.3724595535240987,3.425931752249103,1.2791860470305887,1973553.0716917699,1.0094674382287117,3.2999049461823775,-0.0838060682647983,2903832.707690379
93.75,1.0845465198556,2.539639317435654,3.2595878729116907,1.455092797580054,1786556.6100373592,1.1728740559834876,3.2345462835960785,0.08832753612788768,2789943.909526721
93.8,1.0738930902527069,2.6982599926844992,3.0837439575441583,1.6243669024317924,1598998.360312758,1.3327440900312337,3.1585121425983615,0.2588509997785269,2660319.721317678
93.85,1.06323966064982,2.8478743821985315,2.899539542226721,1.7846347215487115,1413674.6389920197,1.488556405764734,3.072348436025181,0.425316745114914,2517153.309959034
93.9,1.04725286541245,2.988090981497335,2.707957115798683,1.940838116084885,1233033.739069872,1.639817243190973,2.9764861312419133,0.592564377778523,2362525.2505267872
93.95,1.0308273950796,3.118562991753472,2.509946525597744,2.087735596673872,1059303.319550344,1.7860510648033996,2.8713881082093504,0.7552236697237995,2198631.9114576196
94.0,1.01354523465704,3.2389969208606257,2.306610595598998,2.225451686203586,894622.7968194125,1.9268140526081579,2.757771099827621,0.9132688179511179,2028080.3837451856
94.05,0.9917654512635278,3.3491502327425455,2.0988435331039113,2.3573847814790176,740715.6530715362,2.061695363983862,2.6361869541414307,1.069929912720334,1853195.108582793
94.1,0.969985667870032,3.448822189084581,1.887527823617058,2.478836521214549,599070.7559608804,2.1903103134107837,2.507256793231561,1.2203246455407517,1676356.4339215492
94.15,0.94622177489177,3.5378592756771226,1.6735844547355967,2.5916375007853527,470962.8617990442,2.3123111324674936,2.371732040135912,1.3660893575757238,1500030.0987219352
94.2,0.919354531024527,3.616149319372698,1.4577589740003285,2.6967947883481713,357324.53944506764,2.4273838575415208,2.2302276130599017,1.5080293265169937,1326377.3882812979
94.25,0.892487287157284,3.683616470292649,1.2408072414682842,2.7911291831353653,258880.91454271425,2.5352460173699463,2.083449256738758,1.6427587302126623,1157536.2147747423
94.3,0.862634696816191,3.7402229021078117,1.023423537647525,2.877588205291621,176117.3724592049,2.6356525423367883,1.9320954153855778,1.7730178455205974,995464.7184410583
94.35,0.830936795224308,3.785961170047477,0.8061767977334904,2.955024374823169,109282.84303724195,2.7283893611009056,1.7767679459819163,1.8974525658765975,841841.1556983462
94.4,0.799238893632417,3.820852987657865,0.589670247814696,3.0216140940254483,58466.86759529059,2.8132748894973068,1.6181709557278807,2.01403599586489,698260.5978563422
94.45,0.763612774566474,3.8449484843012462,0.37437768365741686,3.0813357097347724,23567.379823494655,2.890161700343815,1.456886600465105,2.1265489257773407,566004.9510972722
94.5,0.727315086705202,3.8583176714540213,0.16069619668307325,3.131002584748819,4342.127698807906,2.9589275037289395,1.2934363790307168,2.2316124170237375,446127.3777600246
94.55,0.6906425353535115,3.8610525180799953,-0.05092412500863955,3.1704099827264836,436.0522648163264,3.019479643179061,1.1284410633337663,2.3288371078255494,339567.795578091
94.6,0.649985969696959,3.853264679089226,-0.26018220767119016,3.2032787093922668,11382.733924062737,3.0717533054479746,0.9623449008634903,2.4217673357510154,246962.05552478964
94.65,0.609329404040395,3.8350782488744586,-0.4668063370774005,3.2257488448340634,36640.794458571036,3.1157028117135024,0.795565889154187,2.5063734076731072,168780.0223961846
94.7,0.567355089660151,3.806633196417221,-0.6704840242300028,3.23927810675707,75590.68204213069,3.1513064234559454,0.6285754776639831,2.5839513337957944,105361.90163213456
94.75,0.522501872017348,3.768082348581436,-0.8710137093666889,3.245580476564088,127567.89130000521,3.1785622412703685,0.4616953390514078,2.6560603692530202,56843.35629381185
94.8,0.4776486543745196,3.7195879884900727,-1.0681755189233053,3.241939334115553,191856.5523783145,3.1974833643327214,0.29525655479453233,2.7198347099582016,23247.04883976978
94.85,0.430675727797821,3.661324753463769,-1.2617413482720319,3.230649025665948,267689.9498255242,3.208100612128629,0.1295783055292988,2.777424884330808,4477.476603691816
94.9,0.381954428158838,3.5934766888345404,-1.451538190252061,3.2115222606757023,354281.3808710251,3.210457677476958,-0.03511323439919767,2.82850324931812,328.7837946594663
94.95,0.333233128519854,3.5162376714792454,-1.6373316710337158,3.1830045429593916,450780.08421348664,3.204610253212698,-0.19854925839212853,2.8713771246928443,10512.482135483793
95.0,0.281767484454088,3.4298137652265144,-1.818911242812887,3.1480462807724265,556306.853207153,3.1906271696293373,-0.36052191458410676,2.9088596851752495,34660.28023877066
95.05,0.2295187498192091,3.3344200774080015,-1.9960795706500385,3.1049013275887924,669957.255688381,3.168585165132869,-0.5208702691166756,2.93906641531366,72348.2232665808
95.1,0.177234907148008,3.2302841604695045,-2.168547261634566,3.0530492533214963,790731.7526556024,3.1385710437993355,-0.6793664433781813,2.9613361366513273,123077.00383688525
95.15,0.122060502815879,3.117647682612115,-2.3360757635835254,2.995587179796236,917625.0120219304,3.1006817634259005,-0.8358694887710232,2.9786212606100215,186314.08060222177
95.2,0.0668860984837492,2.9967631350166415,-2.498411824493676,2.929877036532892,1049589.4305648566,3.055019485111173,-0.9902508264355917,2.988133386627424,261492.45313503264
95.25,0.0111869673174216,2.867898725759886,-2.655215112701304,2.856711758442464,1185470.6821823262,3.0016952234129533,-1.1423211422948403,2.9905082560955316,347972.691235677
95.3,-0.0461557297180375,2.731338851981499,-2.806185694169418,2.7774945816995364,1324110.4343201169,2.940828010100652,-1.2919544253184116,2.9869837398186894,445105.66322662064
95.35,-0.103498426753448,2.5873828523218516,-2.950995491795605,2.6908812790753,1464294.6898050942,2.872542677990351,-1.4390151832062115,2.976041104743799,552203.9193328018
95.4,-0.161450383838394,2.4363482042657094,-3.08927236317188,2.5977985881041032,1604736.7326064894,2.796972099462155,-1.58334054937231,2.958422483300549,668524.612076429
95.45,-0.220073038961048,2.2785704615752844,-3.2206597929829957,2.4986435005363323,1744139.020722307,2.7142565680090676,-1.7247900781731471,2.9343296069701155,793306.8836705416
95.5,-0.278695694083701,2.1144034615288363,-3.3447743878048968,2.3930991556125374,1881157.045031173,2.624543743281599,-1.863201176656096,2.9032394373653,925738.299918043
95.55,-0.3374648888889227,1.9442210175482972,-3.4612108309842986,2.28168590643722,2014408.3059628624,2.5279901876455586,-1.9983884876665818,2.8654550765344813,1064948.4127035541
95.6,-0.396295696969706,1.7684170848944212,-3.569566605872973,2.164712781864127,2142507.6211264827,2.424761841998527,-2.130159223709352,2.8210575389682333,1210020.8848944076
95.65,-0.455126505050506,1.5874057842088114,-3.6694387033823768,2.0425322892593174,2264074.2746162717,2.3150347038698253,-2.258303792398017,2.7701612089203316,1359982.9383358045
95.7,-0.512917002890175,1.4016219407194812,-3.7603894068833665,1.914538943609656,2377699.8837573365,2.198996244629805,-2.3825615321856333,2.71191324751998,1513759.854573534
95.75,-0.570631598265898,1.2115226636750487,-3.8419935459926657,1.7821542619409467,2482016.4601406483,2.0768479599461642,-2.5026548190766933,2.647479558212062,1670208.3049194126
95.8,-0.6279153099203807,1.0175846930001353,-3.913874297626532,1.645500002920516,2575758.501232518,1.948804693108863,-2.6183124720513726,2.5767200030292434,1828149.3870132721
95.85,-0.683002565532234,0.8203046458921787,-3.9755937114287647,1.5033072114244126,2657635.310034695,1.8150966429641888,-2.729174614059483,2.4980992084964226,1986238.4197404606
95.9,-0.738089821144103,0.6202010852773576,-4.026771337866523,1.3582909064214608,2726498.937243404,1.6759730784037667,-2.8348865282422597,2.41406289954787,2143088.4341358542
95.95,-0.791392023809524,0.4178085510098557,-4.06709099029781,1.2092005748193797,2781372.6048314557,1.5316996521235182,-2.93509947961468,2.323091675933042,2297282.388062498
96.0,-0.842038849206347,0.21367940829563373,-4.096170113946924,1.0557182575019808,2821287.6290641013,1.3825623562351366,-3.029359872391761,2.2246012054414837,2447205.6630553138
96.05,-0.8926856746031984,0.008382932130004406,-4.113770892123745,0.9010686067332028,2845585.2247641543,1.2288693148269834,-3.117282609581629,2.121554989430182,2591320.2314666808
96.1,-0.93939804772235,-0.1975024320662688,-4.119662141398157,0.7418956156560812,2853741.2723724567,1.070946986380107,-3.198433317584324,2.010345034102457,2727993.5165422573
96.15,-0.983799710773685,-0.4033835808745575,-4.1135769618240365,0.5804161298991275,2845316.9394354443,0.9091475376550363,-3.2722924961227386,1.8929472484287213,2855439.5147149824
96.2,-1.02820137382502,-0.6086604087968895,-4.09551417594693,0.41954096502813043,2820384.130653761,0.743845057456629,-3.338514432299492,1.772046431281649,2972180.9639125336
96.25,-1.06591584715213,-0.812733011015626,-4.06533793099768,0.25318283613650394,2778975.382699449,0.5754320264156936,-3.396582478804398,1.6413478735678235,3076472.6760856076
96.3,-1.1025777072819205,-1.0149904892195032,-4.022944397579737,0.08758721806241732,2721319.0104107014,0.40433172521157695,-3.445958002624617,1.5069094324934975,3166567.081560704
96.35,-1.13845459087618,-1.2148281324265564,-3.968596844146282,-0.07637354155037634,2648288.9031296624,0.23098540177976268,-3.4863855367286645,1.3694399926559426,3241302.429522885
96.4,-1.16639448950037,-1.4116508888040002,-3.9022977427681904,-0.2452563993036303,2560543.7505737087,0.05585123247173068,-3.5173322187214633,1.2222457219721006,3299100.249828281
96.45,-1.19433438812455,-1.6048606778541306,-3.824169408607378,-0.4105262897295805,2459040.2728430238,-0.12058216977955652,-3.5383429661718973,1.0737522183449935,3338632.252335504
96.5,-1.21924284271284,-1.7938778158769455,-3.734644645620976,-0.5746349731641056,2345254.4283329863,-0.29781428542383087,-3.549230305194479,0.9214285572890091,3359209.5358162387
96.55,-1.2379405339105454,-1.9781384448429575,-3.633922627029601,-0.7401979109324122,2220458.944489516,-0.4753293153492034,-3.549568326438034,0.762611218561342,3359849.4144138955
96.6,-1.25663822510823,-2.1570903031024518,-3.5224173335114455,-0.9004520779942218,2086282.0165984961,-0.6525915603848996,-3.5391366411362766,0.6040466647233304,3340130.1772355647
96.65,-1.27006612716763,-2.3302089832653192,-3.400644039968422,-1.0601428560976893,1944525.958046858,-0.8290615082226812,-3.5178209386285917,0.4410046189449487,3300017.1083343327
96.7,-1.27928578034682,-2.4969897063065583,-3.2689738613070918,-1.2177039259597382,1796860.2084483954,-1.0041881026413222,-3.4853765696003887,0.27509767770549787,3239426.6218451667
96.75,-1.28850543352601,-2.656952466473849,-3.1280712791753844,-1.3684470329478389,1645298.4056142545,-1.1774150746413405,-3.4418907666266225,0.11109035888466945,3159096.546503893
96.8,-1.29016677745665,-2.8096519968751905,-2.978481303374244,-1.5194852194185404,1491698.8396873274,-1.3481930069790757,-3.3873594704635446,-0.05802622952242564,3059787.7819037507
96.85,-1.28979466763006,-2.9546639384237627,-2.820692967694975,-1.6648692707937027,1337836.458036901,-1.515966530470959,-3.3217627519773876,-0.22617186284089907,2942428.7414465034
96.9,-1.28922848375451,-3.0915985612359673,-2.6555407025941684,-1.8023700774814573,1185761.4314593733,-1.6801917097858559,-3.245515010695505,-0.3909632260313458,2808898.0492399586
96.95,-1.27915267148014,-3.2201038594545834,-2.4835411194721,-1.9409511879744434,1037132.1692271681,-1.8403423829582737,-3.158732956441459,-0.5611897114781337,2660691.7040291736
97.0,-1.26907685920578,-3.33984752720078,-2.305231567052865,-2.070770667995,893553.3995101384,-1.995892803152481,-3.0616212054881897,-0.726815943946701,2499606.508238655
97.05,-1.2565679031091743,-3.450535577013747,-2.1214343972640823,-2.193967673904573,756746.8257565884,-2.14634236317397,-2.954783277108796,-0.8897744600647959,2328198.457248479
97.1,-1.23675951554591,-3.5519079776941727,-1.9326573059363787,-2.3151484621482625,628059.9510423448,-2.2912140503266585,-2.8385233435419326,-1.0544545347807486,2148590.6058219927
97.15,-1.21695112798264,-3.6437281567291007,-1.7394883794445917,-2.4267770287464607,508785.1874804367,-2.430045529779336,-2.713313905279265,-1.2130944017966963,1963219.2929551513
97.2,-1.19248781949458,-3.7257946403201925,-1.5425869182243719,-2.5333068208256124,400120.39001026406,-2.5624067407456,-2.5797835577258423,-1.36991892125102,1774742.1879233615
97.25,-1.1630618267148,-3.7979320457962147,-1.3423951320823675,-2.6348702190814146,303006.63090948306,-2.6878923609547765,-2.438362475417825,-1.5248305342399764,1585496.4164068645
97.3,-1.133635833935,-3.859989024180246,-1.139492147803395,-2.726353190245246,218330.32889839556,-2.806122568756885,-2.2897151276155334,-1.672486734821885,1398078.7641683784
97.35,-1.0975647436823,-3.9118441210397417,-0.9343588102787462,-2.8142793773574417,146797.5357917621,-2.9167533926845035,-2.1344392596635307,-1.8191886490022036,1214888.2541848004
97.4,-1.05883189169675,-3.9533937452502643,-0.7273530693238752,-2.8945618535535145,88957.37254014901,-3.01946427795226,-1.9730292775554514,-1.96063238625551,1038091.8746909298
97.45,-1.02009903971119,-3.984557354200808,-0.5190196728216145,-2.964458314489618,45295.91473576497,-3.1139670159852146,-1.8062587729739636,-2.0938679762740247,870018.8679854424
97.5,-0.972887616775123,-4.005278944382982,-0.30967871200716446,-3.032391327607859,16125.533782258673,-3.200009487360489,-1.6346481413755247,-2.227121870585366,712553.2122939887
97.55,-0.925173227765699,-4.015513168878658,-0.09961152505759374,-3.0903399411129593,1668.4399251514565,-3.2773595164461606,-1.4586960142705312,-2.3521862886804614,567411.7498796624
97.6,-0.875933069364149,-4.015235839716806,0.11071358120731262,-3.139302770352657,2061.072141777014,-3.3458192675859943,-1.2791519432830742,-2.4698861982218454,436327.9184012974
97.65,-0.819646942196524,-4.004441592609652,0.3210533378280103,-3.184794650413128,17331.884019803605,-3.405222727294784,-1.0964875410652968,-2.58557578509826,320609.31405637896
97.7,-0.763360815028899,-3.983134827521806,0.5311362890068988,-3.219774012492907,47435.48497660379,-3.4554245380177373,-0.9112105091537196,-2.6920637229888382,221414.55786458158
97.75,-0.703788497113999,-3.951338287518785,0.7406017772832107,-3.247549790404786,92227.59742947941,-3.496310385067991,-0.7239269966862615,-2.792521887953992,139752.07907498413
97.8,-0.6394872705627377,-3.9090884429999555,0.9492414373527025,-3.269601172437218,151511.21185878915,-3.5277905755908985,-0.5350410821500923,-2.8883033050281606,76338.38922355782
97.85,-0.575186044011531,-3.856432774889794,1.1567653305666055,-3.281246730878263,224999.69176703042,-3.54979583493351,-0.3450316250893359,-2.974609790921979,31745.81928314348
97.9,-0.506124093140786,-3.793435159433399,1.3628958564194635,-3.287311066292613,312332.183748382,-3.5622822893609856,-0.15433239752301448,-3.0561581962201996,6351.597046720471
97.95,-0.434360916245487,-3.7201697225919284,1.5674359770403963,-3.2858088063464415,413115.0501525598,-3.5652228045091543,0.03674636262165254,-3.1308618882636674,360.0787109125288
98.0,-0.362597739350189,-3.6367235558342754,1.7700579211704455,-3.2741258164840863,526824.9700962596,-3.5586083288354935,0.22778835755498728,-3.1960105894853044,13836.676223359662
98.05,-0.2850818393632097,-3.5431999815486184,1.9705178931178309,-3.258118142185409,652908.2570130974,-3.542449362940575,0.4185090196064579,-3.2573675235773654,46706.61319785562
98.1,-0.206691101302454,-3.4397116125948677,2.1685880235138804,-3.2330205112924135,790761.4794831148,-3.516766661374795,0.6086786883441425,-3.310075560072341,98797.26550515888
98.15,-0.127732209812406,-3.326387451781835,2.36388242138097,-3.198655241969429,939600.2800969767,-3.481596455650897,0.7979534279513851,-3.353864245838491,169794.57951449772
98.2,-0.0438784580086571,-3.203374424795025,2.556114058611918,-3.159495966786368,1098631.0100059465,-3.4369896692365605,0.9861288361881586,-3.3931112112279034,259320.02174981657
98.25,0.0399752937950918,-3.0708325038270265,2.744958397845673,-3.1108077976221185,1266960.0733018527,-3.383005295363693,1.1730030199164678,-3.422980589158785,366916.2892621743
98.3,0.125229293709372,-2.9289425459277223,2.9299651993665536,-3.0541718396370943,1443498.4420103685,-3.3197156818026814,1.3582999681330943,-3.4449449755120534,491994.3475814307
98.35,0.213300660303701,-2.7779064640508544,3.1107433906489743,-2.9912071243545553,1627120.6975040606,-3.2472047537934006,1.5418308307440807,-3.4605054140971014,633931.2828354619
98.4,0.301372026898056,-2.617946348519151,3.2868331618704585,-2.919318375417207,1816547.3200335973,-3.165565682042208,1.7233780043218145,-3.466937708940264,792008.4655413975
98.45,0.390908854663777,-2.4493100733782613,3.45770776982152,-2.8402189280420385,2010332.8393774629,-3.0749041291529955,1.90269562218787,-3.4658129838167726,965400.1681847696
98.5,0.481569375271146,-2.2722710582932395,3.6228537640670337,-2.7538404335643856,2206952.589905951,-2.97533687908495,2.079568571286191,-3.456906254356096,1153228.1180483438
98.55,0.572229895878568,-2.087129872207192,3.7816900419146395,-2.6593597680857597,2404713.0225203773,-2.866992253497364,2.2537434435250057,-3.439222149375932,1354495.8691285201
98.6,0.663444454873661,-1.8942174969707746,3.933600969990035,-2.5576619518444357,2601788.5620328723,-2.7500120315942795,2.424949168562681,-3.4134564864679406,1568100.9253634235
98.65,0.754797523465718,-1.6938955702763807,4.077965762390086,-2.448693093742099,2796266.410195658,-2.6245513989561124,2.5929116996524875,-3.3793489224218307,1792850.9552519338
98.7,0.846102846820822,-1.4865574858425925,4.214138600355131,-2.3326603326634148,2986132.1664284347,-2.490779907357915,2.7573318887153766,-3.336882754178737,2027434.438540455
98.75,0.935864407514456,-1.2726300705091147,4.341412024900071,-2.208494478023571,3169227.421913609,-2.348883207788298,2.9178524111307564,-3.284747615302754,2270363.3848377517
98.8,1.025625968208135,-1.052576269651756,4.459089075975677,-2.078202237859891,3343364.227600632,-2.19906586214739,3.0741012611183995,-3.2246918303555248,2520026.2836292624
98.85,1.11425239365539,-0.8268922317594619,4.566505087239042,-1.9411446254148519,3506382.474470276,-2.0415506160664414,3.225697929915563,-3.1558030097218315,2774700.569349746
98.9,1.19968137707283,-0.5961096961891119,4.66288833420153,-1.795791073261942,3655959.918296112,-1.8765818611991776,3.3721466841412537,-3.0762632382720074,3032366.2024972946
98.95,1.28511036049027,-0.36079887823495743,4.747546945573725,-1.6459092387252274,3789919.0266465554,-1.704429854350976,3.512960835668212,-2.989540214841246,3290905.0221169875
99.0,1.36687098265896,-0.12156167579746785,4.81980942999366,-1.4884326584564278,3906169.9029924893,-1.5253884923639556,3.6476116104248586,-2.8922594750229154,3548018.7894683285
99.05,1.4447828323699825,0.12096223830952713,4.878887282014283,-1.3238205940604555,4002514.9672522764,-1.3397826964114763,3.7754218056790614,-2.784565528781459,3801015.9495458524
99.1,1.52269468208093,0.3660978746937751,4.924220243177759,-1.1565968073871549,4077240.53954658,-1.147970001259609,3.8958109036880044,-2.670664683340539,4047291.359278492
99.15,1.59233151624549,0.6131435851842992,4.955118556729395,-0.9791879310611908,4128568.505083708,-0.95033786679112,4.008024085266347,-2.54266938303661,4283801.884820037
99.2,1.65875028880867,0.8613565322994525,4.970831993533709,-0.7973937565092175,4154794.663843978,-0.7473186036847652,4.111177445333888,-2.406068892493435,4507141.329872552
99.25,1.72516906137184,1.1099692756813393,4.971102358814218,-0.6151997856905007,4155246.637587962,-0.5393809490565878,4.204682962225779,-2.2645500104284277,4714495.683421801
99.3,1.775691408959564,1.3581966689952425,4.955175051332651,-0.4174947399643214,4128662.647400048,-0.3270289842539914,4.2874685653338025,-2.102720393213555,4901969.786326799
99.35,1.82537710260116,1.6052056481634516,4.922388531734231,-0.22017145443770847,4074207.799843153,-0.11083102354817526,4.358441616470823,-1.9362081261493354,5065603.553115946
99.4,1.87100392908828,1.8501552322072043,4.87279348366353,-0.020848696881075712,3992522.8171377745,0.1086083618481131,4.4170093625967946,-1.762395567240167,5202659.122471398
99.45,1.89838815484805,2.092193822274478,4.805738520731553,0.1938056674264279,3883395.9185491926,0.3306417353890753,4.461889811571275,-1.5677464194589745,5308922.850827614
99.5,1.92577238060781,2.3304332706051687,4.7209437298337,0.4046608899973587,3747563.8704585494,0.5545516656022864,4.492035532174544,-1.3712207150055236,5380902.192618305
99.55,1.94205430635838,2.5639962528493454,4.618642376704287,0.6219419464909655,3586906.5926637165,0.7795885377575011,4.506782077832117,-1.1624657686008788,5416289.252551674
99.6,1.94287800578035,2.7919999072820216,4.498495865356771,0.8491219015016715,3402718.6910169763,1.0049519862970229,4.504862337339223,-0.9379260194833272,5411675.914233976
99.65,1.94370170520231,3.013554716141324,4.360889243102427,1.069853010939014,3197727.9192949124,1.2297863930318984,4.485647864750544,-0.7139153121704116,5365609.804410965
99.7,1.92617014440433,3.2278046345502336,4.206241477726351,1.3016344901459036,2974950.874863341,1.4532177975595062,4.448503748672422,-0.4729523468448238,5277116.160520692
99.75,1.89875498194946,3.4338971899458697,4.0347014494044,1.5351422079964097,2737248.358518148,1.6743221785249414,4.392493945681655,-0.22443280342451866,5145067.483426665
99.8,1.8713398194945656,3.6310123848869,3.8474215203562983,1.7596725653923342,2489034.6075751707,1.8921549382704712,4.317757682489328,0.020815118775905583,4971475.041252163
99.85,1.82049187725631,3.818388418025504,3.645096654565547,1.9978965407691942,2234135.4140247363,2.1057800576240626,4.223960176672245,0.2852881803677527,4757823.886430139
99.9,1.76644855595668,3.995283352066081,3.4284523103003934,2.2288347961094006,1976458.141243831,2.314228843301534,4.110845284981698,0.5477802873448538,4506413.055215003
99.95,1.70994472924188,4.161023216688844,3.199182341394586,2.451078487446964,1720954.4802224245,2.5165587522019863,3.979388441484596,0.8066140229601064,4222808.631525654
100.0,1.63353317689531,4.315009509320351,2.9583942089822735,2.6814763324250412,1471646.4351151292,2.711867917022699,3.8299575756234496,1.0783347401273888,3911620.0082867877
100.05,1.5571216245486967,4.4566921262894175,2.707371897859977,2.8995705017407207,1232500.8536065347,2.899266721779993,3.663265100726438,1.3421450972312963,3578536.319520075
100.1,1.4749024637681,4.585606035743733,2.4479074417608837,3.1107035719756326,1007584.2739915194,3.0779323138723016,3.48085169388379,1.6030298501042015,3231020.93728364
100.15,1.38140971014492,4.701365499591121,2.181399869068831,3.319955789446201,800132.5916938729,3.2471092654546805,3.2838874381086245,1.8656995553097604,2875711.1216447004
100.2,1.28791695652174,4.803654443088342,1.9093901247312424,3.515737486566602,613028.6044279481,3.4061044396252638,3.073926476481566,2.1181874831035237,2519739.7287505
100.25,1.18835712230216,4.8922395038638165,1.6334745042330943,3.703882381561656,448658.72299805196,3.55431589401111,2.8528055378271984,2.36595877170895,2170266.5164420083
100.3,1.0844038848920403,4.966959752322757,1.355023502527132,3.8825558674307166,308734.4205801566,3.691227077273218,2.6222083775643363,2.606823192381178,1833593.8067649573
100.35,0.980450647481996,5.027722576369886,1.0754063748744573,4.04727192888789,194462.83306180884,3.816410502148088,2.384032350169678,2.835959854666092,1515629.399108149
100.4,0.871806086956511,5.074501076701482,0.7958229357421422,4.2026949897449715,106493.79363638524,3.9295343409962125,2.140093892140995,3.0577282540397013,1221333.8312477851
100.45,0.761988695652174,5.107322460858776,0.5172858403224507,4.345333765206602,44993.789958577465,4.030351991733654,1.8920743685501848,3.26836329608148,954652.1109665548
100.5,0.652230532374111,5.126262346663975,0.24070059651198472,4.474031814289864,9741.946236683769,4.1187021505338,1.6416686378487793,3.4664716181596895,718686.9110656711
100.55,0.5438938417265703,5.131437558211139,-0.03319157518035992,4.587543716484569,185.2452675891992,4.194505676821013,1.3904624599509192,3.6506118350944425,515569.56067540316
100.6,0.435557151079122,5.1229974077150535,-0.3038384908188757,4.687440256635932,15523.047121896465,4.257758251089346,1.139838428379788,3.822201100010224,346461.77141634806
100.65,0.328219186956512,5.101114242525827,-0.5708606163445465,4.772895055569315,54796.340984586364,4.308518868555648,0.8909659266421093,3.9802996815991363,211685.40864992866
100.7,0.223723752173913,5.065975932733304,-0.8340140520285629,4.842252180559391,116960.20783205834,4.346901174947969,0.6448635970040573,4.123177422774056,110893.08233093632
100.75,0.1192283173913139,5.017779213779393,-1.093189559655365,4.8985508963880795,200947.3790677606,4.373064800705487,0.40232784469678146,4.253836483314173,43164.71856489534
100.8,0.0176486072463343,4.956723447360045,-1.348380800245964,4.939074840113711,305714.8361016447,4.387203677953642,0.16396714193455814,4.369555070707308,7169.392969116676
100.85,-0.0810153782608848,4.883006488431734,-1.5996533747519213,4.964021866692619,430272.0824896081,4.38953904324556,-0.0697488606781485,4.470554421506445,1297.3076175732724
100.9,-0.179679363768132,4.796821455083955,-1.847126489979489,4.976500818852087,573699.7606184733,4.380310920318169,-0.2985422581772431,4.559990284086301,23767.32797801805
100.95,-0.273110410071949,4.698354838899564,-2.090939933147985,4.971465248971513,735147.5415614374,4.359769694547505,-0.5222485762756797,4.632880104619454,72731.62011252652
101.0,-0.364702856115102,4.587786193639224,-2.3312286569782947,4.952489049754326,913821.0156404852,4.32817190679177,-0.7408078874768295,4.692874762906872,146345.68697276877
101.05,-0.4562953021583063,4.465288854830164,-2.568103048011095,4.92158415698847,1108961.03788295,4.285773584973914,-0.9542889515841497,4.74206888713222,242844.6408308202
101.1,-0.541848391304356,4.3310318113623785,-2.8016191918951807,4.872880202666734,1319804.4943760072,4.23282579927415,-1.1628053407197168,4.774674190578506,360564.3361083458
101.15,-0.627149840579719,4.185183128679061,-3.031760972226739,4.8123329692587795,1545543.778928865,4.169573056236116,-1.3665224631518251,4.796722896815835,497968.9712796084
101.2,-0.710575028776987,4.027913439490919,-3.2584357103889885,4.7384884682679065,1785293.8493078921,4.096249970922376,-1.5656550968032539,4.806824999699362,653673.5685722684
101.25,-0.786495172661877,3.859401043864807,-3.481415802908068,4.645896216526684,2037995.346678014,4.0130806314410075,-1.7604025313297798,4.799575804102885,826404.5526166123
101.3,-0.8624153165468085,3.67983916293927,-3.700353751107629,4.542254479486078,2302384.664713302,3.920279426392928,-1.950966621556625,4.782694742939737,1015005.5355808191
101.35,-0.93412806521741,3.489440644493841,-3.9147877691179964,4.423568709711251,2576960.970373889,3.818050491092645,-2.1375377994239395,4.752178556310055,1218418.0917243036
101.4,-1.00003060144929,3.288446340426372,-4.124058348487596,4.288476941875662,2859835.136909495,3.706590095738735,-2.320239463071227,4.706620697188025,1435602.9775981484
101.45,-1.06593313768117,3.077133619609003,-4.327396310347234,4.143066757290173,3148797.5313493055,3.5860895831416335,-2.4991564021336083,4.652022720822804,1665542.0592867741
101.5,-1.12341496402878,2.8558215164480782,-4.523838849688711,3.9792364804768585,3441166.18920874,3.456737569712224,-2.674282139763324,4.580152533741004,1907142.6568152274
101.55,-1.1765588489208951,2.624884539703235,-4.712188161994014,3.80144338862413,3733676.129109913,3.318726675825546,-2.84548523370568,4.495285524746441,2159142.990729885
101.6,-1.22970273381296,2.384757456349238,-4.891249822178498,3.614460190162198,4022824.4923887607,3.172257158515959,-3.0125980840673128,4.401959892328919,2420199.2576336116
101.65,-1.27099942028986,2.135939029384025,-5.059537040041622,3.406938449673885,4304403.290048781,3.0175408274953313,-3.175266512600745,4.288540247785191,2688617.9802783197
101.7,-1.31068057971015,1.8790108683445292,-5.2153970612758975,3.1896914480546794,4573683.955350289,2.85481288581544,-3.3329881154021495,4.16549346552559,2962349.273976526
101.75,-1.34868260869565,1.6146309141127857,-5.357363055857829,2.963313522808436,4826069.282833822,2.684332598003348,-3.485270922253844,4.033015206698998,3239230.240402176
101.8,-1.3743710144927672,1.3435365222372266,-5.483610799404612,2.717907536729994,5056204.623999154,2.506389229841742,-3.6313405708213966,3.8807602443345095,3516435.8243449247
101.85,-1.40005942028986,1.0665617353629884,-5.592351028343508,2.4666211556528483,5258722.371683529,2.3213165874773285,-3.770325092228231,3.7213760077671885,3790760.346956218
101.9,-1.42105438848921,0.7846180850885569,-5.682098353603311,2.205672473577767,5428863.085547832,2.129488570766015,-3.9013954306062053,3.550542959255225,4058903.014921328
101.95,-1.4337054676259,0.49869687830689047,-5.751155422885239,1.9324023459327906,5561623.739217149,1.9313271530267364,-4.023455739538869,3.365032620652636,4316852.290140871
102.0,-1.44635654676259,0.20987046691818567,-5.798150178844653,1.6562270136807757,5652887.144039807,1.7273107147163098,-4.135453374505932,3.1736672614789,4560526.56339
102.05,-1.4526177536231903,-0.08073189897699401,-5.821983858457588,1.3718858546461963,5699455.792092432,1.5179668905644474,-4.23634588252722,2.970584644187638,4785767.049708089
102.1,-1.4542518115942,-0.37192391149365933,-5.8215926318988185,1.0823279001005406,5698689.832030669,1.303881096884483,-4.3249413680208235,2.758132908478683,4988031.423151423
102.15,-1.45588586956522,-0.6624787266354741,-5.79647236233837,0.7934071429297458,5649616.054193827,1.0856940187210022,-4.400264678981835,2.541579888286222,5163287.79869203
102.2,-1.44974978417266,-0.9511527602493366,-5.746265804558455,0.4985970239233235,5552170.801456116,0.8640932332692863,-4.461274477685296,2.3138430174419464,5307458.65739899
102.25,-1.44190805755396,-1.2366847874914642,-5.6708455138595175,0.20522327006249586,5407381.7133552795,0.6398224721435647,-4.50693573258824,2.081730529697525,5416658.586048187
102.3,-1.4337050724637552,-1.5178258668475053,-5.570755007246928,-0.08412079438375009,5218185.503900815,0.41366645440033634,-4.536595959158773,1.8473715268640916,5488187.439108189
102.35,-1.41683188405797,-1.7933572850019448,-5.446500592243347,-0.3765254009439749,4988000.699954487,0.18644326248110604,-4.549439136521805,1.603275146539076,5519305.721844338
102.4,-1.39995869565217,-2.062086601020879,-5.298900582798864,-0.6621279053687092,4721314.578681323,-0.04098602829397033,-4.5448048331490885,1.3589726673581997,5508066.925710751
102.45,-1.38051892086331,-2.3228809793644736,-5.1293309937877485,-0.9423620585011636,4423976.843029105,-0.2677418440738851,-4.522456401960841,1.112777076789425,5454029.842036424
102.5,-1.35447935251799,-2.5746748246964994,-4.939080209883451,-1.2201954721785095,4101885.6911714138,-0.49293025144100844,-4.482031750521537,0.8615491010769815,5356962.296715507
102.55,-1.3284397841726512,-2.8164710109140287,-4.729757376575642,-1.4880312267413776,3761569.771810165,-0.7156426379024193,-4.423473473050087,0.6127971462702319,5217898.017807413
102.6,-1.2974254347826,-3.047363161447284,-4.5031969835477375,-1.7499377266646838,3409834.376689894,-0.934978629536837,-4.346986244931509,0.362446805245763,5039010.510299665
102.65,-1.26143630434782,-3.2665321449844535,-4.261127122901012,-2.0050958406366335,3053095.41411373,-1.1500448996353776,-4.252726425838488,0.11139140471244247,4822848.547473334
102.7,-1.22544717391304,-3.4732509544653283,-4.005562266934624,-2.2478037805522884,2697853.544730059,-1.3599647004450637,-4.141280386097248,-0.13451752653202376,4573387.529673005
102.75,-1.18226294964028,-3.6668959061499713,-3.7384504910520295,-2.4846329565096914,2350036.797002452,-1.5638971976896492,-4.01329825468135,-0.3816342480493693,4295083.434940898
102.8,-1.1365507194244369,-3.8469343762009816,-3.461638232628172,-2.7103836567765445,2014905.8281425927,-1.7610304088185618,-3.8694758123239663,-0.6244796893941249,3992758.149909392
102.85,-1.09083848920863,-4.012932462261368,-3.1771841614459215,-2.922093973052738,1697368.6364623874,-1.9506004956239016,-3.711001121450759,-0.8597620064152716,3672407.819575678
102.9,-1.03636617391304,-4.164554751552018,-2.88684436644206,-3.1281885776389777,1401322.6368453566,-2.131902955730536,-3.538878214038029,-1.0955367818174957,3339642.403678131
102.95,-0.981528855072458,-4.301546408330189,-2.592266828424984,-3.320017553257731,1129928.0770858242,-2.3042790600222443,-3.3542019376925802,-1.3227502049497861,3000178.837018843
103.0,-0.925156173913038,-4.423739720652049,-2.2951777646117604,-3.4985835467390105,885776.2899325838,-2.4671388494817057,-3.1584684135599015,-1.5419826755686676,2660246.058521494
103.05,-0.8626420434782253,-4.531045890738735,-1.996983772522671,-3.66840384726051,670564.3595524983,-2.619962711695318,-2.9529444237418896,-1.7573206682170928,2325301.5385888857
103.1,-0.800127913043466,-4.623441281150809,-1.6989704825727792,-3.823313368107343,485358.9725860155,-2.762292712848082,-2.738983139663847,-1.9621647998046159,2000540.9704967532
103.15,-0.735288633093517,-4.700966005170695,-1.4023318679976824,-3.9656773720771783,330668.6347936965,-2.893745374490607,-2.5180798246484093,-2.15845674139709,1690860.2675470305
103.2,-0.667490071942439,-4.763713369421404,-1.108018525694273,-4.096223297478964,206436.00161418543,-3.014007145629217,-2.2915598300725697,-2.346517073686778,1400332.38794726
103.25,-0.599691510791362,-4.811820409259939,-0.8168488825453064,-4.212128898468577,112195.3438472142,-3.1228303940243047,-2.0607764031237004,-2.5231388832329427,1132479.8356457215
103.3,-0.5289045434782195,-4.8454616065302005,-0.5294725122685684,-4.316557063051981,47138.76849532934,-3.22003490216105,-1.8269949159161083,-2.6911303586828303,890109.4460755487
103.35,-0.456578094202885,-4.864838929643368,-0.24636496532302365,-4.408260835440483,10205.852613013616,-3.3054986030567184,-1.591330544058514,-2.8489205088538334,675288.7734542843
103.4,-0.384251644927529,-4.870175614841934,0.032098647215902665,-4.485923969914405,173.2466536046879,-3.3791552466825814,-1.3548969134861386,-2.9949036017550523,489532.17231313733
103.45,-0.309944869565217,-4.861710649643142,0.30567246474213655,-4.551765780077925,15711.007395192444,-3.4409919374746667,-1.1186759395382484,-3.1310470679094498,333716.22872047545
103.5,-0.235418057971022,-4.839692273014171,0.5742166826719699,-4.604274215043149,55442.52578110603,-3.491040802029641,-0.8835262265950785,-3.255622744058619,208164.95815502352
103.55,-0.1608561122301867,-4.804374050298125,0.8376604572593223,-4.643517938067938,117985.17049735783,-3.529375817514666,-0.6502457278383582,-3.3685197052844793,112751.86841920967
103.6,-0.0860783424460374,-4.756011335334916,1.096000472056303,-4.669932992888879,201982.09746005683,-3.5561079357890146,-0.4195130452231648,-3.4700295933429772,46930.98536331016
103.65,-0.0113005726618666,-4.694858372789046,1.3492801880427803,-4.683557800127179,306122.8037804351,-3.5713791255536957,-0.191895044782593,-3.560078552891829,9819.655523230233
103.7,0.0632942173913071,-4.621166525901973,1.5975684446944451,-4.68446074329328,429151.21143541066,-3.5753573001221604,0.032136519616056486,-3.6386515175134675,275.40157147551554
103.75,0.137563710144931,-4.535183445209789,1.840942071167875,-4.67274715535472,569864.5495164318,-3.5682317005404514,0.25219919477255054,-3.7057954106853823,16961.182358379436
103.8,0.2118332028985965,-4.437153042300594,2.079472037104269,-4.64898624519919,727105.7261316754,-3.550208456488356,0.46800148848547796,-3.7620416593869526,58406.771526566125
103.85,0.283952366906494,-4.327316357513368,2.3131939946550153,-4.611268724419862,899736.8493213257,-3.521506858503417,0.6792893884808134,-3.8054592254099107,123049.08621403667
103.9,0.354637978417276,-4.205914006807957,2.5420924692065054,-4.560551985225233,1086610.9657802226,-3.4823583971900303,0.8858477577877882,-3.836996375607306,209260.33332737387
103.95,0.425323589928058,-4.073188398324964,2.766111713908237,-4.498511988253022,1286562.3172647473,-3.4330028885750137,1.0875602226391445,-3.8583264785030718,315409.9300978415
104.0,0.492141746376811,-3.929386561621636,2.98510420763848,-4.421528307998447,1498340.0513751085,-3.3736852742415024,1.2843008904573225,-3.8658270206183136,439847.6739278591
104.05,0.5581109492753996,-3.7747657394670524,3.1988279302978215,-4.332876688742452,1720573.2005606694,-3.3046575951058363,1.4759550404000226,-3.862768544381236,580918.2083419287
104.1,0.623618230215844,-3.6095965183997416,3.4069834270580057,-4.233214748615586,1951782.5791643532,-3.2261751510267582,1.662486966210185,-3.849793381242602,737030.1100849988
104.15,0.681888733812959,-3.434168243417935,3.6090827961529675,-4.116056977230894,2190206.6137096686,-3.1384970144798268,1.8437319471586047,-3.820385748292786,906492.6647928694
104.2,0.740159237410073,-3.24879919215711,3.804521615042465,-3.988958429567183,2433837.100609659,-3.0418928734560855,2.019521389733427,-3.7820521108661582,1087591.1049575552
104.25,0.79606033333333,-3.05383779937028,3.9926535246564954,-3.84989813270361,2680492.7963429904,-2.93663740265905,2.1897582370729065,-3.73269773599238,1278677.6364876383
104.3,0.8458686666666922,-2.849670072142609,4.172606765802207,-3.6955387388093013,2927563.4146989775,-2.82301393303653,2.3541804702043,-3.668882599703222,1477910.8496776903
104.35,0.895677000000012,-2.6367290557537015,4.343442025826868,-3.5324060557537136,3172191.9130492522,-2.701320484699217,2.51253368651889,-3.596997484699229,1683420.1402379214
104.4,0.940118453237417,-2.415494876007341,4.50413393829511,-3.355613329244758,3411253.4542416665,-2.5718665134294874,2.6645280540162153,-3.5119849666669043,1893255.9335038506
104.45,0.979605863309354,-2.186505316794048,4.653444903515873,-3.166111180103402,3641166.579388159,-2.434981325644195,2.8097017775039017,-3.414587188953549,2105179.754268956
104.5,1.01909327338129,-1.950359423023626,4.790215049525957,-2.9694526964049164,3858348.188515496,-2.291016368604715,2.9476726010563508,-3.3101096419860054,2317006.3368048836
104.55,1.0511390579710285,-1.7077140389726093,4.913171965527823,-2.758853096943638,4058965.178657767,-2.1403424305237895,3.0779396970323893,-3.191481488494818,2526323.40761809
104.6,1.08057021739131,-1.4592953252117093,5.0209466849815465,-2.539865542603019,4238992.17649693,-1.9833611274802607,3.1998824221837525,-3.0639313448715706,2730466.0042134826
104.65,1.1100013768116,-1.205890649315168,5.112450738656996,-2.315892026126768,4394906.783719367,-1.8205002996254502,3.313058701334395,-2.93050167643705,2927028.788930013
104.7,1.12956507246377,-0.9483431219946018,5.186387491188624,-2.077908194458372,4522945.114391676,-1.6522129760480377,3.416770806949783,-2.781778048511808,3113152.732593139
104.75,1.14892739130435,-0.687565179185143,5.241536756994146,-1.8364925704894932,4619645.676397316,-1.4789930971730445,3.510291459711576,-2.6279204884773946,3285905.635233074
104.8,1.1661674820143926,-0.42451580644371933,5.277114358773251,-1.590683288458112,4682571.385129604,-1.3013616481199688,3.593144404537125,-2.4675291301343614,3442849.7898283866
104.85,1.17588330935252,-0.16019574472892356,5.2921821079554885,-1.3360790540814436,4709349.861163889,-1.119868645372096,3.6645991021035558,-2.295751954724616,3581143.0877701836
104.9,1.18559913669065,0.10434926347580104,5.286073871851373,-1.081249873214849,4698485.0724969385,-0.9351023309664812,3.7240210864486034,-2.120701467657131,3698222.14728369
104.95,1.1912568115942,0.36805336372434655,5.258481370517006,-0.8232034478698533,4649562.336827531,-0.7476749752692599,3.77093955850116,-1.93893178686346,3791996.041031713
105.0,1.19174956521739,0.6298336084285567,5.209074273656382,-0.5619159567888332,4562601.039670926,-0.558227333405753,3.804723868297549,-1.749976898623143,3860246.3237314844
105.05,1.1922423188405784,0.8885985247935814,5.137944253562712,-0.30364379404699704,4438846.951820823,-0.3674282280150628,3.8249742383648186,-1.5596705468556413,3901447.4464412066
105.1,1.18653683453237,1.143270285264936,5.045362160697621,-0.04326654926743401,4280318.506263296,-0.17596175987264032,3.831318032316714,-1.3624985944050103,3914399.430601392
105.15,1.1779145323741,1.3927829971654697,4.931687728814039,0.21486846479136967,4089616.0303269327,0.01546484029493736,3.823342994030141,-1.1624496920791627,3898120.439999831
105.2,1.16929223021583,1.636102042693738,4.7978032422825265,0.4668098124779081,3870581.910411526,0.20613327223620703,3.8010175459500397,-0.9631589579796229,3852729.169232017
105.25,1.1523147826087,1.8722399394054747,4.644526897365977,0.7199251567967748,3627223.863186203,0.39532434073284184,3.764162777178269,-0.7569904418758581,3778379.0434918455
105.3,1.1344089855072343,2.100247473801973,4.472823573460783,0.9658384882947388,3363991.824538593,0.58230557854567,3.712675819426012,-0.5521034069615643,3675723.1307068295
105.35,1.1152345323741,2.3192394339144697,4.284155271575382,1.2040049015403698,3086183.895801738,0.7663538414349769,3.646909872018147,-0.3488806909391231,3546653.7638995782
105.4,1.08826690647482,2.528401244329818,4.079788454684487,1.4401343378549978,2798766.6137563963,0.9467607921948884,3.5670038107094224,-0.14150611427993165,3392937.649497478
105.45,1.06129928057554,2.726980475733582,3.8611563912784823,1.6656811951580421,2506837.4867331395,1.1228238724952884,3.4732819376119615,0.06152459191974846,3216983.311504401
105.5,1.03109682608696,2.9143074624996492,3.6299610827672453,1.8832106364126893,2215620.2880060384,1.2938695532262656,3.366399004006411,0.26277272713930566,3022037.934446762
105.55,0.9951435652173748,3.0897919236456466,3.3876873238460474,2.094648358428272,1929736.5983163242,1.4592522653198787,3.246830336876025,0.46410870010250393,2811175.263055595
105.6,0.959190304347823,3.2529187375300737,3.1359636348149356,2.2937284331822507,1653611.2990248937,1.6183532499440567,3.115304291209742,0.6591629455962337,2588032.220487956
105.65,0.918369869565215,3.4032580488608093,2.876423359691174,2.484888179295594,1391223.834614355,1.7705974158146165,2.972664431238155,0.8522275462494014,2356462.3521995903
105.7,0.87430465217391,3.5404551201390726,2.6105217539105467,2.6661504679651626,1145898.1771905355,1.9154469573415616,2.819662136283953,1.0411423051676516,2120131.88341157
105.75,0.830239434782605,3.6642302434252034,2.33981491858272,2.8339908086425982,920564.8893763198,2.0524080505090465,2.657325031558485,1.2221686157264415,1883033.6862259475
105.8,0.7804163812949365,3.7743793766148754,2.0656689045549372,2.993962995319939,717484.9888413973,2.181039417656748,2.486585964212762,1.4006230363618115,1648829.2686453096
105.85,0.729496597122296,3.8707603118401055,1.789306342523452,3.1412637147178097,538345.141692065,2.300941634234989,2.3083447304129634,1.571445037112693,1420921.4385134126
105.9,0.678223913043478,3.9532943253660697,1.5119949627462304,3.2750704123225916,384407.7049691285,2.411767840505685,2.123738119991184,1.7335439274622069,1202736.960614317
105.95,0.621422463768115,4.0219608509506815,1.234740173626737,3.4005383871825665,256355.44872007804,2.5132246925719817,1.9336849238114968,1.8918022288038667,997103.3025535665
106.0,0.564621014492752,4.076784317561653,0.958436309932488,3.5121633030689012,154460.6692351103,2.6050608041705865,1.7390965163228722,2.0404397896778343,806521.7848230269
106.05,0.5066682374100377,4.117835172597919,0.6839670721967218,3.6111669351878817,78661.42032950604,2.6870763391760235,1.5410242666650997,2.1804081017659858,633268.2107868557
106.1,0.44602902877697,4.145223252731346,0.41202556764559994,3.699194223954376,28545.63629861365,2.7591199918979363,1.3403543167385688,2.3130909631209664,479079.9185065908
106.15,0.385389820143884,4.159090121496835,0.14322152110287095,3.773700301352951,3449.1172582768345,2.8210831203476263,1.1379609362341916,2.4356933002037424,345321.3579719995
106.2,0.323328376811597,4.15960670005802,-0.12190996300660167,3.8362783232464226,2499.020359461622,2.872901682201411,0.9346992130480101,2.549573305389814,232976.6983660185
106.25,0.259954101449277,4.1469673595990555,-0.38295199049937156,3.8870132581497785,24659.26102888804,2.91455089792596,0.7313045812780579,2.654596796476683,142615.03749287347
106.3,0.1965798260869219,4.121385871971967,-0.6395359822720486,3.924806045885045,68773.53752779514,2.9460419193201126,0.5284919946354901,2.749462093233191,74481.01023834638
106.35,0.132901126666655,4.0830934868579405,-0.8913400132583724,3.9501923601912856,133591.30773871767,2.9674210949707116,0.326934675633771,2.8345199683040567,28503.008568469082
106.4,0.0691262933333273,4.032336041724034,-1.1380967781733549,3.9632097483907067,217795.94175103222,2.9787662633744088,0.12722540270455815,2.9096399700410815,4316.347491556532
106.45,0.00535146,3.9693718789848385,-1.379571767700839,3.9640204189848385,320022.11541373853,2.980183324302316,-0.07010691826896079,2.974831864302316,1310.661330445533
106.5,-0.0566105759712214,3.8944710043867388,-1.6155202332774061,3.95108158035796,438850.0969311171,2.97180390009902,-0.26454401706950814,3.0284144760702416,18662.276524605928
106.55,-0.1185726119424774,3.8079158897609466,-1.8457078786557883,3.926488501703424,572818.8848840316,2.953784728060941,-0.45563656840993716,3.0723573400034185,55361.248659302226
106.6,-0.179882840579721,3.7099998599858623,-2.069917575401754,3.8898827005655834,720439.472477711,2.9263019561087105,-0.6430298411455078,3.1061847966884315,110263.3004276312
106.65,-0.238882115942035,3.6010284085227986,-2.2878706722746847,3.8399105244648335,880145.2262617773,2.889549695339115,-0.826349278689946,3.1284318112811498,182094.16810437175
106.7,-0.297881391304348,3.4813220019769577,-2.4992709150637564,3.7792033932813056,1050311.3671158934,2.843740160030577,-1.005283258338127,3.141621551334925,269491.8478653124
106.75,-0.354656949640284,3.3512161200449646,-2.7037820270303143,3.7058730696852487,1229234.5232626188,2.789099123735689,-1.1795541831920575,3.143756073375973,371026.1522895685
106.8,-0.4088220575539824,3.2110659830863324,-2.900960776270508,3.6198880406403147,1415060.828004849,2.7258680074486463,-1.3488308834406768,3.1346900650026286,485158.60056622844
106.85,-0.462987165467635,3.0612497638002187,-3.0903552167617887,3.524236929267854,1605861.9163238024,2.6543034580026745,-1.512863377656933,3.1172906234703097,610334.8265214784
106.9,-0.514038884057976,2.902168910941293,-3.2714411298080845,3.416207794999269,1799573.6040389747,2.5746734245354697,-1.6713915449190146,3.0887123085934456,744946.5857138055
106.95,-0.56362547826087,2.7342544506229274,-3.4435980299512265,3.2978799288837974,1993959.3337251209,2.487261108630995,-1.8241120653083422,3.050886586891865,887302.6204809244
107.0,-0.613212072463764,2.557967804130096,-3.606232850922439,3.17117987659386,2186748.946079899,2.3923625817817906,-1.9708112923422862,3.005574654245555,1035759.240006366
107.05,-0.6572833884892284,2.3738024574251404,-3.7585891886330045,3.031085845914369,2375423.867268227,2.2902861483004893,-2.1111407985114834,2.9475695367897177,1188510.792303921
107.1,-0.700875115107919,2.182293776261548,-3.899852962686174,2.883168891369467,2557336.4066721564,2.1813608749541857,-2.2447284454543106,2.882235990062105,1343681.5450217936
107.15,-0.743616536231888,1.9840136695155945,-4.0293278445308705,2.7276302057474826,2729962.0220653834,2.0659295840041603,-2.37133988760129,2.8095461202360483,1499534.0966743731
107.2,-0.781134652173913,1.7795718776698928,-4.146151109913103,2.560706529843806,2890557.7327081654,1.944349835153175,-2.4905749059133138,2.725484487327088,1654123.5631906965
107.25,-0.818652768115939,1.5696233155481696,-4.24949261746321,2.388276083664109,3036445.940453857,1.8170013552761926,-2.602055152585588,2.635654123392132,1805517.6045592558
107.3,-0.8532371739130554,1.3548594734714783,-4.338626606747597,2.208096647384534,3165162.020302157,1.6842786969834922,-2.7054736814793845,2.5375158708965477,1951890.0909806972
107.35,-0.883035000000004,1.136011985670379,-4.412685306928435,2.019046985670383,3274140.4746490656,1.5465963612863307,-2.8003506996449707,2.4296313612863347,2091190.4109338874
107.4,-0.912832826086961,0.9138538841664902,-4.470973844217408,1.8266867102534512,3361210.052665455,1.4043922043572867,-2.886314514126812,2.3172250304442477,2221549.726522425
107.45,-0.936910158273383,0.6891885397903302,-4.512832226098631,1.6260986980637133,3424441.656791969,1.2581202418355786,-2.9629596147198187,2.1950304001089616,2341101.247589498
107.5,-0.957481381294963,0.46285658261204043,-4.53754270317092,1.4203379639070035,3462046.0942809246,1.1082604345420402,-3.0297548135860604,2.0657418158370033,2447843.7947861077
107.55,-0.9780526043165524,0.23572616693291495,-4.544747630833817,1.2137787712494674,3473049.228259635,0.9553137828109041,-3.08641070137377,1.9333663871274565,2540248.271347874
107.6,-0.990041043478262,0.008681470049133139,-4.533981595272514,0.9987225135273952,3456614.1313673975,0.799796356306436,-3.132448889355532,1.7898373997846981,2616596.278513255
107.65,-1.00039466666667,-0.21736559028010735,-4.504840581875432,0.7830290763865627,3412323.906177368,0.642254495604943,-3.167353571141625,1.642649162271613,2675234.305232961
107.7,-1.00986647482014,-0.44149793446473995,-4.457429546072524,0.5683685403554001,3340876.1048707776,0.48324911519732594,-3.1909741723202596,1.493115590017466,2715284.3115773243
107.75,-1.00919741007194,-0.6628014124930551,-4.391599983297846,0.34639599757888495,3242925.2996958997,0.32335319210505437,-3.202831005989216,1.3325506021769944,2735500.387446905
107.8,-1.0085283453237388,-0.8803517676850797,-4.307409832112953,0.12817657763865908,3119778.6770395185,0.16316848815940474,-3.202543162286829,1.1716968334831435,2735008.7216826994
107.85,-1.00450608695652,-1.0932453637515451,-4.205406745711341,-0.08873927679502502,2973770.229222166,0.003301546112967263,-3.1900990356021186,1.0078076330694874,2713795.161853218
107.9,-0.992659710144925,-1.3006007935362427,-4.085913834908043,-0.30794108339131765,2807177.0396692907,-0.1556337125686932,-3.1651971297851165,0.8370259975762319,2671592.765439984
107.95,-0.980813333333332,-1.5015558496509998,-3.949574620948219,-0.5207425163176678,2622962.263518972,-0.31300945594213514,-3.127776929553207,0.6678038773911968,2608796.9389454103
108.0,-0.963235366906474,-1.6952920870323294,-3.7972726848101144,-0.7320567201258553,2424571.332461284,-0.4682046741629425,-3.0779574847396116,0.49503069274353156,2526352.6074305596
108.05,-0.9407749352517856,-1.881029889345105,-3.629783379718123,-0.9402549540933194,2215403.364003467,-0.6205980366981563,-3.0157126075534655,0.3201768985536293,2425206.008361846
108.1,-0.918314503597116,-2.0580365530337983,-3.448265838541669,-1.1397220494366822,1999368.6344307691,-0.7695744628931991,-2.941383301679072,0.1487400407039169,2307129.527305728
108.15,-0.888131753623182,-2.225641061754937,-3.2538281003779552,-1.337509308131755,1780248.4087495035,-0.9145396010259617,-2.855252453786849,-0.026407847402779683,2173991.0866282196
108.2,-0.855510376811591,-2.383221756411618,-3.047535966799727,-1.527711379600027,1561669.3079273684,-1.0549071331671818,-2.7575704933649674,-0.19939675635559073,2027785.3402338962
108.25,-0.822889,-2.530221343911905,-2.8308448573782434,-1.7073323439119048,1347483.7389307886,-1.1901157782834697,-2.6490385326235155,-0.3672267782834697,1871308.0392864398
108.3,-0.7814389999999772,-2.6661526463098344,-2.6049390641143066,-1.8847136463098573,1141002.3330988872,-1.319637581180787,-2.5301055341621117,-0.5381985811808098,1707049.0703993987
108.35,-0.73998899999999,-2.790581530075731,-2.371007564490114,-2.0505925300757406,945273.0462313404,-1.442961535844311,-2.4012858999201208,-0.7029725358443211,1537646.3928413827
108.4,-0.696755405797092,-2.903143968223005,-2.1305069386018767,-2.206388562425913,763233.2838253245,-1.5596163241577843,-2.2634761621009667,-0.8628609183606922,1366219.8230398193
108.45,-0.647198159420285,-3.0035419625336446,-1.8845881109822575,-2.3563438031133597,597206.1747375083,-1.6691696914529244,-2.1172999638730285,-1.0219715320326395,1195455.7698711276
108.5,-0.597640913043478,-3.091532059873202,-1.6344211684385828,-2.493891146829724,449178.90525527013,-1.7712192044918582,-1.963496019348042,-1.17357829144838,1028084.4314654951
108.55,-0.54505466666664,-3.1669337555476464,-1.3812302771798717,-2.6218790888810064,320792.0336764339,-1.865407216852902,-1.8029668742656528,-1.3203525501862619,866850.546586469
108.6,-0.488912637681154,-3.229621667808752,-1.1260295783274583,-2.740709030127598,213201.86167419722,-1.9514161510134962,-1.6364523908626485,-1.4625035133323423,714127.0473493544
108.65,-0.432770608695652,-3.279520649825329,-0.8698594011494634,-2.8467500411296767,127229.99744017198,-2.028967280112057,-1.464825157178518,-1.5961966714164049,572190.0642941521
108.7,-0.37344832374101,-3.3166075968689928,-0.6136837319483048,-2.943159273127983,63325.79007963816,-2.0978279551871037,-1.2889534709131458,-1.7243796314460937,443040.2800477456
108.75,-0.312763071942451,-3.3409028860426893,-0.35833468574854876,-3.0281398141002382,21590.817806177907,-2.157804980327448,-1.1096204203528939,-1.8450419083849972,328335.32727043546
108.8,-0.2520778201438558,-3.352469060324221,-0.10466008498779078,-3.100391240180365,1841.8470443394071,-2.2087471064774453,-0.9277107038249289,-1.9566692863335895,229505.90666435866
108.85,-0.188193233333321,-3.351408659927199,0.14663298414989867,-3.1632154265938777,3615.3865787203413,-2.250545857165448,-0.7439866994479751,-2.062352623832127,147604.32238813114
108.9,-0.124030443478248,-3.337855935272032,0.39492033036576424,-3.213825491793784,26224.690937213745,-2.28312737781164,-0.5591551359425018,-2.159096934333392,83374.52428023405
108.95,-0.0597641633093406,-3.311977529698668,0.639557893299199,-3.2522133663893276,68778.25008409712,-2.3064559568576923,-0.3739948673112695,-2.2466917935483517,37299.24287337976
109.0,0.0050454410071978,-3.2739705382015463,0.8799759144334353,-3.279015979208744,130206.59025317109,-2.320533233611456,-0.18921285673896254,-2.325578674618654,9547.068041418444
109.05,0.069855045323773,-3.224058918875223,1.1156587940924456,-3.293913964198996,209292.74859629758,-2.325394438048973,-0.005458528444539951,-2.395249483372746,7.945475407960463
109.1,0.134422536231893,-3.162491791676765,1.3461170211736484,-3.296914327908658,304689.17644594086,-2.321106568865067,0.17665090538548217,-2.45552910509696,8321.477966269487
109.15,0.198595000000009,-3.0895420418892696,1.5708886488850824,-3.2881370418892786,414937.03417132754,-2.3077663328636904,0.3565451569710465,-2.5063613328636993,33899.85305586886
109.2,0.262767463768126,-3.0055048592855065,1.7895468022185705,-3.2682723230536324,538489.8447021523,-2.285497417378674,0.5337212019190416,-2.5482648811468,75962.21903410838
109.25,0.324786550724643,-2.910696921524813,2.0016333970127134,-3.235483472249456,673690.5764194895,-2.2544481284698303,0.7076659993259125,-2.5792346791944736,133544.3110938513
109.3,0.3854858260869913,-2.8054591926453822,2.2066612096645954,-3.1909450187323736,818771.4992268465,-2.2147932010344116,0.8778709794855093,-2.600279027121403,205508.65509942602
109.35,0.446185101449287,-2.6901555869003353,2.404203159456079,-3.1363406883496223,971927.1689847615,-2.166729856720582,1.0439490418357984,-2.612914958169869,290621.22718663514
109.4,0.501574964028785,-2.565172904362087,2.5937041045149165,-3.066747868390872,1131181.3962328548,-2.110475350063503,1.2054067768732901,-2.612050314092288,387468.13272854773
109.45,0.556100503597129,-2.430929195244562,2.7745647551846537,-2.9870296988416913,1294437.618532572,-2.046274369163167,1.3617551417877314,-2.602374872760296,494500.5509827532
109.5,0.609994724637686,-2.287868414622451,2.946307118773229,-2.897863139260137,1459645.6103654192,-1.9743900047375034,1.5126951318668915,-2.5843847293751896,610199.0831930113
109.55,0.6566287826087223,-2.136462221182035,3.1082253872502874,-2.7930910037907575,1624487.60519967,-1.895103544866281,1.6577157117603347,-2.551732327475003,732805.7016045529
109.6,0.703262840579719,-1.9772214727376356,3.259609271816109,-2.6804843133173546,1786580.0672847875,-1.8087249482055394,1.79634682022706,-2.5119877887852584,860496.5062772987
109.65,0.746551093525184,-1.8106868824813716,3.399859242335977,-2.5572379760065553,1943628.549639008,-1.7155807177288769,1.928268114828526,-2.4621318112540607,991524.779377162
109.7,0.78272951079137,-1.6374355261007771,3.5281119886815757,-2.420165036892147,2093033.2100051304,-1.6160195518712257,2.0529060227551477,-2.3987490626625956,1123846.1702038292
109.75,0.818907928057556,-1.4580881611255914,3.643619328203708,-2.2769960891831476,2232324.829223248,-1.5104188588557363,2.1698208777306704,-2.3293267869132923,1255499.3710495725
109.8,0.8489805434782751,-1.2732978190405946,3.7456761844008235,-2.1222783625188697,2359129.898771037,-1.3991728512269739,2.2786141482623297,-2.248153394705249,1384555.3164430032
109.85,0.87385192028986,-1.0837595624306025,3.8333959505579047,-1.9576114827204625,2470920.3994336883,-1.2827026527361036,2.3786966877955815,-2.1565545730259634,1508852.7820079122
109.9,0.898723297101452,-0.8902073276968666,3.906175104766807,-1.7889306247983185,2565634.642169391,-1.1614540426514912,2.469729661945666,-2.0601773397529435,1626550.5608251342
109.95,0.914179841726619,-0.6934032844163598,3.9632854775417043,-1.6075831261429787,2641204.9784265896,-1.035888856041627,2.5512144518711057,-1.9500686977682462,1735652.0478495965
110.0,0.92698092086331,-0.494152927888323,4.003953836546191,-1.421133848751633,2695687.3377845264,-0.906501562343159,2.6225637219641653,-1.8334824832064691,1834090.7935366763
110.05,0.9397820000000005,-0.293286604713632,4.027907507443516,-1.2330686047136323,2728037.7393792267,-0.7738043707120126,2.6836023135181786,-1.713586370712013,1920459.0338986989
110.1,0.941092869565218,-0.09165041293718604,4.0345742566526965,-1.032743282502404,2737075.779373252,-0.6383220215847915,2.733801952246404,-1.5794148911500094,1992979.4970950002
110.15,0.942403739130435,0.10987494836141476,4.023497177859804,-0.8325287907690202,2722066.9177571908,-0.5006130656397311,2.7726711458030606,-1.4430168047701661,2050054.7420716954
110.2,0.941167395683453,0.31040486122354505,3.994761887094548,-0.6307625344599079,2683324.4682855154,-0.36124484631057485,2.8001469845940945,-1.3024122419940278,2090886.1694217068
110.25,0.931864877697842,0.509053952244282,3.9482040983094726,-0.42281092545356,2621142.2166553964,-0.2207946607932471,2.815848477514841,-1.1526595384910892,2114400.706219373
110.3,0.922562359712224,0.7049297599812997,3.883924114697715,-0.2176325997309243,2536488.32246047,-0.07985978749389111,2.819566061097547,-1.002422147206115,2119987.4061048366
110.35,0.908883666666663,0.8971578301105315,3.802340409940703,-0.011725836556131464,2431047.169759674,0.06096240733898495,2.8113150044569624,-0.847921259327678,2107597.881142627
110.4,0.890067724637679,1.084880400353599,3.703760796390966,0.19481267571591998,2306626.388945268,0.20106947342105075,2.790933494579359,-0.6889982512166283,2077149.2723106544
110.45,0.871251782608696,1.2672615020080666,3.588843744081504,0.3960097193993707,2165710.9634217187,0.3398554649844542,2.758538187192984,-0.5313963176242418,2029208.781387188
110.5,0.846798557971015,1.4435049820665569,3.4583461402176137,0.5967064240955419,2011075.212951394,0.4767256611247356,2.7142891391084465,-0.3700728968462794,1964630.808181886
110.55,0.8199293550724484,1.6128489367435914,3.313023582563052,0.7929195816711431,1845612.1896289277,0.6110887393214651,2.6583055682240615,-0.20884061575098323,1884423.5984136136
110.6,0.793060152173906,1.7745789374983685,3.154001134330734,0.9815187853244625,1672688.5564802364,0.7423683467342318,2.5910530332961588,-0.05069180543967422,1790281.5523608602
110.65,0.760365107913664,1.928037952723719,2.9823171978572787,1.167672844810055,1495543.53996228,0.8700122310123176,2.512895542127761,0.10964712309865365,1683905.0681721529
110.7,0.727298201438848,2.0726176785591117,2.799056656847116,1.3453194771202637,1317391.2480870027,0.9934830159187131,2.424247570392998,0.2661848144798651,1567193.675348361
110.75,0.693392492753626,2.2077731915705847,2.605571449077239,1.5143806988169586,1141556.3885173125,1.1122739851197128,2.3258214961351773,0.41888149236608674,1442518.8351691933
110.8,0.6550830724637491,2.333024108030498,2.4030439831916737,1.6779410355667488,970990.1738731058,1.225911496102614,2.2181773847646786,0.570828423638865,1312082.909408392
110.85,0.616773652173904,2.4479472464726277,2.1926944215499167,1.8311735942987237,808439.6749635087,1.3339487831816972,2.1019575668548365,0.7171751310077932,1178193.4967622145
110.9,0.577157208633086,2.5521853838256883,1.9758526909680796,1.9750281751926022,656448.2893415523,1.4359779156774446,1.9779778063543674,0.8588207070443586,1043305.6539814494
110.95,0.535580230215825,2.645444415612337,1.753722108086728,2.109864185396512,517145.73717643245,1.5316294774712202,1.8469726874370536,0.9960492472553952,909682.1621702539
111.0,0.494003251798565,2.727489553530013,1.5275050447609764,2.2334863017314484,392334.6827057558,1.6205714652238647,1.7097432600581122,1.1265682134252997,779525.8707504378
111.05,0.4510895579709956,2.7981461984617586,1.2983605173090744,2.347056640490763,283453.612269569,1.702513781872212,1.5671111872590076,1.2514242239012163,654889.9928619564
111.1,0.407356586956514,2.8572944258650774,1.0673406492728958,2.4499378389085633,191556.76528391297,1.7772053715226799,1.419844527714035,1.369848784566166,537588.9287678642
111.15,0.363623615942021,2.9048661645026694,0.835469972272171,2.5412425485606485,117368.91405241186,1.8444344709694382,1.2687497174483915,1.4808108550274173,429260.2254734329
111.2,0.319533237410069,2.9408433169803865,0.6037081674097634,2.6213100795703177,61283.77339772276,1.9040298473613329,1.1146226818027034,1.5844966099512638,331302.3260770802
111.25,0.275384676258996,2.965253496346142,0.3729326013177577,2.6898688200871463,23385.79274214758,1.9558588724719108,0.9582209557205201,1.6804741962129148,244849.9733285192
111.3,0.2312347536231714,2.978166656155182,0.14395733282962628,2.7469319025320105,3484.648514164922,1.9998263128598777,0.8002786193382199,1.7685915592367063,170785.56495196998
111.35,0.187069173913039,2.979691721807998,-0.08247257514495271,2.7926225478949593,1143.6957465671705,2.0358726772729514,0.6414899799872862,1.8488035033599124,109735.83851309036
111.4,0.142903594202893,2.9699732443572597,-0.305675632607397,2.8270696501543666,15711.333041877537,2.063972114268433,0.4825066104253366,1.92106852006554,62083.36776110602
111.45,0.0991209118840539,2.9491886368619005,-0.5250136593308673,2.8500677249778468,46348.17100235621,2.084130552423428,0.32395302452174424,1.985009640539374,27985.483225809556
111.5,0.0561518865217391,2.9175466011233007,-0.739871779667881,2.8613947146015617,92045.8729257348,2.0963848440879116,0.16644189181728394,2.0402329575661726,7387.440893791055
111.55,0.0131828611594002,2.875285485275312,-0.9496914932561861,2.8621026241159115,151654.91540455184,2.1008013427697154,0.010523760672369487,2.087618481610315,29.533210317149514
111.6,-0.0286900547482069,2.822670331830389,-1.15394145644852,2.851360386578596,223902.50245531354,2.097472446667478,-0.14328404983451024,2.126162501415685,5474.751716527578
111.65,-0.0697017417985655,2.759993032010776,-1.3520927422829732,2.8296947738093414,307400.35066008236,2.0865166126221135,-0.29447457385391923,2.156218354420679,23124.073239052625
111.7,-0.110713428848924,2.68757054148216,-1.5436777012294436,2.798283970331084,400686.45059849886,2.0680756624526775,-0.44262771529013295,2.1787890913016015,52245.145158123465
111.75,-0.1501105,2.605742636155666,-1.7282227658013618,2.755853136155666,502216.3402374069,2.042311366785453,-0.5873324334148223,2.1924218667854527,91989.1699575938
111.8,-0.189052166666685,2.51487353002867,-1.9052543643158322,2.703925696695355,610375.8268566347,2.0094064597134444,-0.728197514083421,2.1984586263801296,141405.76520460646
111.85,-0.227934366906478,2.4153492824102,-2.074363341478972,2.643283649316678,723537.5136783565,1.9695606029010717,-0.8649258920364373,2.1974949698075497,199492.4796573405
111.9,-0.263902712230218,2.3075773977605647,-2.235062306472049,2.571480109990783,839983.3239135194,1.922988959659044,-0.9971515294048083,2.1868916718892617,265149.64602515957
111.95,-0.299871057553958,2.1919912485727697,-2.3868716708807405,2.4918623061267278,957964.7645184518,1.8699261344155456,-1.124538177413478,2.1697971919695034,337222.9633227805
112.0,-0.335068826086957,2.069045061218489,-2.529393352986897,2.4041138873054457,1075781.6726652945,1.810619679586739,-1.2468544778403672,2.145688505673696,414572.29037615325
112.05,-0.3678264347826243,1.9392147911877373,-2.662144455544276,2.3070412259703614,1191666.2265840967,1.7453304175312099,-1.3637887587713329,2.113156852313834,495978.6076136141
112.1,-0.400584043478264,1.8030009388943093,-2.784678614295135,2.2035849823725733,1303891.8010344047,1.6743349452902658,-1.4750760684420559,2.07491898876853,580226.5087174595
112.15,-0.431321482014389,1.6609242545495773,-2.8965758038264857,2.0922457365639664,1410786.1661926259,1.597920898966622,-1.5804796390853937,2.029242380981011,666110.903883599
112.2,-0.459870402877698,1.513528868000908,-2.9973452785450507,1.973399270878606,1510653.7876845945,1.5163902915954544,-1.679686147174736,1.9762606944731522,752358.8141361891
112.25,-0.488419323741007,1.3613816795215594,-3.086601017188849,1.8498010032625665,1601962.6466189031,1.430059224196487,-1.7724777535293765,1.918478547937494,837780.6364684121
112.3,-0.5138390362318959,1.2050673066053135,-3.163947964174363,1.7189063428372093,1683255.568628241,1.3392535503400567,-1.8586090302746192,1.8530925865719525,921180.6739782295
112.35,-0.537917659420292,1.0451923015053746,-3.2289740683484935,1.5831099609256665,1753155.787992604,1.2443141102903832,-1.9377947427101299,1.782231769710675,1001346.257300005
112.4,-0.561996282608696,0.8823791220561046,-3.2814515838465823,1.4443754046648007,1810603.6730311755,1.145592129391786,-2.0098991098190164,1.707588412000482,1077251.84844034
112.45,-0.58102002173913,0.7172619708834883,-3.321044315404353,1.2982819926226183,1854559.352812652,1.0434468796820346,-2.074644807219149,1.6244669014211648,1147773.6202990348
112.5,-0.599721108695652,0.5504942837704777,-3.3474669452888217,1.1502153924661296,1884186.9427853473,0.9382547667882941,-2.131765534024811,1.537975875483946,1211846.4778816237
112.55,-0.6173482805755467,0.3827354148048112,-3.3606868679574253,1.0000836953803578,1899098.5110891256,0.8303985963679116,-2.1811922188248705,1.4477468769434583,1268693.19878991
112.6,-0.630083172661872,0.214648544848031,-3.3605356021011508,0.844731717509903,1898927.5565737688,0.7202679327296984,-2.2226779712800027,1.3503511053915704,1317412.6304035704
112.65,-0.642818064748202,0.04690540484304878,-3.34697708119541,0.6897234695912509,1883635.524050746,0.6082659858667692,-2.2560546738314673,1.2510840506149712,1357275.3843511492
112.7,-0.653063492753623,-0.11982827543729674,-3.3201708878313423,0.5332352173163262,1853583.9907784956,0.4947981911439214,-2.2812900012624655,1.1478616838975444,1387809.085296027
112.75,-0.659574724637681,-0.2848918545986668,-3.2801804369422016,0.3746828700390142,1809201.1854935887,0.38027560497679647,-2.2982103838947947,1.0398503296144774,1408472.258304496
112.8,-0.6660859565217416,-0.4476309521581857,-3.2272730354449957,0.21845500436355592,1751309.1394238472,0.26511618596325054,-2.306790720085121,0.9312021424849921,1419008.913672222
112.85,-0.668503438848921,-0.6074092560540238,-3.1617764668035635,0.0610941827948972,1680945.8399221161,0.1497357783608172,-2.3070184762569435,0.8182392172097382,1419289.133277576
112.9,-0.66861818705036,-0.7636035895548345,-3.0839838943385613,-0.09498540250447451,1599247.196449459,0.0345550140526303,-2.2988077397921707,0.7031732011029903,1409204.539874237
112.95,-0.668732935251799,-0.9156120787466236,-2.994461204430105,-0.24687914349482465,1507748.055454372,-0.08000672975685125,-2.2823028785263486,0.5887262054949478,1389041.7144879086
113.0,-0.663520449275362,-1.0628621805819742,-2.893690814293299,-0.3993417313066122,1407977.279640319,-0.19353753772225252,-2.2575361651825165,0.4699829115531095,1359058.543228529
113.05,-0.6574407391304311,-1.2048020495131961,-2.7821769702163217,-0.547361310382765,1301550.1246783526,-0.3056231475360448,-2.22453948188247,0.3518175915943863,1319620.2417210476
113.1,-0.650784827338127,-1.3409139164109767,-2.6607080506028153,-0.6901290890728496,1190380.6062936913,-0.41585927794338967,-2.1836121619344073,0.23492554939473737,1271509.8863327617
113.15,-0.638943100719422,-1.4707172844734566,-2.529907744372041,-0.8317741837540347,1076219.2709475362,-0.5238542281781029,-2.134879059561362,0.11508887254131905,1215388.9597209613
113.2,-0.627101374100718,-1.5937606982152177,-2.390469417266876,-0.9666593241144997,960854.8333795257,-0.629220316533637,-2.0785355585118417,-0.002118942432918991,1152082.6847995024
113.25,-0.613543144927535,-1.7096350056234173,-2.2432790465116073,-1.0960918606958823,846170.7231038911,-0.7315875636310556,-2.0149804735560313,-0.11804441870352056,1082705.6823498902
113.3,-0.5963373478260772,-1.8179715916310855,-2.089068969501276,-1.2216342438050083,733832.5167372323,-0.830602352678862,-1.9444664260584357,-0.2342650048527848,1008253.248551591
113.35,-0.579131550724634,-1.9184386525641253,-1.928663611973532,-1.3393071018394913,625466.9536806833,-0.9259243587739364,-1.86736239800918,-0.34679280804930246,929877.9534662921
113.4,-0.559252159420288,-2.0107491629311047,-1.762930433629486,-1.4514970035108168,522590.7827676605,-1.0172360592704397,-1.7841072947346646,-0.45798389985015164,848810.3571001182
113.45,-0.537272086956522,-2.0946556314104043,-1.5926322992373545,-1.5573835444538824,426503.33718528895,-1.104238513256365,-1.6950581734275227,-0.5669664262998431,766192.5896809199
113.5,-0.515292014492756,-2.169950756463416,-1.4186339713705414,-1.65465874197066,338401.3651275768,-1.1866536694841745,-1.6007163492962617,-0.6713616549914185,683278.0882411605
113.55,-0.4900027625899165,-2.2364704441082206,-1.2417187126800215,-1.746467681518304,259261.3913155112,-1.2642294106477292,-1.501530231843989,-0.7742266480578127,601224.8099043902
113.6,-0.463886215827335,-2.294086000434871,-1.062603169856253,-1.8301997846075357,189860.0581738322,-1.3367328689884996,-1.3979139171266868,-0.8728466531611646,521110.2185857273
113.65,-0.437696594202896,-2.342707768307838,-0.8821050192183755,-1.905011174104942,130837.42307794803,-1.4039564111912877,-1.2904329321495782,-0.9662598169883916,444057.9073003088
113.7,-0.407926304347826,-2.38228448174744,-0.7008830356432376,-1.974358177399614,82600.46496934765,-1.4657188668546264,-1.1795135104312133,-1.0577925625068003,371000.5656772704
113.75,-0.378156014492756,-2.4127944441764417,-0.519560181496531,-2.0346384296836857,45390.3064684303,-1.5218575515066366,-1.0655799350914599,-1.1437015370138806,302789.4928185386
113.8,-0.3477003165467497,-2.4342505388567064,-0.33883658696634855,-2.0865502223099566,19305.097191558252,-1.5722357537393048,-0.9491784790361377,-1.224535437192555,240250.60935076154
113.85,-0.315293841726616,-2.446697771455766,-0.15929029581214474,-2.13140392972915,4266.483131804217,-1.6167416187784946,-0.8307488992567764,-1.3014477770518786,184038.32896435884
113.9,-0.282887366906473,-2.450208698859354,0.018511122540143338,-2.167321331952881,57.61783119830593,-1.6552844823676451,-0.7107479503489466,-1.372397115461172,134710.0397133943
113.95,-0.249573739130433,-2.4448853147312994,0.19399593383082991,-2.1953115756008663,6328.148320934098,-1.6877983412411983,-0.5896610808352536,-1.4382246021107654,92720.0507338132
114.0,-0.215277362318839,-2.4308560557283574,0.3666663474064856,-2.2155786934095185,22606.50890418247,-1.7142395431365671,-0.46790977008002166,-1.498962180817728,58383.88078302367
114.05,-0.1809809855072241,-2.408273990998028,0.5360207460730794,-2.227293005490804,48311.95289409937,-1.7345856422170076,-0.3459360399509636,-1.5536046567097834,31912.464996521252
114.1,-0.146237765217381,-2.3773174836766913,0.7015675674941244,-2.23107971845931,82761.89065113504,-1.748836841766306,-0.2241821122571464,-1.602599076548925,13402.031854953546
114.15,-0.111320772463761,-2.3381883264697527,0.8628514558440872,-2.2268675540059917,125188.22096505287,-1.7570143764706514,-0.10305753753242713,-1.6456936040068904,2832.2282779327006
114.2,-0.0764037797101416,-2.291110842828078,1.0194276987644555,-2.2147070631179364,174744.79739163094,-1.7591598317261163,0.017035026448884105,-1.6827560520159748,77.38456696378161
114.25,-0.0422376035971201,-2.236331622963484,1.170842673079209,-2.1940940193663643,230509.31516982507,-1.7553350180578247,0.13568130430234265,-1.7130974144607045,4909.177689915975
114.3,-0.0081027115107706,-2.1741197724334413,1.3166685505762277,-2.1660170609226705,291503.8667446483,-1.7456222607996683,0.2524963182959283,-1.7375195492888977,17001.170867466328
114.35,0.0258097108695746,-2.104764319524453,1.456524069538588,-2.1305740303940275,356719.3985761553,-1.7301214903176525,0.3671474213553403,-1.755931201187227,35945.92773543354
114.4,0.0587086601449338,-2.028573512151582,1.5900135331693148,-2.087282172296516,425101.89104106225,-1.708949389837868,0.4792886466664241,-1.7676580499828018,61258.02848622196
114.45,0.091607609420293,-1.9458751551821736,1.7167743565529996,-2.0374827646024665,495584.6320987782,-1.6822396208445844,0.5886123146553112,-1.7738472302648773,92390.52185703549
114.5,0.123403064748202,-1.8570139953834817,1.8364626938173851,-1.9804170601316837,567094.7363234308,-1.650139919447625,0.6948324643864269,-1.773542984195827,128744.57428408405
114.55,0.1536746474820316,-1.7623532114653027,1.9486940852365635,-1.9160278589473343,638526.2108309886,-1.612813574250998,0.797622648961689,-1.7664882217330296,169653.83736977648
114.6,0.183946230215835,-1.6622742015814844,2.053151153475871,-1.8462204317973194,708815.5592156813,-1.5704391211060387,0.8967265200040812,-1.7543853513218737,214431.58711430128
114.65,0.212461855072469,-1.5571728203067303,2.1495272907481087,-1.7696346753791994,776921.8257650614,-1.5232065226645473,0.9918960679807884,-1.7356683777370163,262362.0825801997
114.7,0.239989753623191,-1.447461635689635,2.237496208057862,-1.687451389312826,841813.7425974604,-1.471319648710032,1.0828590546681114,-1.711309402333223,312688.9952737909
114.75,0.267517652173913,-1.3335671531281734,2.3168305625985246,-1.6010848053020865,902568.022243201,-1.4149937607310312,1.1694347589421124,-1.6825114129049443,364687.3747791991
114.8,0.2915975467626027,-1.2159276951683478,2.387220727260508,-1.5075252419309504,958244.9707539886,-1.3544538769514647,1.251349825493235,-1.6460514237140673,417567.03620318655
114.85,0.315207258992811,-1.0949992100816583,2.4483661346168755,-1.4102064690744693,1007961.9149117972,-1.289941074900266,1.3283284915378806,-1.605148333893077,470521.75504834705
114.9,0.338418898550728,-0.9712474124464344,2.5001349114113873,-1.3096663109971625,1051037.6765645074,-1.2217054458189451,1.400243530363977,-1.560124344369673,522848.51848697977
114.95,0.358047884057973,-0.8451459773941876,2.5422916236518525,-1.2031938614521607,1086781.2285724974,-1.150005280478343,1.4668468450406476,-1.508053164536316,573770.5778148538
115.0,0.377676869565217,-0.7171814136964628,2.574662223709999,-1.0948582832616798,1114633.0527729522,-1.0751128032192345,1.5279292855506457,-1.4527896727844516,622551.4404382152
115.05,0.3956873597122372,-0.5878435547313465,2.5972086896587316,-0.9835309144435838,1134240.3417645607,-0.9973061125048083,1.5833879126061838,-1.3929934722170454,668564.6084766316
115.1,0.410556064748204,-0.4576265966733521,2.609796058373782,-0.8681826614215561,1145261.1722641794,-0.9168714804239904,1.6330004253008055,-1.3274275451721944,711117.4370753631
115.15,0.425424769784175,-0.3270300892378176,2.6124190222089836,-0.7524548590219926,1147564.4083309984,-0.8341056102793849,1.6766423088038591,-1.25953038006356,749634.5151123028
115.2,0.437496391304349,-0.19654977150353148,2.6051413798620913,-0.6340461628078804,1141179.5746380584,-0.7493082501132985,1.71422609751611,-1.1868046414176474,783618.96357475
115.25,0.447370304347826,-0.06668080047804609,2.5879767068540858,-0.514051104825872,1126191.1797042037,-0.6627867279437256,1.7455880884435575,-1.1101570322915517,812554.0732042756
115.3,0.4572442173913076,0.06208643162995539,2.5611275844025103,-0.3951577857613522,1102944.914978624,-0.5748533379394756,1.7707178508138994,-1.0320975553307832,836117.7885842654
115.35,0.462854652173914,0.18927303797985698,2.524746855679351,-0.273581614194057,1071832.879640625,-0.4858202798475899,1.789529182433925,-0.948674932021504,853977.2519420353
115.4,0.467399217391305,0.3144047472899212,2.478987120071193,-0.15299447010138384,1033332.1363360143,-0.3960075992825183,1.8019112084602995,-0.8634068166738234,865835.734179962
115.45,0.471728848920863,0.43702199910753,2.424245103732939,-0.034706849813332996,988199.0900182482,-0.30573464029010633,1.8079656328587659,-0.7774634892109693,871663.9278929061
115.5,0.470900071942446,0.556683477880904,2.3607592368364543,0.08578340593845801,937119.102123411,-0.21531774182532318,1.8076193854218532,-0.6862178137677691,871330.0913474342
115.55,0.4700712949640284,0.6729570324664832,2.288822222642576,0.2028857375024548,880877.5025107925,-0.1250799999688022,1.8008364734431281,-0.5951512949328306,864803.2010888221
115.6,0.467925601449275,0.7854334252291092,2.2089507982826992,0.3175078237798342,820471.4633602859,-0.035338566578935554,1.7877865529913206,-0.5032641680282105,852314.8690817568
115.65,0.462031760869564,0.893725938915964,2.121511124151336,0.4316941780464,756801.5659629755,0.05359437012115781,1.768481140482072,-0.4084373907484062,834006.8117975387
115.7,0.456137920289854,0.997466087420412,2.0269659445505606,0.541328167130558,690850.8552038711,0.14140698114289804,1.743023002107045,-0.31473093914695593,810167.7828998015
115.75,0.448108805755395,1.0963135157820236,1.9258811948816812,0.6482047100266286,623663.5758509069,0.22779750111531596,1.711616183053437,-0.22031130464007906,781234.6554907779
115.8,0.4379444172661821,1.1899532668082458,1.818741282426508,0.7520088495420636,556202.8946322927,0.31247151473468904,1.6743857425497741,-0.12547290253149307,747618.0306277224
115.85,0.427780028776977,1.278096793444028,1.7061509709774816,0.8503167646670509,489470.2614083041,0.39514323337125046,1.6315858719680176,-0.03263679540572656,709885.9886948364
115.9,0.415061391304347,1.3604874220352208,1.588704776623094,0.9454260307308737,424402.36754596356,0.47554148320110107,1.583470149833118,0.060480091896754073,668634.057443338
115.95,0.401349434782608,1.43689557009931,1.4669565770131687,1.035546135316702,361847.78005496715,0.5534054018963693,1.5302645176648568,0.15205596711376135,624455.8650730819
116.0,0.387637478260868,1.5071226139051388,1.3415799152196293,1.1194851356442708,302638.7196968953,0.6284892062469587,1.4723356223441981,0.24085172798609072,578072.5826196473
116.05,0.3717140434782514,1.5710032238060923,1.2131823816788043,1.199289180327841,247481.98157550054,0.7005655146922091,1.4100002695624119,0.3288514712139577,530160.2027109531
116.1,0.355698463768113,1.6284003756718635,1.0823549860363442,1.2727019119037504,196983.948993761,0.7694211483890844,1.3435797399298888,0.4137226846209714,481388.404680018
116.15,0.339464489208631,1.6792093049583112,0.9497609213838382,1.3397448157496803,151677.08997760268,0.8348624103657927,1.2734941486156817,0.4953979211571617,432476.62574890134
116.2,0.322356935251797,1.7233570859024225,0.816002127253546,1.4010001506506256,111962.85834582242,0.896715802803193,1.2001224326677402,0.574358867551396,384078.3609046226
116.25,0.305249381294963,1.7607998745292384,0.6816626053726398,1.4555504932342753,78132.25083289141,0.9548263019255632,1.123848786446415,0.6495769206306001,336809.6252792213
116.3,0.2880127608695551,1.7915234803875837,0.5473288661774772,1.5035107195180286,50371.8733013639,1.0090591761090548,1.0450838718922557,0.7210464152394997,291253.4131438157
116.35,0.270597905797098,1.815541995600171,0.41354689350852625,1.544944089803073,28756.824106104963,1.0592996889810906,0.9642179289116473,0.7887017831839926,247924.3238492444
116.4,0.253183050724636,1.8328960606421838,0.28083606284900414,1.5797130099175478,13261.637333937004,1.1054523612370635,0.8816344350719687,0.8522693105124275,207274.47389457852
116.45,0.236353244604316,1.843652177421214,0.14971743299151824,1.607298932816898,3769.08680600777,1.1474412831879044,0.7977387877213316,0.9110880385835884,169703.24624935992
116.5,0.219824827338129,1.8479027543151827,0.020693588430403892,1.6280779269770538,72.0050588857742,1.1852111116140145,0.7129342846252199,0.9653862842758855,135540.07845175307
116.55,0.2032964100719336,1.8457639339334635,-0.10578853868547705,1.6424675238615298,1881.7790596675745,1.2187255710600646,0.6275802419778549,1.015429160988131,105028.52269892879
116.6,0.187906072463765,1.837373886899848,-0.22927368968237044,1.649467814436083,8838.932870599869,1.247966370944403,0.5420589886395806,1.060060298480638,78354.11924399066
116.65,0.17267092753623,1.8228937787128605,-0.3493281459499885,1.6502228511766306,20519.111580162513,1.2729348816054074,0.4567412160934351,1.1002639540691774,55630.010260936
116.7,0.157659323741007,1.8025044013260356,-0.4655850316858371,1.6448450775850287,36449.31864907127,1.2936490657551851,0.37193652651362813,1.135989742014178,36889.807934672746
116.75,0.144287021582734,1.776405355898136,-0.5776394478129612,1.6321183343154022,56105.454347554885,1.3101430979996065,0.2880040211855187,1.1658560764168726,22119.017658407654
116.8,0.1309147194244534,1.74481664887671,-0.6851246765255787,1.6139019294522567,78927.91227697105,1.3224694534887038,0.20526914167332488,1.1915547340642505,11236.112139547608
116.85,0.118176265217389,1.7079739987942342,-0.7877457634632963,1.5897977335768452,104343.05493355548,1.3306942820545418,0.12398874966623448,1.2125180168371528,4099.522678345643
116.9,0.106668221739129,1.666128523509361,-0.8851824148143476,1.559460301770232,131751.91929395404,1.3348974392234623,0.0444531273910659,1.2282292174843332,526.9548092923555
116.95,0.0951601782608696,1.61954658450021,-0.9771720678507803,1.5243864062393404,160558.56722442037,1.335172638262737,-0.033101629876623934,1.2400124600018674,292.19144013040057
117.0,0.084721982608696,1.568505917981533,-1.0634883464086082,1.483783935372837,190176.50682666912,1.3316237493575152,-0.10846987699622522,1.2469017667488191,3137.523790820328
117.05,0.0750585043478208,1.5132962040515299,-1.1439000496647114,1.4382376997037092,220022.73204752692,1.3243657497442674,-0.18143395360681486,1.2493072453964467,8778.207872373294
117.1,0.065395026086954,1.4542169397289886,-1.2182527290640075,1.3888219136420346,249554.94573936766,1.3135228931695595,-0.2518472490095657,1.2481278670826055,16913.876488982984
117.15,0.057072386330934,1.391574500301995,-1.2863937866405477,1.334502113971061,278252.62034895754,1.2992261270208683,-0.3195560125078385,1.2421537406899343,27230.945367975957
117.2,0.049044076978417,1.3256834409485314,-1.348184439233258,1.2766393639701143,305625.8017520482,1.2816148680753168,-0.38441152664424,1.2325707910968997,39405.92581785473
117.25,0.0410649246376818,1.2568628444259897,-1.403570063172971,1.215797919788308,331252.82327662205,1.2608337867837371,-0.44633943028491857,1.2197688621460554,53125.03654055086
117.3,0.0342655405797068,1.1854344068088167,-1.4524795529624028,1.15116886622911,354741.05244909885,1.237031448638733,-0.505237062342171,1.2027659080590263,68070.53044377248
117.35,0.0274661565217377,1.1117236017349756,-1.4948683867712071,1.0842574452132379,375748.5476022865,1.2103620648914484,-0.5610165581859897,1.1828959083697106,83930.55428236107
117.4,0.0209493184172651,1.0360559385084918,-1.5307570697666515,1.0151066200912267,394007.00498823076,1.1809823843342622,-0.6136414716334355,1.160033065916997,100414.89485558626
117.45,0.0151590270503594,0.9587560920037698,-1.5601560201851463,0.9435970649534103,409286.53567223647,1.149051515169105,-0.6630515009322373,1.1338924881187455,117236.61143693139
117.5,0.0093687356834536,0.8801477237734229,-1.5831138474168056,0.8707789880899692,421420.53168579005,1.1147314409963023,-0.7092100466016487,1.1053627053128487,134127.70405352337
117.55,0.0038568762318817,0.8005505100970894,-1.5997256702698677,0.7966936338652078,430310.9752228454,1.078184813081144,-0.7521114445750188,1.0743279368492622,150845.7666828591
117.6,-0.0013765513043485,0.7202791555061615,-1.6100997731199156,0.7216557068105101,435910.14143706765,1.0395747274321772,-0.7917480565279186,1.0409512787365256,167163.99600419632
117.65,-0.0066099788405805,0.639642055047565,-1.6143847385071186,0.6462520338881454,438233.4078220786,0.9990641547666761,-0.8281369076288893,1.0056741336072565,182882.8634072372
117.7,-0.0117147831159425,0.558939160212776,-1.612763151854397,0.5706539433287185,437353.473161973,0.9568145915026487,-0.8613135691502994,0.9685293746185912,197829.61717398072
117.75,-0.0167743954347826,0.478460773199454,-1.6054416229411823,0.4952351686342366,433391.54267018597,0.9129856032144875,-0.891322965777239,0.9297599986492702,211855.10115251553
117.8,-0.0218340077536256,0.398486070766157,-1.5926576166195525,0.4203200785197826,426516.8971687535,0.8677340710243956,-0.9182267667834819,0.8895680787780212,224837.4387300392
117.85,-0.0272072827338138,0.31928146161004933,-1.574688255014327,0.3464887443438631,416946.7297743936,0.8212132347988116,-0.9421128821999822,0.8484205175326254,236687.11541524206
117.9,-0.0325869589928065,0.24109875250574336,-1.551829863053714,0.27368571149854987,404929.6755580174,0.7735715005967893,-0.9630766191257184,0.8061584595895958,247337.75314843308
117.95,-0.0381391676259,0.16417489312362443,-1.5243875117542172,0.20231406074952443,390734.86059195176,0.7249527187915297,-0.9812121103072987,0.7630918864174296,256740.58811032068
118.0,-0.0443815057553962,0.0887305767533841,-1.4927114089690756,0.1331120825087803,374664.97856961354,0.67549526455698,-0.9966493906039758,0.7198767703123762,264882.6687443404
118.05,-0.0506238438848961,0.01496850285104924,-1.4571508261113495,0.06559234673594534,357026.4643306955,0.625330712804671,-1.009510918684421,0.675954556689567,271763.27865148376
118.1,-0.057449593478263,-0.056925572704347116,-1.418054537026424,0.0005240207739158828,338124.9847042228,0.5745851446739771,-1.0199142031587296,0.6320347381522401,277393.32848130836
118.15,-0.0650810065217406,-0.12678451413995329,-1.375812114067039,-0.06170350761821268,318280.22292915365,0.5233776846428442,-1.028013952765505,0.5884586911645848,281816.7165548155
118.2,-0.0727124195652181,-0.19446034379980687,-1.330783281314119,-0.12174792423458877,297787.22844160895,0.47182007196913495,-1.0339344351276243,0.544532491534353,285072.11097138125
118.25,-0.0815627282608696,-0.25982270029807636,-1.2833457371510744,-0.17825997203720675,276935.56958765996,0.42001817672229413,-1.0378187558667382,0.5015809049831638,287218.07200767583
118.3,-0.0910409528985552,-0.3227615048061019,-1.2339032157032372,-0.2317205519075467,256008.02986996804,0.36806928244214315,-1.0398379997191416,0.45911023534069834,288336.81750930817
118.35,-0.100519177536233,-0.38318525716791746,-1.1827946202528803,-0.28266607963168444,235239.40727120222,0.31606361624262946,-1.0401031014407112,0.4165827937788625,288483.85643375636
118.4,-0.111770057553958,-0.44101969665971974,-1.130409391697739,-0.32924963910576177,214863.63044081777,0.2640854262345461,-1.0387810095791137,0.3758554837885041,287750.92956325406
118.45,-0.123217899280576,-0.49621143826578124,-1.0771383145052966,-0.37299353898520526,195089.7013811962,0.2122090635452612,-1.0360462583670291,0.33542696282583717,286237.8265270189
118.5,-0.13493752173913,-0.5487239281607748,-1.0232907766243007,-0.41378640642164477,176071.68266380578,0.1605026579618778,-1.0320002619373403,0.2954401797010078,284006.54417033045
118.55,-0.1486502028985568,-0.5985373730777989,-0.9692538763545132,-0.44988717017924207,157967.0429523492,0.10902775132280262,-1.0268313295232647,0.2576779542213594,281168.6878108042
118.6,-0.162362884057972,-0.6456521727163987,-0.9153876009138973,-0.48328928865842674,140896.90276629527,0.05783540228856267,-1.0207097980445121,0.22019828634653466,277826.26448641834
118.65,-0.176760309352518,-0.6900836940223463,-0.8619739401834426,-0.5133233846698283,124933.71884217486,0.006970929077148504,-1.0137386395625365,0.1837312384296665,274044.2744912273
118.7,-0.192375057553957,-0.7318625326248058,-0.8093369414947437,-0.5394874750708488,110141.28095254331,-0.0435269209416044,-1.006074647585517,0.1488481366123526,269916.3190704859
118.75,-0.207989805755395,-0.7710348686799421,-0.7577474235278548,-0.5630450629245471,96547.34426206183,-0.09362691005362586,-0.9978327651176234,0.11436289570176913,265512.0605712753
118.8,-0.2245712826087039,-0.8076587253863475,-0.7074433611261638,-0.5830874427776436,84153.99660595167,-0.1433021551075631,-0.9891077732005895,0.08126912750114079,260889.11653488773
118.85,-0.241852804347828,-0.8418048080245678,-0.6586738578735788,-0.5999520036767398,72951.1679713763,-0.19253162945784125,-0.980018718434085,0.049321174889986746,256116.45026164968
118.9,-0.259134326086957,-0.873554700177355,-0.6116181095959525,-0.614420374090398,62900.20596795166,-0.24129899547633854,-0.9706272903623956,0.017835330610618483,251231.28981233234
118.95,-0.27720584057971,-0.9029978987813319,-0.566437534243386,-0.6257920582016219,53950.49609625273,-0.2895902898349579,-0.9609912063074376,-0.012384449255247898,246267.75962672645
119.0,-0.295450768115942,-0.9302321961886122,-0.5232800390652161,-0.6347814280726702,46042.588596595175,-0.3373950067293263,-0.951168195568434,-0.04194423861338431,241258.9163362429
119.05,-0.3137032302158382,-0.9553611463089867,-0.4822358303730204,-0.6416579160931486,39103.024176237275,-0.38470421616201866,-0.9411713708047653,-0.07100098594618048,236214.27979267229
119.1,-0.332073733812952,-0.9784921827400047,-0.44337463272289657,-0.6464184489270527,33054.689260456194,-0.4315093533788048,-0.9310070080074851,-0.09943561956585278,231139.7463890799
119.15,-0.350444237410072,-0.9997358976625447,-0.4067496601224426,-0.6492916602524726,27819.274049958225,-0.4778021764873492,-0.9206782258803714,-0.12735793907727716,226039.57216272753
119.2,-0.368685840579709,-1.0192048816341206,-0.37238771734713594,-0.6505190410544116,23317.50568636635,-0.5235742607676153,-0.9101746337065757,-0.15488842018790627,220911.4303581065
119.25,-0.386595985507245,-1.0370123626288128,-0.340286514038052,-0.6504163771215679,19470.66887241494,-0.5688162754137382,-0.8994693408409485,-0.18222028990649325,215745.35869676014
119.3,-0.4045061304347918,-1.0532710871832676,-0.31043770251733677,-0.6487649567484758,16204.674679289928,-0.6135174927940772,-0.8885420332858923,-0.2090113623592854,210535.1853108874
119.35,-0.421542899280579,-1.0680929074658634,-0.28279457808581443,-0.6465500081852844,13447.252280567036,-0.6576659914678471,-0.8773456757128563,-0.23612309218726812,205262.78258454622
119.4,-0.437773474820147,-1.0815857041964894,-0.25726019644812576,-0.6438122293763424,11128.498951974341,-0.7012461472908704,-0.8657946516602355,-0.2634726724707234,199893.4343582583
119.45,-0.454004050359715,-1.0938529792864908,-0.23376802747750336,-0.6398489289267759,9188.85968755878,-0.7442388321384807,-0.8538460816952137,-0.29023478177876577,194414.16832700523
119.5,-0.468543782608697,-1.1049945271627248,-0.2121962782350843,-0.6364507445540278,7571.238381529458,-0.786622664429812,-0.8414121500960678,-0.318078881821115,188793.17502114343
119.55,-0.4824894347826169,-1.1151019386067471,-0.1923835594139922,-0.6326125038241301,6223.394140694329,-0.8283700198034136,-0.8283764980812148,-0.3458805850207967,182988.6993528792
119.6,-0.496435086956524,-1.1242606933972839,-0.17423858389481578,-0.6278256064407599,5104.815624215398,-0.8694497028685723,-0.8147039881250608,-0.37301461591204826,176998.0235378345
119.65,-0.507306876811595,-1.132549906729754,-0.15753970025995756,-0.6252430299181589,4173.221393065947,-0.9098271768261798,-0.8002372950822015,-0.4025203000145847,170767.9275841276
119.7,-0.518115934782609,-1.1400349313922153,-0.14205632886456948,-0.6219189966096064,3393.2243084004813,-0.94945760190301,-0.7848207765491128,-0.431341667120401,164251.6403475073
119.75,-0.528123007194244,-1.1467736849232617,-0.1276613374043814,-0.6186506777290177,2740.3761246545664,-0.9882927017161814,-0.7684113021943485,-0.46016969452193746,157454.9144906705
119.8,-0.535286676258996,-1.1528147956184878,-0.1140902437818585,-0.6175281193594918,2188.710954582368,-1.0262792734627944,-0.7508349645830688,-0.4909925972037984,150334.17174412217
119.85,-0.542450345323742,-1.1581927092625042,-0.10111919890304785,-0.6157423639387621,1719.327604641765,-1.0633546604447965,-0.7319667473233286,-0.5209043151210545,142873.41844989161
119.9,-0.547928985507247,-1.1629339465523427,-0.08858238211443165,-0.6150049610450957,1319.4292429013728,-1.099453383074476,-0.7117453434243869,-0.5515243975672289,135088.38236967957
119.95,-0.551263043478261,-1.1670537811196047,-0.07621616293314293,-0.6157907376413436,976.7548056413298,-1.1345040559340644,-0.6900164792119639,-0.5832410124558034,126966.06442241988
120.0,-0.554597101449275,-1.170555496900018,-0.06384647572464991,-0.615958395450743,685.4333864560311,-1.168428898119686,-0.6667202119325399,-0.613831796670411,118537.55759983226
120.05,-0.5553144604316549,-1.1734352011735718,-0.0512838920916286,-0.6181207407419169,442.2352439814703,-1.2011487232832485,-0.6417836306565077,-0.6458342628515936,109836.32762097298
120.1,-0.554800431654676,-1.1756766841332373,-0.03828984727431588,-0.6208762524785614,246.5236921927284,-1.2325779265165995,-0.6150876227143146,-0.6777774948619235,100888.74229769254
120.15,-0.554286402877698,-1.1772552688978137,-0.0247612686280479,-0.6229688660201157,103.09489931213453,-1.2626284439456705,-0.5866494641780414,-0.7083420410679725,91775.35835210218
120.2,-0.55047097826087,-1.1781406338574996,-0.010502785720926847,-0.6276696555966296,18.548141716915016,-1.2912125754864983,-0.5563941798503752,-0.7407415972256283,82553.19556569912
120.25,-0.546288731884058,-1.178289998008378,0.004688226528568179,-0.6320012661243201,3.6958009384454047,-1.3182362185667142,-0.5242404837569152,-0.7719474866826562,73287.48928258254
120.3,-0.5416277985611478,-1.1776552827275852,0.02087056716171035,-0.6360274841664374,73.24194990080252,-1.343605982001111,-0.49024837154812706,-0.8019781834399632,64091.59088149079
120.35,-0.53402635971223,-1.1761834834261198,0.03821977149051363,-0.6421571237138898,245.62217212733256,-1.367229440979547,-0.4543597947834492,-0.8332030812673169,55051.41949750882
120.4,-0.526424920863309,-1.17381148648258,0.056877719108399595,-0.6473865656192709,543.9709903346942,-1.3890099189588205,-0.4165486474507604,-0.8625849980955115,46270.073518148776
120.45,-0.517610173913043,-1.1704730631782043,0.07689400634240096,-0.6528628892651613,994.2059861096068,-1.4088532831044556,-0.3768763163309541,-0.8912431091914126,37876.20208298384
120.5,-0.506638434782608,-1.1660970617089281,0.0984109764586556,-0.6594586269263202,1628.465181900688,-1.4266659605049767,-0.3353089629020357,-0.9200275257223688,29981.893493983673
120.55,-0.4956666956521663,-1.1606057797680729,0.12149840139019569,-0.6649390841159066,2482.1757185335864,-1.4423531593552896,-0.29188053908800154,-0.9466864637031234,22718.466426213974
120.6,-0.482696489208629,-1.1539202273400015,0.14620451473384424,-0.6712237381313726,3594.288742730355,-1.4558238173086369,-0.24664077521717176,-0.9731273281000079,16221.779199927321
120.65,-0.46839397122302,-1.1459567453551172,0.17262459712030168,-0.6775627741320971,5010.680961767144,-1.4669870190902043,-0.19958838512758,-0.9985930478671843,10622.806260756053
120.7,-0.45409145323741,-1.1366294966499126,0.2007400275636378,-0.6825380434125026,6775.780899195589,-1.475754183526891,-0.15082789424573678,-1.021662730289481,6066.414315360843
120.75,-0.436847021739131,-1.1258537694280162,0.23059268791772727,-0.6890067476888853,8940.925142962598,-1.4820419739263921,-0.10039795672129827,-1.0451949521872612,2687.9332570164484
120.8,-0.4189568043478158,-1.1135403700783961,0.26223590016886184,-0.6945835657305803,11563.137455136224,-1.4857665204275576,-0.0483207127297666,-1.0668097160797418,622.6376743233675
120.85,-0.400854586956516,-1.0996019030990147,0.29557495945306034,-0.6987473161424987,14690.164963144305,-1.4868492461324967,0.005244463039235814,-1.0859946591759808,7.33450468530948
120.9,-0.37943103623188,-1.083954276058682,0.3306290336652706,-0.704523239826802,18381.17928021885,-1.485217957708443,0.06025630606265097,-1.105786921476563,968.2193120842315
120.95,-0.358007485507244,-1.0665105296239963,0.3673908786748324,-0.7085030441167524,22695.937919014475,-1.4808005319577533,0.11665346729020146,-1.1227930464505094,3628.8083815536274
121.0,-0.335568410071942,-1.047188879248205,0.4057309223179404,-0.7116204691762629,27680.097262193427,-1.4735324041597837,0.17426335831871054,-1.1379639940878417,8098.058147337414
121.05,-0.3107597769784029,-1.025911563226493,0.44562307822041064,-0.7151517862480901,33390.79381899419,-1.4633550780187201,0.2330205709789015,-1.1525953010403172,14479.623066488874
121.1,-0.285951143884886,-1.0026021275138441,0.48698182842459875,-0.7166509836289581,39876.488469051124,-1.4502131862131578,0.2928080712932811,-1.1642620423282717,22863.08443053099
121.15,-0.259166478260864,-0.9771908053534739,0.5296949308981544,-0.7180243270926099,47178.38053258279,-1.4340593728265496,0.35348985072461886,-1.1748928945656856,33321.35321741689
121.2,-0.230557782608693,-0.9496106253685299,0.5737284215833304,-0.7190528427598369,55348.27941136636,-1.4148502182247473,0.4150109890567824,-1.1842924356160542,45929.098943437006
121.25,-0.201949086956522,-0.9197982637752081,0.6189438608558069,-0.7178491768186861,64416.02394468571,-1.3925467997154048,0.47722116564668454,-1.190597712758883,60730.67758431476
121.3,-0.1709155467625729,-0.8876985000190725,0.6652233955223399,-0.7167829532564995,74409.16392763372,-1.3671186945846152,0.5399959642954547,-1.1962031478220423,77758.83772143413
121.35,-0.139116266187044,-0.8532597184791149,0.7124750993838991,-0.7141434522920709,85355.35570670824,-1.338539379876541,0.6032405132127666,-1.199423113689497,97039.76447498723
121.4,-0.107316985611505,-0.8164384188046552,0.7604809808720305,-0.7091214331931501,97245.18560719288,-1.3067903366365556,0.6667438793301104,-1.1994733510250506,118545.97349977728
121.45,-0.0721151963043445,-0.777200713373206,0.809140909971649,-0.7050855170688615,110087.93222439536,-1.2718622180269021,0.7304136473914092,-1.1997470217225576,142267.75901216586
121.5,-0.0368439680434783,-0.735515230498832,0.8583466247626346,-0.6986712624553537,123884.4516385721,-1.2337478255125487,0.7941526159780663,-1.1969038574690705,168180.90065728163
121.55,-0.0010379229709965,-0.6913611774536718,0.9078448047686626,-0.6903232544826753,138584.48766386806,-1.1924496794541617,0.8577286602373115,-1.1914117564831652,196186.25455799824
121.6,0.036664290797105,-0.6447287203367749,0.9574648711532883,-0.6813930111338798,154147.71564591138,-1.1479801561161231,0.9209933109140862,-1.1846444469132282,226194.31433293084
121.65,0.0743665045652174,-0.5956160063111073,1.0070064257940763,-0.6699825108763248,170512.36536943528,-1.1003584554806143,0.9837723112441203,-1.1747249600458316,258082.1227654929
121.7,0.112838994244602,-0.5440336342316844,1.0562151942397437,-0.6568726284762864,187584.1833402437,-1.049614744753212,1.0458429642141447,-1.162453738997814,291676.6682123277
121.75,0.152215720863306,-0.4900035148865002,1.1048830589057566,-0.6422192357498062,205269.31101052393,-0.9957889108324517,1.107029461314928,-1.1480046316957577,326803.79419179197
121.8,0.1915924474820324,-0.43355836673508186,1.1527696306872475,-0.6251508142171143,223447.98806315957,-0.9389299719223448,1.1671267188686112,-1.1305224194043773,363249.2741058694
121.85,0.231733985507253,-0.3747435807706512,1.1996355365888267,-0.6064775662779042,241985.8881133728,-0.8790977865628649,1.225932248072843,-1.1108317720701177,400775.96716398257
121.9,0.272235434782616,-0.3136154002777103,1.245267372207958,-0.5858508350603263,260745.37485644553,-0.816361242806687,1.283269216512724,-1.088596677589303,439141.3018797815
121.95,0.312736884057978,-0.2502414413232292,1.2894245539338003,-0.5629783253812072,279565.3014069815,-0.7507987411449217,1.3389348016013347,-1.0635356252028998,478065.7074504548
122.0,0.352585057553959,-0.18470218855891396,1.3318283792568237,-0.537287246112873,298255.1318597236,-0.6824996337726077,1.3926893292984486,-1.0350846913265668,517222.28478447004
122.05,0.3923764244604513,-0.11709233955223113,1.372209234176486,-0.5094687640126824,316615.42593957006,-0.6115655297339769,1.444301641085576,-1.003941954194428,556268.5947846635
122.1,0.431973507246381,-0.04751893345039428,1.4103311665245186,-0.47949244069677527,334451.84964131407,-0.538108518081133,1.4935720657098297,-0.970082025327514,594868.6707916608
122.15,0.470377130434787,0.023898452445832857,1.4459148738483696,-0.44647867798895413,351541.6978054535,-0.4622514254451225,1.5402574402321083,-0.9326285558799094,632638.1285840978
122.2,0.508780753623193,0.09702595541018397,1.4787038643356412,-0.411754798213009,367666.28849918704,-0.3841295808748825,1.5841353568495138,-0.8929103344980756,669195.9543521964
122.25,0.545859697841729,0.1717180822300466,1.5084488200351982,-0.37414161561168247,382606.68569038966,-0.30388832868095195,1.6249880658923457,-0.849748026522681,704156.3238113457
122.3,0.5807773237410259,0.2478144455259882,1.5348118409515186,-0.33296287821503767,396097.1134810516,-0.22168631801798783,1.6625094699527279,-0.8024636417590136,737050.0633820001
122.35,0.615694949640292,0.32513865146480564,1.5575395396829708,-0.2905562981754864,407914.8878996395,-0.1376966839454433,1.6964739433466083,-0.7533916335857354,767473.0241210643
122.4,0.647789826086958,0.4035033627105526,1.5763669981276704,-0.24428646337640542,417836.20049768855,-0.05210223948474363,1.7266411159475872,-0.6998920655717016,795010.5448748611
122.45,0.678002869565219,0.48270480054382214,1.5909635219517624,-0.1952980690213969,425610.0158609317,0.03489898774338018,1.7527036046477336,-0.6431038818218389,819191.9801987091
122.5,0.708215913043481,0.5625264233144074,1.6011646407093396,-0.14568948972907358,431085.4620930809,0.12309722525212807,1.7745139557666243,-0.5851186877913529,839706.6077894702
122.55,0.7322872086331056,0.6427422330215765,1.6066266172826693,-0.08954497561152908,434031.5610339273,0.21227399767212662,1.7917435705423777,-0.520013210960979,856092.0060213197
122.6,0.755188647482017,0.7231039973883826,1.6069858245582331,-0.03208465009363437,434225.6630382575,0.3021893655425151,1.8040421224074121,-0.4529992819395019,867884.7945120641
122.65,0.777557891304348,0.8033548231557414,1.6021878793582276,0.025796931851393312,431636.6162218744,0.39259517497207763,1.811360390780355,-0.3849627163322704,874940.3907434562
122.7,0.791589413043478,0.8832305911170087,1.5918613837222995,0.09164117807353078,426090.5382454713,0.48323620712097093,1.8133295336992312,-0.30835320592250703,876843.7327428991
122.75,0.805620934782609,0.9624437352235696,1.575703663743489,0.15682280044096064,417484.6239884003,0.5738339106945006,1.8096473200211112,-0.23178702408810836,873286.2460958908
122.8,0.816507565217393,1.0407035092611696,1.5537015163856354,0.22419594404377663,405907.0314354043,0.664106391388287,1.8002941651563908,-0.152401173829106,864282.4216256391
122.85,0.82005611594203,1.1177108350084954,1.5255191015885874,0.29765471906646546,391315.1798384661,0.7537630071375309,1.7849242224597655,-0.06629310880449912,849587.8613129596
122.9,0.823604666666667,1.1931500357110096,1.491015702523743,0.36954536904434265,373814.23011909425,0.8424959701363073,1.7633850533511222,0.018891303469640297,829207.1590352374
122.95,0.821200014388489,1.2667063651921282,1.4501524306117608,0.4455063508036392,353605.25055378675,0.9299977325090744,1.7356211763248324,0.10879771812058536,803301.5647219187
123.0,0.813724115107914,1.3380551261221423,1.4026824772176696,0.5243310110142283,330834.0021618417,1.0159498681372898,1.7013661263664912,0.20222575302937584,771905.7855859519
123.05,0.8062482158273315,1.4068658315957758,1.348687486334132,0.6006176157684443,305853.9201789871,1.1000271757593743,1.6606821229235136,0.2937789599320427,735430.6969060662
123.1,0.790677898550721,1.47281456522417,1.2881366879635165,0.682136666673449,279007.1255395578,1.181909965202848,1.6135136485471988,0.39123206665212695,694247.0117461582
123.15,0.772551449275361,1.5355683395454425,1.220918422447325,0.7630168902700815,250648.257108497,1.2612681501914464,1.559723396284218,0.48871670091608543,648729.8861110336
123.2,0.754425,1.5948004903246804,1.1473468673236198,0.8403754903246804,221350.681665215,1.3377767743418958,1.4996024319074646,0.5833517743418958,599681.9876754085
123.25,0.727217446043166,1.6501976655570445,1.0674565267065301,0.9229802195138785,191598.36083506627,1.4111229008596673,1.4331545432584238,0.6839054548165013,547715.185296603
123.3,0.7000098920863168,1.701442068213641,0.9813233195080915,1.0014321761273242,161925.6443304761,1.4809875435196516,1.3604265288444142,0.7809776514333348,493536.0907689765
123.35,0.67111318840579,1.7482335175912187,0.8894028807228784,1.0771203291854285,133011.2757429518,1.5470680127290033,1.2818470753018907,0.8759548243232133,438168.51318933634
123.4,0.636227681159417,1.790289194856847,0.791894686587709,1.15406151369743,105445.06364954748,1.6090774556253864,1.1975815064798923,0.9728497744659694,382453.7239100395
123.45,0.601342173913043,1.8273349467672249,0.689104947837806,1.2259927728541817,79847.64868443225,1.6667359449214612,1.1079030341152611,1.0653937710084183,327319.76880048047
123.5,0.564074050359715,1.8591198175766315,0.5815236499496649,1.2950457672169164,56862.527359889624,1.7197851395636266,1.0132676895324664,1.1557110892039115,273789.7095067901
123.55,0.5240089424460236,1.8854136559865091,0.46952348479087,1.3614047135404856,37068.58728720206,1.7679856624328927,0.9140093131550626,1.2439767199868692,222776.8065424505
123.6,0.483943834532367,1.9060066758847485,0.35359364472533594,1.4220628413523815,21023.27139193119,1.811116520206281,0.8105770664560492,1.327172685673914,175209.38151053185
123.65,0.4412562173913,1.9207158079104871,0.23423081621939984,1.4794595905191872,9225.27792816729,1.8489813520938716,0.703423192356638,1.4077251347025717,131947.78334538767
123.7,0.39733447826087,1.9293798645143214,0.11187374049495398,1.5320453862534515,2104.4941035137126,1.8814033359643576,0.5929380068525234,1.4840688577034875,93753.46132539817
123.75,0.353412739130439,1.9318624477759312,-0.012928425752972317,1.578449708645492,28.10494156573028,1.9082279454462499,0.4796188576295375,1.5548152063158107,61342.466291696684
123.8,0.3082570863309151,1.9280552432924078,-0.1396383381956029,1.6197981569614928,3278.6928895018827,1.9293260067876337,0.36394541895351606,1.6210689204567186,35321.67146060009
123.85,0.262994136690642,1.9178755083393326,-0.2677358281112584,1.6548813716486905,12053.255957102749,1.9445908921031494,0.2463746142715147,1.6815967554125075,16186.786815316707
123.9,0.217694205797097,1.9012678654205442,-0.3966623127224583,1.6835736596234472,26456.553915626875,1.953940022092659,0.12739537410090002,1.736245816295562,4327.888357948871
123.95,0.172167104347826,1.8782044569932208,-0.5258792884366281,1.706037352645395,46501.132357889706,1.9573146827744456,0.007469721890898937,1.7851475784266198,14.879132033966611
124.0,0.126640002898555,1.8486838804230745,-0.6548609561588562,1.7220438775245195,72109.01963741699,1.9546786254939916,-0.11295967106791462,1.8280386225954366,3402.6366100723912
124.05,0.0816819101449216,1.812731403814018,-0.7830614886329526,1.7310494936690966,103105.8072180563,1.9460179388205527,-0.23343736108987984,1.8643360286756312,14531.467080695187
124.1,0.0376521999999811,1.770400284665956,-0.9099103476855711,1.7327480846659749,139215.82431560778,1.9313419826832787,-0.3534911956615696,1.8936897826832977,33321.60677606562
124.15,-0.0063775101449341,1.7217717550411136,-1.034877594363876,1.7281492651860477,180081.6097041711,1.9106829984210112,-0.47269590607009304,1.9170605085659453,59584.378564113664
124.2,-0.0485932978417296,1.6669531155966542,-1.157411240295866,1.7155464134383838,225251.030669372,1.8840939175072329,-0.5906110266727713,1.9326872153489625,93019.03595399068
124.25,-0.0896973266187028,1.6060809101239777,-1.276930099923877,1.6957782367426806,274173.6059816994,1.8516511250120984,-0.706774294883657,1.9413484516308013,133207.97437554415
124.3,-0.130801355395688,1.539318435644185,-1.392951242123391,1.6701197910398728,326259.5443136712,1.8134517662791663,-0.8208226960565831,1.9442531216748542,179666.63956309276
124.35,-0.1690651739130577,1.4668530810622185,-1.5049370853807675,1.6359182549752762,380827.30922854313,1.7696110207153886,-0.9323433919611663,1.9386761946284463,231803.78680897417
124.4,-0.206788000000004,1.3889009755604842,-1.6123505165545025,1.5956889755604882,437129.7026790015,1.7202664218565848,-1.0409263872599857,1.9270544218565888,288940.7316517668
124.45,-0.24418302898551,1.3057009986107806,-1.7147884036184726,1.5498840275962906,494438.717391653,1.6655721031896173,-1.1462880610945312,1.9097551321751274,350393.6850687626
124.5,-0.277808391304348,1.217513787544491,-1.811729970116904,1.4953221788488391,551922.7966603774,1.6056979775447997,-1.2480302425317222,1.8835063688491478,415354.5296730106
124.55,-0.311433753623195,1.124627626238546,-1.9026968586678992,1.436061379861741,608738.258741704,1.5408354587749122,-1.345791441669084,1.8522692123981073,482974.5611919337
124.6,-0.3435885539568463,1.0273495537601391,-1.9873394648093394,1.3709381077169853,664103.1025136083,1.4711893455513496,-1.4393237162565664,1.8147778995081958,552440.7360476301
124.65,-0.372618410071945,0.9260068449288478,-2.065195071891734,1.2986252550007928,717155.8665598665,1.3969796618594907,-1.528263316039528,1.7695980719314357,622823.6701739025
124.7,-0.401648266187052,0.8209493213846065,-2.1358970651825544,1.2225975875716586,767100.0894156779,1.3184443219830873,-1.6123259265779977,1.7200925881701392,693225.304937493
124.75,-0.428327086956522,0.7125414620964267,-2.199142571626614,1.1408685490529487,813201.4924415048,1.235832362086411,-1.691272519581232,1.6641594490429328,762774.0627975063
124.8,-0.453003173913048,0.6011654519841625,-2.2545678269525005,1.0541686258972105,854708.4663027177,1.1494075538748276,-1.7647915910768348,1.6024107277878756,830530.4959828017
124.85,-0.477679260869574,0.48721875195849,-2.3019517791124193,0.964898012828064,891012.5867858232,1.0594469324248228,-1.832688303103914,1.5371261932943967,895665.7110223745
124.9,-0.498692287769785,0.37110876005123267,-2.3410298506838445,0.8698010478210176,921521.1309945441,0.9662367100398863,-1.894707508970741,1.4649289978096713,957311.0785466963
124.95,-0.518672143884893,0.2532588113378967,-2.3715286605744397,0.7719309552227898,945688.5929544992,0.8700788736573597,-1.9505668625043187,1.3887510175422526,1014589.6226933178
125.0,-0.538652,0.13409989775801068,-2.3933907298620936,0.6727518977580107,963204.7253722014,0.771284378278324,-2.0001666833759453,1.309936378278324,1066844.469676568
125.05,-0.554191855072467,0.014066693307707281,-2.4064393332316913,0.5682585483801743,973736.0084651815,0.6701704682956274,-2.043272877058399,1.2243623233680945,1113323.7466993355
125.1,-0.5697317101449331,-0.10639497268618732,-2.4105479555088385,0.46333673745874576,977063.853634846,0.5670687914917201,-2.079679072570561,1.1368005016366531,1153350.6786367868
125.15,-0.58414947826087,-0.22684042500819013,-2.4057997852164226,0.3573090532526799,973218.5068018532,0.4623147326969051,-2.1093571623765617,1.046464210957775,1186503.37025848
125.2,-0.595013971014493,-0.3468266291245299,-2.3921562884572074,0.24818734188996316,962211.3955755937,0.35624799538412855,-2.1321424751426292,0.9512619663986216,1212275.07581529
125.25,-0.605878463768116,-0.4659088959339873,-2.3696869931145317,0.13996956783412873,944220.3689518812,0.24921671821700025,-2.1479559975155937,0.8550951819851162,1230323.9912701892
125.3,-0.614448920863311,-0.5836511791727473,-2.3385723675348635,0.030797741690563707,919587.4230474787,0.14156846365181336,-2.156807721606826,0.7560173845151243,1240485.2127954208
125.35,-0.6205341726618728,-0.6996237827875821,-2.298920175765541,-0.07908961012570925,888667.256995645,0.03365327898864075,-2.1586216910760805,0.6541874516505136,1242572.6947157755
125.4,-0.626619424460432,-0.8134052979434585,-2.2509969329473654,-0.18678587348302655,852003.1528577012,-0.0741774801306115,-2.153463987996464,0.5524419443298204,1236641.906026036
125.45,-0.629479782608696,-0.9245900848453547,-2.195073055817189,-0.2951103022366587,810194.616573527,-0.18157786441543936,-2.1413929462591126,0.44790191819325664,1222817.0000768756
125.5,-0.630958043478261,-1.032783249026169,-2.131390250118871,-0.401825205547908,763866.2904530695,-0.28820189702183036,-2.1224309111553015,0.34275614645643065,1201256.792700673
125.55,-0.632436304347826,-1.1376069627788563,-2.0603804232548537,-0.5051706584310303,713815.9121952879,-0.3937095227996539,-2.096784245751691,0.23872678154817217,1172401.1128619967
125.6,-0.6297350935251781,-1.238704519841287,-1.9823663124308906,-0.6089694263161088,660783.535189308,-0.49777044875199666,-2.0645469252473054,0.13196464477318143,1136627.735079494
125.65,-0.626767107913668,-1.3357324574372078,-1.8976852996014557,-0.7089653495235398,605535.7411854404,-0.6000561861658997,-2.025829026549412,0.026710921747768235,1094395.5319493702
125.7,-0.623141014492752,-1.4283707046305725,-1.806864628670482,-0.8052296901378204,548962.4358239656,-0.7002504112005887,-1.9809358123161265,-0.07710939670783667,1046428.4513377472
125.75,-0.616059855072463,-1.5163230742744456,-1.7102944329869514,-0.9002632192019826,491850.5479524869,-0.7980496692237494,-1.9300381478042934,-0.18198981415128646,993345.9338612874
125.8,-0.608978695652172,-1.5993116127794487,-1.6084127138046775,-0.9903329171272767,434997.12846931996,-0.8931579466558807,-1.8733646060077496,-0.28417925100370867,935865.3192113523
125.85,-0.600494748201434,-1.6770848933903784,-1.5017644096058576,-1.0765901451889444,379223.298010038,-0.98529564930322,-1.8112632005369833,-0.384800901101786,874846.5017651938
125.9,-0.589906618705034,-1.7494161475386558,-1.3908021848530339,-1.1595095288336217,325253.60878047184,-1.0741981816076756,-1.74399765274311,-0.4842915629026415,811074.0834062607
125.95,-0.579318489208631,-1.816101926831961,-1.2760487635311482,-1.23678343762333,273795.26767283824,-1.1596151633820704,-1.6719174696649841,-0.5802966741734393,745415.4734322568
126.0,-0.56687108695652,-1.8769667133391181,-1.1580365995971975,-1.3100956263825982,225494.50658693674,-1.2413158829849171,-1.59539506529773,-0.6744447960283971,678742.7771670262
126.05,-0.553284130434779,-1.9318592154700747,-1.0372416647051717,-1.3785750850352958,180905.30490788873,-1.3190860837338239,-1.5147576320800271,-0.7658019532990449,611864.1823852509
126.1,-0.5396971739130365,-1.980653716462882,-0.9142159602625535,-1.4409565425498454,140536.45459718697,-1.3927300900120594,-1.430426465146863,-0.8530329160990229,545631.9659180134
126.15,-0.524117906474818,-2.0232519662940183,-0.7894585479693561,-1.4991340598192002,104797.29148349911,-1.462073486140723,-1.3427803502656255,-0.9379555796659049,480815.7517491936
126.2,-0.508214309352516,-2.059578541406596,-0.6634378585047249,-1.5513642320540801,74010.25429439156,-1.526958897424108,-1.2521797049694985,-1.018744588071592,418121.0702766668
126.25,-0.492147231884056,-2.08958354466755,-0.5366829722375609,-1.5974363127834939,48431.40051856386,-1.5872495221661669,-1.1590618295465083,-1.0951022902821108,358246.4865897864
126.3,-0.474200130434777,-2.113241904560804,-0.40963034417166033,-1.639041774126027,28214.712943409646,-1.6428289912237686,-1.0637775726757663,-1.1686288607889916,301766.0597674521
126.35,-0.4562530289854988,-2.130548659097029,-0.28270049757791416,-1.6742956301115304,13438.306466320604,-1.693596958929999,-0.9666725877863247,-1.2373439299445002,249188.23786066927
126.4,-0.437835666666665,-2.1415216468555167,-0.15635019849305587,-1.7036859801888518,4110.439583854948,-1.7394724874758154,-0.8681403649485293,-1.3016368208091504,200978.05153412418
126.45,-0.418419,-2.146199838140258,-0.03096753309983802,-1.7277808381402577,161.25181673627162,-1.7803927167715046,-0.7685100261176238,-1.3619737167715047,157495.37606488288
126.5,-0.399002333333335,-2.1446409788109766,0.09306236362771787,-1.7456386454776416,1456.2621195348402,-1.8163107675554462,-0.6681147936128206,-1.4173084342221112,119033.96731848049
126.55,-0.379046683453235,-2.1369225495287325,0.2153572044422008,-1.7578758660754974,7798.484357179016,-1.8471970617692521,-0.5672901058793065,-1.4681503783160172,85818.15046094796
126.6,-0.3586675467625822,-2.123139927127888,0.33557364659082045,-1.7644723803653057,18935.077629370346,-1.8730376222230192,-0.46633471145304173,-1.514370075460437,57991.48349493112
126.65,-0.338288410071941,-2.103405643187831,0.4533642836166186,-1.76511723311589,34560.9762474072,-1.8938334753313069,-0.3655544841356586,-1.5555450652593659,35634.68823245
126.7,-0.317071456521739,-2.0778491467366056,0.5684176386718587,-1.7607776902148666,54328.3465360356,-1.9096005182910125,-0.2652198963363156,-1.5925290617692736,18757.758243372267
126.75,-0.295618195652176,-2.0466142722634335,0.6804490636044848,-1.7509960766112576,77854.30585104576,-1.9203669909461836,-0.16557554057455195,-1.6247487952940076,7310.73590308136
126.8,-0.27415195683453,-2.0098596858258597,0.7891554803722349,-1.7357077289913296,104716.84503815122,-1.9261740073514064,-0.06688587767297303,-1.6520220505168766,1192.9921685557101
126.85,-0.2520497985611437,-1.9677586405150165,0.8942686923621499,-1.7157088419538729,134470.63285574844,-1.9270753384319432,0.03061958121173365,-1.6750255398707996,250.015667621854
126.9,-0.229947640287769,-1.9204969142792205,0.9955379579120722,-1.6905492739914516,166650.66166788526,-1.9231353614248015,0.12672785201873904,-1.6931877211370325,4282.65292727558
126.95,-0.207693826086956,-1.8682731475129253,1.0927110775726674,-1.6605793214259692,200771.51079763143,-1.9144294594729112,0.2212233342036612,-1.7067356333859551,13050.603625649273
127.0,-0.184959768115941,-1.8112976256647475,1.1855771462348894,-1.6263378575488066,236347.51121059712,-1.901042869917823,0.31392987783722,-1.716083101801882,26280.524853037834
127.05,-0.16222571014492,-1.7497905296133818,1.2739395851414854,-1.5875648194684617,272890.9044259584,-1.8830690615015535,0.404682666808456,-1.7208433513566335,43671.482884054356
127.1,-0.1393906071942314,-1.683981956804718,1.3576068324492907,-1.5445913496104866,309912.73687564646,-1.8606099131794611,0.4933184314197996,-1.7212193059852297,64896.81994093108
127.15,-0.116446038848918,-1.6141108895842464,1.4364136448215243,-1.4976648507353285,346936.8565726612,-1.8337748895204509,0.5796954027075452,-1.717328850671533,89612.46931207013
127.2,-0.0935014705035969,-1.5404241136263914,1.51021127295361,-1.4469226431227946,383501.27382366685,-1.8026802273888478,0.6636824633777376,-1.709178756885251,117459.84325203788
127.25,-0.0704111724637686,-1.4631753968955583,1.578872820261893,-1.3927642244317897,419165.6566264356,-1.767448435567434,0.7451631709662614,-1.6970372631036654,148071.50703053168
127.3,-0.0472584188405735,-1.3826242133792783,1.6422933549665635,-1.3353657945387047,453516.2643304494,-1.728207416501527,0.824034550076655,-1.6809489976609535,181075.45059200944
127.35,-0.0241056652173783,-1.2990349954598364,1.7003796507162205,-1.274929330242458,486164.44396158145,-1.6850901589526919,0.9001961392410666,-1.6609844937353135,216094.15709453914
127.4,-0.0011465652173868,-1.2126766353126663,1.753044476711737,-1.2115300700952796,516746.1682000944,-1.6382347172249798,0.9735436809374293,-1.637088152007593,252743.27965151978
127.45,0.0218001739130457,-1.1238221036229783,1.8002176773398741,-1.145622277536024,544930.9053556214,-1.5877843428734373,1.043978860176685,-1.609584516786483,290637.8294655495
127.5,0.0446327338129499,-1.032747233488113,1.8418506714545977,-1.077379967301063,570427.2036885523,-1.533886867798787,1.1114126047432409,-1.5785196016117369,329396.7941285748
127.55,0.0669451438848981,-0.9397302927623647,1.8778901178949294,-1.0066754366472628,592968.6710808994,-1.4766948758797969,1.1757395794582743,-1.543640019764695,368630.2823212586
127.6,0.0892575539568462,-0.8450519373970131,1.9083085265353736,-0.9343094913538593,612334.2855171406,-1.416366254636889,1.2368667359209782,-1.505623808593735,407957.15264741733
127.65,0.111274420289859,-0.7489930776963746,1.9331106897368808,-0.8602674979862336,628354.6598940475,-1.3530628064262502,1.2947186277276477,-1.4643372267161092,447012.3533293235
127.7,0.132847971014495,-0.6518343866909722,1.9523038639866723,-0.7846823577054671,640894.0254707146,-1.2869504325440082,1.3492091660716838,-1.4197984035585032,485430.7663498263
127.75,0.15442152173913,-0.5538554414786225,1.9659341668984247,-0.7082769632177526,649874.2608169073,-1.218198972081087,1.400275887099622,-1.3726204938202171,522872.6826647022
127.8,0.175139712230221,-0.4553328623895835,1.9740531166963207,-0.6304725746198045,655253.0691808708,-1.1469811019604694,1.4478483453482622,-1.3221208141906904,559003.954967387
127.85,0.1953767625899377,-0.3565411173230116,1.9767149510438904,-0.5519178799129493,657021.3610706244,-1.0734737333036335,1.4918462515937936,-1.2688504958935711,593494.7302385207
127.9,0.215613812949644,-0.25775034565639166,1.9740400759684678,-0.47336415860603565,655244.4119176458,-0.9978565695272257,1.5322396942388339,-1.2134703824768698,626068.9281602975
127.95,0.234733094202902,-0.15922421046248705,1.966141061348857,-0.39395730466538903,650011.0532439703,-0.9203106738482962,1.568979648185518,-1.1550437680511982,656452.5697120939
128.0,0.253670413043482,-0.06122124223801312,1.9531435443387313,-0.3148916552814951,641445.4374290972,-0.8410202934666992,1.6020192072170607,-1.0946907065101812,684390.8107446346
128.05,0.272445630434791,0.036008326747028585,1.9352384261521454,-0.2364373036877624,629738.6560495496,-0.7601703448692545,1.6313640715570241,-1.0326159753040454,709692.9957245631
128.1,0.28976193478261,0.13222319492924955,1.9125703139220032,-0.15753873985336042,615072.3674624291,-0.6779462581613964,1.6569674597151993,-0.9677081929440063,732144.3100146776
128.15,0.30707823913044,0.22718874799633598,1.8853066431908212,-0.07988949113410404,597661.6521677301,-0.5945364857021926,1.6787982873783067,-0.9016147248326327,751563.6505878229
128.2,0.32381295683454,0.3206809502346471,1.8536693686990484,-0.003132006599892878,577771.2695795776,-0.5101290455564171,1.696872814081731,-0.8339420023909572,767833.9592452408
128.25,0.339418712230217,0.41248572478101664,1.8178353826667741,0.07306701255079961,555648.9526414804,-0.4249123300912079,1.7111605382204051,-0.7643310423214249,780818.7700167325
128.3,0.355024467625903,0.5023981163013642,1.778019796103766,0.1473736486754612,531575.0385764893,-0.33907602549391747,1.7216669289061832,-0.6941004931198205,790436.5370904664
128.35,0.36972294244603954,0.5902252286179974,1.7344564374626292,0.22050228617195788,505845.8467284213,-0.2528082757010493,1.728415867282188,-0.6225312181470888,796645.7094060902
128.4,0.383708553956834,0.6757847339527865,1.6873522608407878,0.2920761799959525,478743.5224013922,-0.16629708234298843,1.73140712477039,-0.5500056362998225,799405.5017881783
128.45,0.397694165467627,0.7589057424860414,1.6369659956533549,0.3612115770184144,450578.7557051648,-0.0797292955056321,1.7306953716692555,-0.47742346097325905,798748.3918713019
128.5,0.410729847826085,0.8394308371013832,1.5835506342213617,0.4287009892752982,421653.10664636566,0.006711621989687194,1.7263347215180112,-0.4040182258363978,794728.4188583118
128.55,0.423497601449279,0.9172144037135518,1.5273516802626015,0.4937168022642728,392255.9043195096,0.09284423920758009,1.718378825438509,-0.33065336224169894,787420.210057448
128.6,0.4362432753623193,0.9921245048073758,1.4686630780652694,0.5558812294450565,362690.1400678014,0.17849140494095048,1.706937863279792,-0.2577518704213688,776969.8317595152
128.65,0.447907043478264,1.0640434674167618,1.4077401466522592,0.6161364239384979,333224.0878371878,0.2634812674326525,1.6920923573673647,-0.1844257760456115,763513.7455629455
128.7,0.459570811594208,1.132865545209542,1.3448387616332882,0.673294733615334,304110.7914746678,0.34764541698618234,1.6739341030349557,-0.11192539460802564,747214.7683475845
128.75,0.470970438848922,1.198499222905188,1.2802499352141754,0.7275287840562661,275601.0833702048,0.4308217670541313,1.6526017414038348,-0.0401486717947907,728291.3375175967
128.8,0.481618280575542,1.2608665487161537,1.2142213471440433,0.7792482681406117,247906.04861870667,0.5128544617271705,1.628202049935343,0.031236181151628517,706944.5107769741
128.85,0.49226612230215583,1.3199015590689156,1.147004209803057,0.8276354367667598,221218.4877282093,0.5935929055928216,1.6008585500831496,0.1013267832906658,683399.4926331531
128.9,0.50260647826087,1.3755515121803936,1.078858858992144,0.8729450339195236,195713.44409983524,0.6728936883091456,1.5707174362066514,0.17028721004827563,657907.5371742924
128.95,0.512613724637683,1.427775836526462,1.0100161427664478,0.9151621118887789,171533.13516368414,0.7506201838359038,1.537908413722994,0.23800645919822083,630709.9437333267
129.0,0.522620971014491,1.4765453712674654,0.9407071743814841,0.9539244002529744,148799.1011595336,0.8266424640301899,1.5025753778717403,0.3040214930156989,602062.0709830408
129.05,0.532092323741008,1.521842244696996,0.871138777207301,0.9897499209559879,127604.5285790259,0.9008378624805278,1.4648508024621598,0.36874553873951976,572210.0995930756
129.1,0.541355273381294,1.5636579964155555,0.8014943746193796,1.0223027230342616,108017.05999045334,0.9730897166225887,1.424856565879991,0.43173444324129473,541390.995555019
129.15,0.550618223021585,1.6019936924379599,0.7319697868742139,1.0513754694163748,90090.23212957651,1.0432881512341752,1.3827402680378589,0.49266992821259015,509858.83969424263
129.2,0.559214405797106,1.6368596906191448,0.6627274766804981,1.0776452848220388,73851.84490931727,1.1113304597035265,1.3386271014856175,0.5521160539064205,477846.0044884762
129.25,0.567768028985508,1.6682736640023936,0.5939179490507425,1.1005056350168856,59312.23594467169,1.1771196543120097,1.2926415909952833,0.6093516253265017,445579.2754055513
129.3,0.57611941304348,1.6962614193024352,0.5257038373044053,1.120142006258955,46470.10883026311,1.2405658722348487,1.2449313707908087,0.6644464591913687,413294.4314610886
129.35,0.583549485507246,1.7208558601183013,0.45819792368887746,1.1373063746110552,35301.863316671726,1.3015858090861765,1.1956023592724883,0.7180363235789305,381190.66706611734
129.4,0.590979557971015,1.7420949294581118,0.3915143984760463,1.151115371487097,25774.299590522995,1.3601010777669538,1.1447714333721022,0.7691215197959388,349467.1025772847
129.45,0.597697805755397,1.7600229313761895,0.325768059486038,1.1623251256207925,17844.664910153402,1.4160400187827649,1.0925643830694796,0.8183422130273679,318319.18164053134
129.5,0.603433057553956,1.7746883686500257,0.2610189517801047,1.1712553110960697,11456.065232131918,1.469335874480834,1.0390586436709137,0.865902816926878,287904.7639965971
129.55,0.609168309352518,1.786142855145688,0.19735060965247495,1.17697454579317,6548.89971571202,1.5199260661257032,0.9843633968150218,0.9107577567731853,258392.34586378885
129.6,0.6133521884057955,1.7944422289269704,0.13480933497874795,1.1810900405211748,3055.8450422091964,1.567753688017879,0.9285562294679898,0.9544014996120835,229924.4456756827
129.65,0.616663420289856,1.7996425263097668,0.07339134665778285,1.1829791060199109,905.693203341866,1.6127637223618856,0.8716705372684317,0.9961003020720296,202615.87347782304
129.7,0.619974652173915,1.8018010702177973,0.013154707079884205,1.1818264180438822,29.097371522826315,1.6549044852016754,0.8138087560514419,1.0349298330277605,176609.25104693207
129.75,0.620318820143885,1.800976889066947,-0.0459491430167605,1.1806580689230621,355.0146109231825,1.6941283221573427,0.7549702265397175,1.0738095020134577,151994.67812304862
129.8,0.620258388489209,1.7972238381494356,-0.10399286921257561,1.1769654496602266,1818.4380778832203,1.7303849297886351,0.695136492232218,1.1101265412994261,128857.26475544332
129.85,0.6197686739130419,1.7905959360003199,-0.16093725564266115,1.170827262087278,4355.164645374685,1.7636270383338244,0.6344063346594937,1.1438583644207825,107325.70598829161
129.9,0.615415413043478,1.7811463659270015,-0.21690668644803682,1.1657309528835236,7911.107305084825,1.793809589146739,0.5727179433239549,1.1783941761032608,87468.22469472556
129.95,0.611062152173912,1.7689198185357184,-0.27200341800909084,1.1578576663618065,12440.565387818628,1.8208823002886583,0.5100373370195377,1.2098201481147464,69370.15604106172
130.0,0.605001194244605,1.753960552315718,-0.32622859748234256,1.148959358071113,17895.154545191155,1.8447979456230434,0.4464341422963533,1.2397967513784385,53147.58490876818
130.05,0.595625294964028,1.736308966881278,-0.3797331951993404,1.14068367191725,24246.47017642144,1.8655090591785526,0.3818319673437621,1.2698837642145246,38878.84034282876
130.1,0.5862493956834551,1.7159981637585253,-0.432582048584137,1.1297487680750702,31465.046750870883,1.8829647028753445,0.31624324910664137,1.2967153071918893,26669.278028140063
130.15,0.573582782608697,1.6930607037129772,-0.4848342868432325,1.1194779211042802,39525.56123495661,1.8971172583857907,0.24968724672902104,1.3235344757770937,16624.992314431744
130.2,0.558330608695647,1.6675218092348327,-0.5366620250812087,1.1091912005391857,48427.6199614263,1.907915820200366,0.18207488733124239,1.349585211504719,8840.337225782563
130.25,0.543078434782606,1.6394013737750357,-0.5880776423222088,1.0963229389924298,58151.47467569116,1.915308296252328,0.11347505448695135,1.3722298614697221,3433.7567975510874
130.3,0.522759014492745,1.608718838063585,-0.6392055988959284,1.08595982357084,68702.49925891236,1.91924619249898,0.04384745325967837,1.3964871780062351,512.6931086292478
130.35,0.5011727826086958,1.5754826773880315,-0.6902219706205567,1.0743098947793357,80106.72078013784,1.9196744564640353,-0.02689566146112303,1.4185016738553395,192.90042811502363
130.4,0.479334906474815,1.539699388566905,-0.741073865823956,1.06036448209209,92345.21386017751,1.9165402674205811,-0.0986209503956322,1.4372053609457662,2593.6244951833996
130.45,0.451457568345314,1.501375239755746,-0.7919287354153963,1.0499176714104321,105454.13141587685,1.909794654065152,-0.1714084906055688,1.458337085719838,7834.8988404478305
130.5,0.423580230215829,1.4605040219600536,-0.8429334602692689,1.0369237917442247,119475.25947429251,1.8993807542054912,-0.24531651148196892,1.4758005239896623,16048.050881515466
130.55,0.394008224637678,1.417080424358944,-0.8940264503564461,1.0230721997212662,134397.7911602664,1.885246656254055,-0.3202056863109861,1.4912384316163771,27341.781745570574
130.6,0.359612934782618,1.3710972733359732,-0.9453653765235525,1.0114843385533552,150276.39919638392,1.8673426406743985,-0.39614736927219873,1.5077297058917805,41848.73018167568
130.65,0.325217644927539,1.3225386836244724,-0.9970164324381567,0.9973210386969333,167146.01538530097,1.8456146480928555,-0.4731257119903532,1.5203970031653165,59692.78382570098
130.7,0.287897158273374,1.2713909610408303,-1.0489472795860904,0.9834938027674562,185011.49703962688,1.8200145627641637,-0.5510343775423451,1.5321174044907897,80970.3693955946
130.75,0.247651474820145,1.217637737178538,-1.1012507809562018,0.969986262358393,203921.89306890898,1.7904954710531833,-0.6298872577519018,1.5428439962330383,105802.12199418954
130.8,0.207405791366893,1.1612606423142326,-1.153868473426052,0.9538548509473397,223874.18114920906,1.7570122135320074,-0.7095577930976595,1.5496064221651145,134259.26979883228
130.85,0.16328003478260805,1.1022460487148038,-1.206776134213817,0.9389660139321958,244875.20969602186,1.7195275688094243,-0.789955487769242,1.5562475340268163,166407.91270846428
130.9,0.117645360869557,1.0405776315831763,-1.2600073599519919,0.9229322707136193,266954.69248304365,1.6780051192792504,-0.8710460708111929,1.5603597584096935,202325.66866016472
130.95,0.0720106869565045,0.9762425905624681,-1.3134019128089438,0.9042319036059636,290059.22633693775,1.6324149573288698,-0.9526174013625166,1.5604042703723653,241994.64356764645
131.0,0.0228781575539584,0.9092359302609845,-1.3668869650760591,0.8863577727070261,314164.13133177353,1.5827374696259557,-1.034543491986461,1.5598593120719972,285408.0631497442
131.05,-0.0264001158273442,0.8395536198959843,-1.4203887557661834,0.8659537357233286,339239.05647257704,1.5289567794170866,-1.1167000321575293,1.5553568952444308,332538.3898188339
131.1,-0.07613436739129073,0.7672004711692431,-1.4736860129599143,0.8433348385605338,365175.2359065059,1.4710679335409222,-1.1988293674679698,1.547202300932213,383251.16061430733
131.15,-0.127945852898546,0.6921906088523372,-1.5266483169638612,0.8201364617508832,391894.71064924134,1.4090771293576276,-1.2807622229792837,1.5370229822561736,437427.1658162231
131.2,-0.179757338405802,0.61454379000698,-1.579122280571259,0.794301128412782,419298.1225902969,1.3429981405200824,-1.3623103183187575,1.5227554789258844,494903.84090606787
131.25,-0.23169453237409,0.5342906160312813,-1.6308628841359998,0.7659851484053712,447225.2271592659,1.272857035998706,-1.4432030989262619,1.504551568372796,555422.7159334308
131.3,-0.283805323741015,0.45147364415023994,-1.6816357105846733,0.735278967891255,475505.1642271943,1.1986930718478717,-1.5231823662251658,1.4824983955888866,618689.2055411454
131.35,-0.33591611510790964,0.36614715516429075,-1.7312027114888966,0.7020632702722004,503949.75991996034,1.1205583717708327,-1.6019882149442013,1.4564744868787423,684364.3308853623
131.4,-0.387466260869575,0.2783779951205355,-1.7792932082692572,0.6658442559901105,532336.7359708118,1.0385186434743734,-1.679331403024987,1.4259849043439483,752041.0563162325
131.45,-0.43870104347828,0.18824716617909815,-1.8256246129983824,0.6269482096573782,560420.9472809669,0.9526546187454505,-1.7549122191772373,1.3913556622237304,821257.8392046869
131.5,-0.489935826086957,0.09584906922531218,-1.869944716784795,0.5857848953122692,587961.5549340324,0.8630613320239233,-1.828459229607385,1.3529971581108804,891536.8411563818
131.55,-0.538888666666676,0.0012919511365348801,-1.9119105018771494,0.5401806178032109,614648.0566278106,0.7698485669975357,-1.8996150413310866,1.3087372336642118,962276.6147336815
131.6,-0.5875303333333237,-0.09529688635266596,-1.9511717075883988,0.49223344698065774,640150.9220055274,0.6731457757959671,-1.9680149760774615,1.2606761091292908,1032822.1189507124
131.65,-0.6356164676259,-0.19377581813610084,-1.9874700944909343,0.4418406494897991,664190.4096189064,0.573097683588006,-2.0333792005807467,1.208714151213906,1102568.2595611725
131.7,-0.679628697841743,-0.29398732702591857,-2.0203761305316315,0.3856413708158244,686366.1441702895,0.4698658807402847,-2.095263559623253,1.1494945785820276,1170701.169142695
131.75,-0.723640928057562,-0.39575045621467553,-2.049505421632452,0.32789047184288644,706300.540150743,0.36363606360602085,-2.153265264464807,1.087276991663583,1236413.679773519
131.8,-0.765887528985526,-0.49887065850840573,-2.074604154496911,0.2670168704771203,723705.5144932432,0.2546087952308208,-2.2071023414081754,1.0204963242163467,1299013.5321198534
131.85,-0.804706731884062,-0.6031370119842372,-2.095273758023985,0.20156971989982486,738198.1337031707,0.14300233513953375,-2.256351244225843,0.9477090670235958,1357632.2499518695
131.9,-0.84352593478262,-0.7083194261445837,-2.1112292235393957,0.1352065086380363,749483.6667311759,0.029055458132498282,-2.300694923943251,0.8725813929151183,1411519.2354821977
131.95,-0.878420669064763,-0.8141766091041847,-2.1221879421961707,0.06424405996057836,757284.5223384905,-0.08698004615228688,-2.3398143868047883,0.7914406229124762,1459928.3639196446
132.0,-0.910473546762591,-0.9204483997496358,-2.127760215688872,-0.009974852987044813,761266.5791491966,-0.20483177686328696,-2.3732840746979496,0.705641769899304,1501993.9464573073
132.05,-0.942526424460438,-1.026860068050922,-2.1277812429386342,-0.0843336435904839,761281.6254137825,-0.32421076970386564,-2.40089489410908,0.6183156547565724,1537145.678015747
132.1,-0.9688827971014442,-1.1331293820719142,-2.121976743125638,-0.16424658497046996,757133.8006935287,-0.44481823968955986,-2.4223268198620955,0.5240645574118843,1564711.2592595236
132.15,-0.993815043478261,-1.238955475803882,-2.110038833430806,-0.2451404323256211,748638.7310777546,-0.5663345338639421,-2.437225958439238,0.42748050961431894,1584018.76599735
132.2,-1.01844338129497,-1.344030806923881,-2.09195572826236,-0.3255874256289111,735861.9960132334,-0.6884308820476408,-2.4455299425968557,0.3300124992473292,1594831.1200367415
132.25,-1.03577791366906,-1.4480441125316605,-2.0674594647554065,-0.41226619886260063,718729.3865893298,-0.8107722521485984,-2.4469202164174986,0.22500566152046153,1596644.9454700423
132.3,-1.05311244604317,-1.5506662532031994,-2.0363354278127233,-0.4975538071600294,697252.4188824084,-0.9330032600949341,-2.4411339108872943,0.12010918594823594,1589102.605569039
132.35,-1.068472173913037,-1.6515684229047878,-1.998659789848511,-0.5830962489917508,671690.4068654141,-1.0547664887596118,-2.4282005525459347,0.013705685153425184,1572308.7795691688
132.4,-1.07821130434783,-1.750420266683157,-1.9542690345464127,-0.6722089623353269,642184.9105397,-1.1757006505420426,-2.4079100804426394,-0.09748934619421257,1546141.5881326078
132.45,-1.08795043478261,-1.8468828790802199,-1.9031335902937794,-0.7589324442976098,609017.7417918121,-1.2954336800745534,-2.380192639664127,-0.20748324529194329,1510751.2005096762
132.5,-1.09373304347826,-1.940622574760459,-1.8453376929433087,-0.8468895312821991,572589.1322730595,-1.4135968978244036,-2.345096796484076,-0.3198638543461436,1466527.7293013001
132.55,-1.09555913043478,-2.0313044700781475,-1.7808137376847377,-0.9357453396433675,533246.9620322797,-1.5298186494141675,-2.30252098031537,-0.4342595189793874,1413760.7639446543
132.6,-1.0973852173912966,-2.1185944258887597,-1.709720433737404,-1.021209208497463,491520.4592094644,-1.6437265589932333,-2.2526008565611066,-0.5463413416019367,1353122.8317279553
132.65,-1.09350784172662,-2.2021688031762157,-1.632167193196411,-1.1086609614495957,447940.86448388675,-1.754957761139173,-2.1954250539195423,-0.6614499194125529,1285304.3113007003
132.7,-1.08762654676259,-2.2817043289139076,-1.5482069982397904,-1.1940777821513175,403041.20428849856,-1.8631487184909896,-2.1310304524280332,-0.7755221717283995,1211010.8771135008
132.75,-1.08174525179856,-2.356888522153729,-1.4581893742769605,-1.2751432703551688,357535.56923371746,-1.967946266338818,-2.0597646967289918,-0.8862010145402581,1131368.1615709534
132.8,-1.06892565217391,-2.42742472202216,-1.3622612730730115,-1.3584990698482502,312041.3990066082,-2.0690129881819606,-1.9817692483233067,-1.0000873360080507,1047309.1609599798
132.85,-1.0558169565217392,-2.4930188532011037,-1.2605862944689696,-1.4372018966793645,267200.06373431697,-2.1660137730406572,-1.8972093791754678,-1.110196816518918,959840.9142483639
132.9,-1.04136453237409,-2.553394827444662,-1.153600535799842,-1.512030295070572,223770.222416259,-2.258632014892333,-1.8065352892453752,-1.217267482518243,870285.2670103658
132.95,-1.02153719424459,-2.608294063040446,-1.0415251290150105,-1.586756868795856,182402.5480026701,-2.3465692135914735,-1.7099768716185864,-1.3250320193468834,779738.9070587966
133.0,-1.00170985611511,-2.657467456788311,-0.924656589829939,-1.655757600673201,143764.72357344665,-2.4295368358112097,-1.6078459809225985,-1.4278269796960996,689378.3195650541
133.05,-0.979013195652166,-2.7006867302734423,-0.8034085940132109,-1.7216735346212761,108533.6332102265,-2.5072681578450524,-1.500575680097901,-1.5282549621928863,600460.6324536743
133.1,-0.952354137681162,-2.737739442150771,-0.6780282151357117,-1.785385304469609,77301.3233603036,-2.5795131127459205,-1.3884277825037992,-1.6271589750647586,514061.7885942446
133.15,-0.925695079710142,-2.76842698068635,-0.5488929183935092,-1.8427319009762082,50660.17093095395,-2.6460362617364583,-1.271798230628878,-1.7203411820263164,431325.53051486524
133.2,-0.894527410071934,-2.7925720825963003,-0.41635845732455823,-1.8980446725243663,29149.16891019715,-2.7066244223248956,-1.151057559136771,-1.8120970122529616,353315.60118557373
133.25,-0.861037122302163,-2.8100105593978295,-0.2806875666570879,-1.9489734370956664,13247.616470848076,-2.761078075222451,-1.0264794721657835,-1.9000409529202877,280976.02847406553
133.3,-0.827546834532374,-2.820596156035158,-0.14233491291904193,-1.9930493215027838,3406.546137798393,-2.8092161613128646,-0.8985274138658091,-1.9816693267804906,215293.7369249011
133.35,-0.7873013333333414,-2.824203882317229,-0.0015722531714846832,-2.0369025489838872,0.4156582016028373,-2.8508791245184715,-0.7674737795591957,-2.0635777911851303,157070.9339495672
133.4,-0.746134666666659,-2.8207172620407075,0.14135824950126152,-2.0745825953740487,3359.9569451173497,-2.885915860564135,-0.6335580142461915,-2.139781193897476,107038.86864415399
133.45,-0.704069782608668,-2.810040000895069,0.2859729315342928,-2.1059702182864006,13751.22063074305,-2.914195101359339,-0.4972512374412778,-2.210125318750671,65935.67816983521
133.5,-0.655417971014484,-2.792096136742176,0.43201778680557223,-2.1366781657276923,31383.014018517413,-2.9356050620625314,-0.35878866472756593,-2.2801870910480475,34327.814916530595
133.55,-0.606766159420271,-2.766819325298728,0.5791975719810962,-2.1600531658784567,56408.540180907265,-2.950042561976084,-0.2184397567705252,-2.343276402555813,12724.247290124325
133.6,-0.5557643812949625,-2.734165190901749,0.7270497219665442,-2.1784008096067864,88883.18750435012,-2.9574246341125536,-0.07662497364051704,-2.401660252817591,1565.7030894426484
133.65,-0.500584884892078,-2.6941080374987627,0.8752818355704417,-2.1935231526066845,128821.16635022822,-2.957684752226532,0.06640967123624292,-2.4570998673344544,1176.0651823215653
133.7,-0.445405388489192,-2.6466370822737857,1.0235109968323233,-2.2012316937845937,176147.47483502812,-2.950768743185909,0.21034206998759938,-2.505363354696717,11798.343041778176
133.75,-0.386318753623194,-2.591763449030103,1.1713508176533407,-2.205444695406909,230709.4402217784,-2.936640832981595,0.35485886649075327,-2.550322079358401,33579.9507005606
133.8,-0.324402811594197,-2.5295130062414053,1.3185317573227133,-2.2051101946472085,292329.4598852781,-2.9152764044180763,0.49976464120037634,-2.5908735928238795,66603.9190917709
133.85,-0.2624868695652324,-2.4599282521705876,1.4646356291233005,-2.1974413826053554,360703.689649563,-2.886663291634471,0.6447372958927451,-2.624176422069239,110849.64819069044
133.9,-0.196033029710151,-2.383073135727864,1.6093193147203844,-2.187040106017713,435487.6492628208,-2.850805635068948,0.7895337510269893,-2.6547726053587968,166230.27840286613
133.95,-0.128583065942023,-2.2990250193116744,1.752282556014265,-2.1704419533696515,516297.08200118813,-2.807716168274277,0.9339568930356479,-2.679133102332254,232606.79414634683
134.0,-0.060885392805775,-2.20788134100856,1.8930595789895546,-2.146995948202785,602587.280436773,-2.7574217819854407,1.07767155709251,-2.696536389179666,309700.26265765197
134.05,0.0106930604316607,-2.1097612948169098,2.0313038254553644,-2.1204543552485706,693810.9793994785,-2.69996453982104,1.2204556385722907,-2.7106576002527007,397203.19085943943
134.1,0.08227151366905651,-2.0047991157367946,2.166659946549319,-2.087070629405851,789355.9831887807,-2.6353955063391954,1.3620837863884925,-2.717667020008252,494739.2643046434
134.15,0.154808507246391,-1.8931512843094664,2.2986583275672414,-2.0479597915558574,888464.8292032474,-2.5637807598096845,1.5022371302997417,-2.7185892670560756,601791.0388403209
134.2,0.229810318840608,-1.774995375421495,2.426932509282122,-2.004805694262103,990391.247653118,-2.4852001884397565,1.640687658933376,-2.7150105072803647,717828.2651136753
134.25,0.304812130434783,-1.6505268242139692,2.5510807509733544,-1.9553389546487523,1094308.5867133427,-2.3997446989185116,1.777176964152885,-2.7045568293532947,842228.7898441773
134.3,0.380093949640301,-1.5199641699683646,2.670618518005855,-1.9000581196086657,1199264.857269807,-2.307520678845923,1.9113761078221703,-2.687614628486224,974228.9668142477
134.35,0.45563423741005393,-1.3835495870142163,2.7850813462676944,-1.8391838244242702,1304268.9769762137,-2.2086505258702003,2.042970063131062,-2.6642847632802544,1112993.7810265962
134.4,0.53117452517985,-1.2415483765454032,2.894005893724773,-1.772722901725253,1408283.911455049,-2.1032724435228847,2.1716388893104246,-2.6344469687027345,1257604.1241507772
134.45,0.60564926811596,-1.0942497309287453,2.996888897845759,-1.6998989990447053,1510193.79346916,-1.9915414322527971,2.2970212065086155,-2.597190700368757,1407015.0461734124
134.5,0.679749630434788,-0.9419685391436565,3.093231470742597,-1.6217181695784446,1608852.5215067577,-1.8736312644005588,2.418748234868265,-2.553380894835347,1560091.472980893
134.55,0.753849992753658,-0.7850427818916978,3.1826050798164474,-1.538892774645356,1703165.6856676575,-1.7497329728415163,2.536494613547734,-2.5035829655951742,1715681.313215112
134.6,0.8217922158273419,-0.6238351902837618,3.2643522500038338,-1.4456274061111036,1791783.06833646,-1.620057043397498,2.649727819625264,-2.4418492592248398,1872282.004825615
134.65,0.889608762589943,-0.45874524324491317,3.337841644526517,-1.3483540058348562,1873366.9452208898,-1.4848442773769965,2.7579170077653656,-2.3744530399669395,2028294.992459058
134.7,0.955371275362341,-0.29019562292385426,3.402658724811716,-1.2455668982861954,1946830.6788037186,-1.3443557077412203,2.860685426504074,-2.2997269831035614,2182272.2958434126
134.75,1.01291765217391,-0.11863641379823844,3.458056958755496,-1.1315540659721486,2010738.9011236425,-1.1988774973549918,2.9573491520684807,-2.2117951495289017,2332243.7352640433
134.8,1.07046402898552,0.05544289087159826,3.5034282993255323,-1.0150211381139218,2063848.7315235978,-1.048732552162885,3.0473085724688884,-2.119196581148405,2476290.5428913003
134.85,1.1213124460431552,0.23153100035865753,3.5382789398679266,-0.8897814456844977,2105113.567697794,-0.8942674203465045,3.1300224187690766,-2.01557986638966,2612544.0911992057
134.9,1.16363618705036,0.40908133910500993,3.5617675657305634,-0.7545548479453501,2133155.64609031,-0.735865752690876,3.2046111648900792,-1.8995019397412358,2738542.058170174
134.95,1.20595992805756,0.5875106314953975,3.5734336075572437,-0.6184492965621624,2147152.2008266463,-0.57395163554952,3.27048202861649,-1.77991156360708,2852280.719867582
135.0,1.2366754347826,0.7662185001363773,3.5727332770307876,-0.4704569346462226,2146310.6746950527,-0.40897476282177514,3.3269222195240142,-1.645650197604375,2951576.3879366918
135.05,1.26141094202899,0.9445652460314615,3.5589161970468237,-0.31684569599752854,2129741.6228783163,-0.24143233644130324,3.3729899094013964,-1.5028432784702934,3033882.9143796377
135.1,1.2861464492753507,1.121889767896213,3.531883912964955,-0.16425668137913774,2097510.9493646696,-0.07185535554244596,3.4082860157605723,-1.3580018048177966,3097710.2840610873
135.15,1.29435345323741,1.2975245550531587,3.4911140860772982,0.003171101815748756,2049365.7701730682,0.09920282030060773,3.431979304640613,-1.1951506329368022,3140928.5193283907
135.2,1.30072395683454,1.4707637980951769,3.436108262158847,0.17003984126063698,1985295.1102298605,0.2711349703152525,3.443220994131883,-1.0295889865192873,3161538.883848148
135.25,1.30507826086957,1.640903330566712,3.3671858182558783,0.3358250696971421,1906450.6275116452,0.443315449813788,3.441899376082446,-0.8617628110557819,3159112.350687128
135.3,1.29464710144927,1.8072468631478529,3.2841403317569164,0.5125997616985829,1813572.02480365,0.6151047378105615,3.427373306141201,-0.6795423636387085,3132503.4079064713
135.35,1.2842159420289871,1.9690821283663462,3.186986562953804,0.6848661863373591,1707858.4001396534,0.785825214124438,3.3991987519362676,-0.4983907279045492,3081213.9080440216
135.4,1.26859608695652,2.125720020945235,3.076308789576619,0.8571239339887151,1591297.014757242,0.9547988821406861,3.3574860218947817,-0.31379720481583395,3006056.636591693
135.45,1.24375188405797,2.2764915048721854,2.952347000540173,1.0327396208142154,1465636.2440434499,1.1213441947425924,3.3020021193261164,-0.1224076893153776,2907524.7989424444
135.5,1.21890768115943,2.4207429841359454,2.815684606808531,1.2018353029765154,1333089.8093572052,1.28477168634504,3.2328786339627626,0.06586400518561009,2787067.8031821167
135.55,1.18692755395683,2.5578608037704953,2.6670766690631127,1.3709332498136653,1196085.9694688662,1.4444101705414012,3.1504472746695105,0.25748261658457117,2646751.4747926793
135.6,1.1501901438849,2.6872615387561036,2.507124875507854,1.5370713948712036,1056922.9475481694,1.5995979061670953,3.0549101519382242,0.44940776228219526,2488660.2763773934
135.65,1.11345273381294,2.808400442595976,2.336802959181193,1.694947708783036,918196.3947998787,1.749693436862151,2.946911261756667,0.636240703049211,2315809.595911539
135.7,1.06793872463766,2.9207827025041126,2.1569352792210537,1.8528439778664527,782286.1172697602,1.894090039432007,2.82697717414936,0.8261513147943471,2131146.651509734
135.75,1.02049814492753,3.0239476830887897,1.9682901003693603,2.0034495381612594,651432.7849464025,2.0322008088459755,2.695624714537945,1.0117026639184454,1937704.6937674072
135.8,0.972548652173897,3.1174841257686183,1.7719883337978428,2.1449354735947215,527974.6998574658,2.163478348333928,2.55382369942453,1.190929696160031,1739204.1300646376
135.85,0.9166261884058021,3.2010332203065484,1.568888839169232,2.2844070319007463,413881.24077652703,2.28742113244263,2.4023024344735484,1.370794944036828,1538948.5297806768
135.9,0.860703724637676,3.2742742054539122,1.3598585155598153,2.413570480816236,310941.6120314962,2.403559860318657,2.2418569995599573,1.5428561356809811,1340246.0817269266
135.95,0.802994474820127,3.336938150723465,1.1459703631626534,2.5339436759033376,220819.87904505766,2.511476297924382,2.0735789560311093,1.7084818231042551,1146594.5831720175
136.0,0.741116057553965,3.3888048114005977,0.9280940873665755,2.6476887538466327,144835.62814287865,2.6108023012019452,1.8983731529114662,1.8696862436479802,961018.8340520057
136.05,0.679237640287769,3.4296959413510986,0.7071170669986888,2.7504583010633294,84076.38580639599,2.7012144138968113,1.7172129913220278,2.021976773609042,786352.1220173725
136.1,0.6149332028985677,3.4594797392603684,0.48393001211983594,2.8445465363618005,39378.258804530284,2.7824413485229917,1.5311154423086086,2.1675081456244243,625150.5327135697
136.15,0.548389362318832,3.4780647259020014,0.25928642259607804,2.9296753635831694,11304.489293541776,2.8542584771329755,1.3409661548397855,2.3058691148141435,479517.39424687997
136.2,0.481845521739096,3.4853970421580667,0.033958348838133534,3.003551520418971,193.90299893706336,2.916486046901589,1.1476977881537749,2.434640525162493,351256.0567821513
136.25,0.414467834532363,3.481461709757869,-0.19130475124826685,3.066993875225506,6153.793347543929,2.968991674502807,0.9522303588118702,2.554523839970444,241798.0416647955
136.3,0.346826827338108,3.466278951048093,-0.4158288053133655,3.1194521237099853,29075.05442687564,3.0116864239816983,0.755398804045208,2.6648595966435904,152167.29417411482
136.35,0.2791858201438906,3.4399018184231105,-0.6389773705872124,3.16071599827922,68653.44757353298,3.044521991403823,0.5579886524387156,2.7653361712599325,83027.0230000997
136.4,0.210947041304341,3.4024136787863335,-0.8601815788984852,3.1914666374819927,124414.69259852078,3.0674872632482466,0.36069233686889035,2.8565402219439058,34693.05650025096
136.45,0.142696063043459,3.3539247710397753,-1.0789224308041048,3.2112287079963164,195736.5096282524,3.080603420427023,0.16412312715743618,2.937907357383564,7183.040231449591
136.5,0.074944605035975,3.2945710267011807,-1.294690739251358,3.2196264216652057,281853.53006027965,3.083921311603028,-0.031146413416085456,3.008976706567053,258.6930849828555
136.55,0.008964173381275,3.224514066250222,-1.5069594232138208,3.215549892868947,381851.51011396066,3.0775197414740605,-0.22456257266794327,3.0685555680927856,13447.559744865415
136.6,-0.05701625827338669,3.1439415946773823,-1.7152394717006547,3.200957852950769,494698.8717716524,3.0615037985792566,-0.41565763340827044,3.118520056852643,46072.33818948378
136.65,-0.1217381797101689,3.053064322067707,-1.9190689252926194,3.1748025017778763,619259.3058836734,3.035999266202013,-0.604038737718643,3.1577374459121823,97296.74577726178
136.7,-0.184858360869601,2.9521173196639428,-2.117942520565443,3.136975680533544,754257.6685488935,3.0011517004799475,-0.7893161946138626,3.1860100613495486,166138.6813545891
136.75,-0.247978542028997,2.8413605721927073,-2.311386946585004,3.0893391142217044,898331.6643834377,2.957124585183832,-0.9711795839934362,3.205103127212829,251517.2758308437
136.8,-0.3079799130435,2.7210779799105524,-2.4988707114797335,3.0290578929540524,1049975.0252516102,2.904096054192508,-1.1493064423521029,3.2120759672360077,352241.4129152127
136.85,-0.366513608695652,2.591582752751991,-2.679800037265861,2.9580963614476428,1207525.1169865048,2.842261881313147,-1.3233585339367766,3.208775490008799,467007.41582487867
136.9,-0.425047304347837,2.453215846801153,-2.8536579996776927,2.87826315114899,1369289.3867674747,2.7718319916692815,-1.493104475003008,3.1968792960171184,594496.2595397356
136.95,-0.478404618705054,2.3063457853287694,-3.0197865468922633,2.7847504040338236,1533359.143943293,2.6930287218689886,-1.6582144386215263,3.1714333405740427,733246.6998541076
137.0,-0.531311812949637,2.1513776018290036,-3.177491862912839,2.6826894147786406,1697697.4232645486,2.6060934424987217,-1.8183516637415063,3.1374052554483587,881707.4061417344
137.05,-0.583379420289859,1.988746409413582,-3.3262102359267574,2.572125829703441,1860333.4145841303,2.511279983994729,-1.9733040276849958,3.094659404284588,1038381.0095140872
137.1,-0.630289565217378,1.8189187111199518,-3.4652021975610285,2.44920827633733,2019056.897604628,2.4088554535947035,-2.1227122262600484,3.0391450188120817,1201575.2521370377
137.15,-0.677199710144923,1.6424002409852514,-3.5937538267954925,2.3195999511301744,2171641.059610519,2.299106880714306,-2.2662339389254456,2.976306590859229,1369551.0042500107
137.2,-0.721292633093532,1.4597277803760276,-3.711241189007226,2.1810204134695597,2315953.068592582,2.1823349217992303,-2.4035844246922715,2.903627554892762,1540591.4897662075
137.25,-0.760789035971221,1.2714737240577685,-3.816875606696528,2.0322627600289893,2449669.0100242547,2.058858735685111,-2.534317376062154,2.819647771656332,1712737.21669615
137.3,-0.800285438848933,1.0782487450244158,-3.9100028195618135,1.8785341838733487,2570665.307229286,1.92901967182013,-2.6580616458245516,2.729305110669063,1884077.7901342732
137.35,-0.8355511739130423,0.8806920664315495,-3.990016878266582,1.7162432403445917,2676953.707359204,1.7931753523523966,-2.7744393330167054,2.6287265262654387,2052670.296690715
137.4,-0.867996463768122,0.6794769890309474,-4.056240092888966,1.5474734527990694,2766551.1373009267,1.6517066867054337,-2.8829606128031573,2.5197031504735556,2216389.838659828
137.45,-0.900441753623201,0.47530525024284104,-4.108237530648013,1.375747003866042,2837935.27902311,1.5050161008229246,-2.9832741728974415,2.4054578544461256,2373313.2775138435
137.5,-0.926590695652174,0.2688990902194448,-4.145489532460633,1.1954897858716187,2889635.3470059745,1.3535242230743019,-3.0748911031326074,2.280114918726476,2521321.4122997504
137.55,-0.951540333333338,0.06101034083888432,-4.167505662580954,1.0125506741722223,2920409.769243275,1.1976808758311526,-3.157276284397529,2.1492212091644904,2658238.276271751
137.6,-0.9759330215827263,-0.147595243009371,-4.174154884304495,0.8283377785733553,2929736.1839597537,1.037955599170024,-3.2301229658125896,2.01388862075275,2782318.4998053126
137.65,-0.993920791366906,-0.3561443756447102,-4.16516512858355,0.6377764157221959,2917130.3980819047,0.8748359336744855,-3.2929302074204565,1.8687567250413917,2891570.493584568
137.7,-1.01190856115108,-0.5638487995472442,-4.1404056820233315,0.44805976160383587,2882552.243346342,0.7088374691716868,-3.3452467677348725,1.7207460303227669,2984180.249877497
137.75,-1.02795,-0.7699253435229976,-4.100077887076246,0.25802465647700235,2826673.250568252,0.5404899850811066,-3.3868426884479383,1.5684399850811066,3058854.239011536
137.8,-1.03945,-0.97359868628105,-4.044283765738364,0.06585131371895003,2750265.5925377263,0.37033827472842584,-3.4173375558764967,1.4097882747284258,3114185.5922143864
137.85,-1.0509499999999983,-1.174101163166469,-3.9733434674258175,-0.12315116316647079,2654627.6408028803,0.1989452862597863,-3.4364929136649374,1.2498952862597845,3149195.612178488
137.9,-1.05920942028986,-1.3706888047071044,-3.887756495468574,-0.3114793844172443,2541496.4455225086,0.02688004321279036,-3.4441887456359668,1.0860894635026503,3163316.2974841213
137.95,-1.06447753623189,-1.5626403360991237,-3.787987397109164,-0.4981627998672338,2412728.454977319,-0.14527938886471775,-3.440236879583654,0.9191981473671722,3156061.276705994
138.0,-1.06974565217391,-1.749263158551953,-3.674760388855302,-0.679517506378043,2270646.085235448,-0.316950055303513,-3.4246738297539783,0.752795596870397,3127570.890720475
138.05,-1.0701068115942,-1.9299039577387627,-3.5487934875698928,-0.8597971461445626,2117643.5039690165,-0.48755347838402263,-3.3975174906858716,0.5825533332101774,3078166.693204379
138.1,-1.0689184057971,-2.1039421478514075,-3.4108087068400446,-1.0350237420543076,1956167.869546072,-0.6565088869815292,-3.3587901303983565,0.41240951881557075,3008392.304016376
138.15,-1.06773,-2.270801386825316,-3.261819730317721,-1.2030713868253158,1789003.9775165562,-0.8232451372281322,-3.3088250579940817,0.24448486277186787,2919552.8705092105
138.2,-1.05957892086331,-2.429954047317392,-3.102629184874912,-1.3703751264540822,1618643.2558648502,-0.9872063517460825,-3.24776153928081,0.07237256911722745,2812788.0042751087
138.25,-1.05142784172662,-2.5809082748315277,-2.9340772878881243,-1.5294804331049077,1447553.0694847303,-1.1478398570497483,-3.1758149234088227,-0.09641201532312826,2689546.7807323164
138.3,-1.04158188405796,-2.723223970396369,-2.757256993979066,-1.681642086338409,1278338.560441758,-1.3046153447314424,-3.0935210579976635,-0.2630334606734823,2551966.009673329
138.35,-1.0257268115942,-2.856509957624532,-2.572996009559656,-1.830783146030332,1113190.8314275562,-1.4570244754713466,-3.0011810692639203,-0.43129766387714663,2401890.0828021676
138.4,-1.00987173913043,-2.9804145840093326,-2.3821940153522356,-1.9705428448789026,954213.7138036226,-1.6045734187632528,-2.8992408526086564,-0.5947016796328228,2241492.6723826583
138.45,-0.990450028776968,-3.0946367643112906,-2.185834890917884,-2.1041867355343227,803389.4112491285,-1.7467987183087266,-2.788312074201,-0.7563486895317586,2073249.1261693556
138.5,-0.966841395683452,-3.198918571342347,-1.984703978101845,-2.2320771756588953,662342.8854964303,-1.8832623659801244,-2.6688494736952166,-0.9164209702966725,1899402.0035315293
138.55,-0.943232762589923,-3.2930426542656814,-1.7796994996919007,-2.3498098916757586,532579.8758224872,-2.0135525124626774,-2.5415180974699805,-1.0703197498727546,1722483.7972713145
138.6,-0.9142949565217436,-3.376837529911469,-1.5716334514591663,-2.4625425733897255,415330.5941287467,-2.1372936164794463,-2.4069543567699454,-1.2229986599577027,1544914.4734863525
138.65,-0.882849304347826,-3.4501662994807774,-1.3611823960642846,-2.567316995132951,311547.33668992494,-2.254136497609073,-2.2657036681173666,-1.371287193261247,1368910.163125464
138.7,-0.851403652173907,-3.5129298517461005,-1.1491724583907639,-2.6615261995721937,222055.64251962825,-2.3637659261347683,-2.118568434596251,-1.5123622739608613,1196888.5898846963
138.75,-0.813996172661872,-3.5650683861325665,-0.9362503161172853,-2.7510722134706946,147392.48806795364,-2.465905992587378,-1.9661922145885353,-1.651909819925506,1030909.8199222852
138.8,-0.776070273381283,-3.6065493893488,-0.7229945586574897,-2.830479115967517,87894.44999804172,-2.5603081538344856,-1.8091943684217187,-1.7842378804532026,872849.1367276964
138.85,-0.7373527898550652,-3.6373739722402165,-0.5101026406142497,-2.900021182385151,43752.86926078665,-2.6467621851936984,-1.6483994239333701,-1.909409395338633,724592.1762196978
138.9,-0.693772717391292,-3.6575739959257207,-0.2980680388838356,-2.9638012785344285,14939.023681911294,-2.725094984054644,-1.4844160016544545,-2.031322266663352,587597.5642580794
138.95,-0.650192644927515,-3.667202920366888,-0.08735804828163599,-3.017010275439373,1283.2085381497996,-2.7951609275815543,-1.3178577276717256,-2.1449682826540393,463133.06410242245
139.0,-0.605033507246372,-3.6663405600744916,0.12151000868854092,-3.06130705282812,2482.6500084011222,-2.856849650494984,-1.1494298656687956,-2.251816143248612,352317.0709577028
139.05,-0.557297999999986,-3.655089104666615,0.3281502323124335,-3.097791104666629,18106.596661979656,-2.910082052836358,-0.9796872513245184,-2.352784052836372,255943.22944207737
139.1,-0.509562492753627,-3.633569229323758,0.532172209709978,-3.1240067365701307,47620.700418900175,-2.9548060214351284,-0.809199622344019,-2.4452435286815013,174614.40768045414
139.15,-0.460076647482011,-3.6019218254783394,0.7332004367859359,-3.1418451779963283,90393.42152306758,-2.9909988025434937,-0.6385159845714573,-2.5309221550614827,108720.710014202
139.2,-0.409518014388478,-3.5603043119785878,0.9309235318466746,-3.15078629759011,145720.08382793597,-3.0186620559703106,-0.46809522894008393,-2.6091440415818328,58430.17156172523
139.25,-0.358959381294973,-3.50889023582838,1.125002941586081,-3.149930854533407,212813.2731531921,-3.0378206593099986,-0.298411173402341,-2.6788612780150256,23746.460909696543
139.3,-0.306662565217382,-3.4478697845150545,1.3151380332602667,-3.1412072192976725,290826.56278921064,-3.04852220142001,-0.12986606794102584,-2.741859636202628,4497.385493990171
139.35,-0.254034666666667,-3.377446868018733,1.5010484274113902,-3.1234122013520658,378861.7867063702,-3.050832107694707,0.0371913567506478,-2.79679744102804,368.8525378543883
139.4,-0.201362579856095,-3.2978407985859106,1.6824086007794736,-3.0964782187298154,475942.3549128877,-3.0448340111409817,0.20239471361541408,-2.8434714312848866,10923.63202652413
139.45,-0.148182328057526,-3.2092871949434985,1.8588985796810784,-3.0611048668859726,581035.659069433,-3.030628940104882,0.365422231313658,-2.882446612047356,35608.90857020068
139.5,-0.0950020762589864,-3.1120375442461197,2.0301932784591616,-3.0170354679871334,693052.5511778314,-3.008332906243045,0.525984967073311,-2.9133308299840586,73776.04948989654
139.55,-0.0418260413043327,-3.0063602526510005,2.1959457746532096,-2.9645342113466677,810838.9802405928,-2.9780761326512226,0.6838085180306848,-2.93625009134689,124691.75715501903
139.6,0.011340154347820978,-2.8925412674654867,2.355801217842351,-2.9038814218133076,933186.9982046456,-2.9400018509181605,0.8386463214560697,-2.9513420052659813,187554.04066447928
139.65,0.064506350000005,-2.770884473775932,2.509397179294568,-2.835390823775937,1058839.6756644126,-2.894264992893018,0.9902764909273869,-2.9587713428930233,261506.0075955891
139.7,0.116607730935265,-2.6417126385171774,2.6563289472181566,-2.7583203694524423,1186465.4754922215,-2.8410315967324964,1.138464824488945,-2.9576393276677613,345627.24175963853
139.75,0.167802047482007,-2.505370046590873,2.7961539660744483,-2.6731720940728803,1314660.33041873,-2.7804799726517233,1.2829670767648336,-2.94828202013373,438934.538683334
139.8,0.218996364028777,-2.3622225765217326,2.928460448262744,-2.5812189405505097,1442016.1390076333,-2.7127996127602114,1.4235872922049158,-2.9317959767889885,540426.8742739531
139.85,0.2683583333333216,-2.2126568036349674,3.0528003436306475,-2.481015136968289,1567069.287820056,-2.63818957446791,1.5601089008921312,-2.9065479078012313,649050.608704761
139.9,0.317141666666675,-2.0570831730713968,3.1687042135152033,-2.374224839738072,1688320.1277379168,-2.5568608676942306,1.6923027653948683,-2.8740025343609057,763703.6399368317
139.95,0.365925000000025,-1.89593365089757,3.275774033285002,-2.261858650897595,1804343.6989830723,-2.4690342500147775,1.8200002291396695,-2.8349592500148026,883306.8890849199
140.0,0.410778623188414,-1.7296617023689738,3.373489798471364,-2.1404403255573876,1913595.7497787992,-2.374940505560812,1.9429186178128273,-2.785719128749226,1006648.7347849887
140.05,0.455632246376829,-1.5587490983011318,3.4613425375566753,-2.014381344677961,2014561.614081973,-2.2748268289261695,2.060770958427105,-2.7304590753029983,1132473.8514924184
140.1,0.49918287050359467,-1.3836983291306457,3.53894522360084,-1.8828811996342405,2105906.4588237414,-2.1689513067601007,2.1733497870991414,-2.6681341772636955,1259586.479222369
140.15,0.538607330935258,-1.2050343380976192,3.6057651245708677,-1.7436416690328773,2186181.7426738325,-2.057585736210532,2.280295706718496,-2.5961930671457902,1386599.6026876813
140.2,0.578031791366918,-1.0233090188570828,3.6613566633680565,-1.6013408102240008,2254111.885781272,-1.9410209851016695,2.381287110953492,-2.5190527764685875,1512140.8812781945
140.25,0.614792499999997,-0.8390915813590676,3.7053776214610767,-1.4538840813590646,2308640.6796024274,-1.81956091465762,2.4760456413104324,-2.434353414657617,1634880.5380939709
140.3,0.648426195652177,-0.6529713181361079,3.7373993882595498,-1.301397513788285,2348715.510017513,-1.6935269308922534,2.5641742774363014,-2.34195312654443,1753330.5933509276
140.35,0.6820598913043351,-0.4655558501518875,3.75717378637034,-1.1476157414562227,2373635.139058718,-1.5632589547221363,2.6453759193177713,-2.2453188460264712,1866137.0012016918
140.4,0.710566294964029,-0.2774626955877924,3.764428101894068,-0.9880289905518214,2382809.9722992103,-1.4291110160501435,2.7192780914230776,-2.1396773110141725,1971859.5569316098
140.45,0.736875287769794,-0.08932676362958974,3.7588647720802157,-0.8262020513993837,2375772.21685582,-1.2914603127141933,2.7854318156981672,-2.028335600483987,2068968.106640957
140.5,0.763184280575544,0.09821050730090333,3.7405108732734527,-0.6649737732746407,2352627.874954603,-1.1507008323640167,2.843607559839156,-1.9138851129395607,2156294.3878331734
140.55,0.782435000000007,0.2845090606761941,3.709247258440591,-0.4979259393238129,2313465.162866071,-1.0072394269989118,2.8933929923099253,-1.7896744269989187,2232459.4687861823
140.6,0.8010719565217383,0.46891904516738997,3.6650183234725167,-0.3321529113543484,2258622.7376649906,-0.8615082637642317,2.9343769306937277,-1.66258022028597,2296151.459036678
140.65,0.818381202898553,0.6507999106186051,3.608136084114312,-0.1675812922799479,2189057.72179872,-0.7139507785071015,2.9664206085190212,-1.5323319814056546,2346573.6604390293
140.7,0.828719971014497,0.8295231702576631,3.5386906175361803,0.000803199243166075,2105603.454829732,-0.5650216407038369,2.9891405343130066,-1.3937416117183339,2382656.302366146
140.75,0.839058739130435,1.0044635894151466,3.4569270635863867,0.16540485028471152,2009425.1269259388,-0.41519688463603893,3.0022535939838586,-1.254255623766474,2403607.104690399
140.8,0.845984446043166,1.1750188115548275,3.363344246259436,0.32903436551166143,1902103.0269039276,-0.2649578232728285,3.0056768967705554,-1.1109422693159945,2409091.6287414073
140.85,0.847790561151079,1.3406063536562733,3.2582662332576695,0.49281579250519436,1785108.1414170398,-0.1147952511218974,2.9991397940121622,-0.9625858122729763,2398623.8677406176
140.9,0.849596676258993,1.5006631544292677,3.142254599357814,0.6510664781702746,1660252.4758039324,0.03478912481595206,2.9825836976351696,-0.814807551443041,2372214.8035730883
140.95,0.846259289855071,1.6546598373371446,3.0159277693915203,0.8084005474820736,1529442.8993485833,0.18329593640095482,2.9559998484999968,-0.6629633534541162,2330116.027821868
141.0,0.839769434782608,1.802092659743316,2.879807260222661,0.962323224960708,1394499.1050824563,0.3302202777583663,2.9192892998580833,-0.5095491570242416,2272600.004337573
141.05,0.833279579710142,1.9424908229715008,2.7347037937514616,1.1092112432613588,1257511.5469340077,0.47505952552292163,2.8726612277500894,-0.35822005418722036,2200582.007844974
141.1,0.8201744676258973,2.075424602614492,2.581296315860626,1.2552501349885947,1120384.568498524,0.6173226981488662,2.81621455933347,-0.2028517694770311,2114950.5184538164
141.15,0.805992453237407,2.200493034206584,2.420244269663478,1.394500580969177,984940.0481275042,0.7565191766588097,2.7500625436866737,-0.049473276578597236,2016758.398450245
141.2,0.791249695652166,2.3173374744955173,2.2524988509756714,1.5260877788433513,853140.485191903,0.8921749423548956,2.674672496955698,0.10092524670272962,1907699.4575923278
141.25,0.770058391304348,2.425643208999876,2.078771464776852,1.655584817695528,726615.8860807427,1.023836702674049,2.5903022144434247,0.25377831136970086,1789244.1499068027
141.3,0.748867086956518,2.525127257721078,1.8998010787965405,1.77626017076456,606886.7493151097,1.151061190314703,2.4972954122932602,0.40219410335818495,1663062.5003362573
141.35,0.7258287410071977,2.6155513746942596,1.7165127785631065,1.8897226336870618,495433.6231377181,1.2734324611495318,2.396263314899449,0.547603720142334,1531220.7664887724
141.4,0.698865431654677,2.6967188051672863,1.5296392287943548,1.9978533735126094,393431.7649755447,1.390561345835376,2.287662242561518,0.6916959141806991,1395572.9429444252
141.45,0.671902122302155,2.7684686274883634,1.3399627775876293,2.0965665051862086,301909.55926298694,1.5020821587625588,2.1720698661855797,0.8301800364604038,1258103.3342910514
141.5,0.642225260869571,2.8306816250818816,1.1482763209139106,2.1884563642123105,221709.45462847533,1.6076626826776867,2.0501387795215806,0.9654374218081158,1120818.40407953
141.55,0.610236855072457,2.8832737577149925,0.9552368478253771,2.2730369026425357,153431.14604975947,1.706999628112648,1.9224228934543448,1.096762773040191,985522.6083406335
141.6,0.5782484492753595,2.92619479131926,0.7615627183222107,2.3479463420439006,97522.03296458103,1.7998199893679376,1.7896067845314678,1.2215715400925782,854051.3181976159
141.65,0.543388739130425,2.959430259725793,0.5678992864204206,2.416041520595368,54229.30534372266,1.8858861376928309,1.6523395308698445,1.342497398562406,728060.2467400475
141.7,0.507719173913027,2.982994381013629,0.3748120642483082,2.475275207100602,23622.10077404762,1.964989784136373,1.5112210055329407,1.457270610223346,609010.3806837313
141.75,0.472002597122299,2.9969314924185384,0.18292295696651953,2.5249288952962394,5626.363949634286,2.036955871039739,1.3669582519755281,1.5649532739174399,498286.63003839774
141.8,0.433982453237401,3.001315329880727,-0.0072499148552054304,2.5673328766433263,8.838065332996289,2.101643437188216,1.2201633386860224,1.667660983950815,397012.95281957905
141.85,0.3959623093525237,2.996243116212779,-0.1952289101061071,2.6002808068602556,6408.843328862577,2.1589398222634713,1.0714230121841744,1.7629775129109475,306119.2722767492
141.9,0.357533347826087,2.9818374893670665,-0.38050761760195984,2.6243041415409794,24345.466823056966,2.2087639490261264,0.9213728919586418,1.8512306012000395,226380.8016096616
141.95,0.317809797101442,2.958244482150489,-0.5626610861267698,2.6404346850490468,53233.51650358706,2.2510643890601463,0.7705571549693737,1.9332545919587043,158335.55441986545
142.0,0.278086246376819,2.9256303435374136,-0.741279128742681,2.6475440971605946,92396.3765690239,2.285815724127792,0.6195024072342051,2.007729477750973,102342.19535172667
142.05,0.238356561151076,2.884182688236577,-0.9159322145001765,2.6458261270855012,141064.60701342952,2.3130197202458675,0.46875046623137456,2.0746631590947917,58593.86655790161
142.1,0.198620230215832,2.8341100134401813,-1.0862138943741764,2.635489783224349,198391.06233044522,2.332704212108323,0.31880235011119895,2.134083981892491,27102.65024971293
142.15,0.158883899280566,2.7756406406532443,-1.2517370845816074,2.6167567413726784,263461.7871444413,2.3449210793417596,0.17011898911832332,2.1860371800611937,7717.458788970723
142.2,0.119409402173894,2.7090219716938027,-1.4121222869783137,2.589612569519909,335301.8967161519,2.3497444286969373,0.02313193286233417,2.2303350265230435,142.68968478600948
142.25,0.0800471195652137,2.63452021396952,-1.5670013929800246,2.5544730944043064,412886.003059063,2.3472691935109578,-0.12176259207773799,2.267222073945744,3953.6343545305663
142.3,0.0406848369565106,2.5524193797685144,-1.7160297047854265,2.511734542812004,495154.80515540595,2.337608887878507,-0.26421667248559944,2.2969240509219966,18616.12000516334
142.35,0.0030277230215875056,2.4630212924630963,-1.8588171302998249,2.459993569441509,580984.7429423885,2.3208944641943745,-0.4038572914470817,2.317866741172787,43493.523161326164
142.4,-0.0345205503597133,2.3666480829403453,-1.9949816759975454,2.401168633300059,669220.4712278103,2.2972757676067888,-0.5403438187269691,2.331796317966502,77859.05131638498
142.45,-0.0717206304347893,2.263638885326338,-2.1242026785770647,2.335359515761127,758723.087591026,2.266916979870955,-0.6734187751291334,2.3386376103057445,120931.42578571262
142.5,-0.107092695652167,2.1543498269064507,-2.2461049998264495,2.261442522558618,848303.9798968262,2.229995725797176,-0.8027858086576163,2.337088421449343,171857.34788855014
142.55,-0.142464760869565,2.0391562464061828,-2.3603377666135414,2.181621007275748,936784.5211686225,2.1867045320056784,-0.9281866434464134,2.3291692928752434,229741.4520192852
142.6,-0.17652727536230783,1.9184492469835963,-2.4665807963019546,2.0949765223459043,1023015.2017606279,2.1372468582131714,-1.0494013362440895,2.313774133575479,293664.8438695682
142.65,-0.208625463768119,1.7926378044268914,-2.5644476762665067,2.0012632681950104,1105806.351465059,2.0818388505862044,-1.166150391171873,2.2904643143543235,362641.79595475
142.7,-0.240723652173929,1.6621494408595916,-2.653619194319121,1.9028730930335205,1184046.0549450691,2.0207098623192117,-1.278218034525423,2.261433514493141,435691.0250096095
142.75,-0.270286251798566,1.5274262912006862,-2.7337687113669507,1.7977125429992522,1256651.727407191,1.9540989152237072,-1.3853748219523427,2.224385167022273,511803.5726131961
142.8,-0.298422582733822,1.388929068211422,-2.80453101073998,1.687351650945244,1322549.356137751,1.8822588430651834,-1.487344952054305,2.1806814257990053,589918.6683737128
142.85,-0.3265589136690599,1.2471335352802924,-2.8656756250699216,1.5736924489493522,1380846.6628663174,1.8054536887970207,-1.5839600232449633,2.1320126024660806,669047.828063516
142.9,-0.351189101449278,1.1025266825989555,-2.91691282289626,1.4537157840482335,1430666.1267494156,1.7239561923977171,-1.6749752727615592,2.075145293846995,748144.577163376
142.95,-0.375248521739137,0.9556120386920466,-2.9579665461491302,1.3308605604311836,1471220.9860715624,1.6380537960850843,-1.7601337312987386,2.013302317824221,826152.2005481655
143.0,-0.398834913669063,0.8069014142721085,-2.98874101081611,1.2057363279411715,1501993.181643027,1.5480425251283776,-1.8393112268516871,1.9468774387974406,902150.8771260424
143.05,-0.418164050359718,0.6569129052580047,-3.0090215403898806,1.0750769556177227,1522446.319939059,1.454226794152362,-1.9122430913159685,1.8723908445120798,975112.9707428404
143.1,-0.4374931870503601,0.5061765142686456,-3.0186712293777744,0.9436697013190057,1532226.7019866963,1.356926145082727,-1.9787008238700912,1.7944193321330872,1044068.5201024474
143.15,-0.455367550724643,0.3552221737485947,-3.017741858574943,0.8105897244732377,1531283.381270706,1.2564662423105,-2.0385884147109823,1.711833793035143,1108224.7265583563
143.2,-0.470150521739139,0.20457927402034495,-3.006200220311928,0.674729795759484,1519592.7048166844,1.153180345374853,-2.0916952684386114,1.623330867113992,1166717.0922689268
143.25,-0.484933492753626,0.05477743946225719,-2.9841456200134093,0.5397109322158832,1497377.900965535,1.0474118785797866,-2.1378940172418384,1.5323453713334125,1218824.2210555857
143.3,-0.497070869565221,-0.09366302162863624,-2.951759210844424,0.4034078479365848,1465052.7082164052,0.9395076044648886,-2.1770948316020537,1.4365784740301095,1263931.1748769
143.35,-0.507129565217391,-0.24022857160572048,-2.909182145456209,0.2669009936116706,1423092.8032604253,0.8298217312062828,-2.209137178983881,1.3369512964236738,1301409.8868183629
143.4,-0.517188260869567,-0.38441679552530605,-2.8567421312785117,0.13277146534426099,1372250.744253013,0.7187135432483158,-2.234001677010928,1.2359018041178829,1330870.264770037
143.45,-0.523624460431657,-0.5257434231407176,-2.7947438487833924,-0.0021189627090606455,1313334.6825190429,0.6065423719763499,-2.2516193574590386,1.130166832408007,1351943.9282358012
143.5,-0.529155035971223,-0.6637370273858805,-2.723499315316304,-0.13458199141465743,1247228.2415584198,0.49367382417576766,-2.261905638442039,1.0228288601469906,1364324.5645909035
143.55,-0.534603043478261,-0.7979480492483452,-2.643538918129527,-0.26334500577008413,1175067.493418181,0.38047227525282223,-2.2649654380634034,0.9150753187310833,1368018.2494991322
143.6,-0.536005217391304,-0.9279525430014158,-2.5552785405720684,-0.3919473256101118,1097912.9074600297,0.26729804130486023,-2.2607814512585547,0.8033032586961643,1362968.7387612632
143.65,-0.537407391304348,-1.0533451847479736,-2.4591769185869774,-0.5159377934436256,1016882.8977248087,0.15451458061282042,-2.249372112939019,0.6919219719171684,1349246.6406580661
143.7,-0.537845690647482,-1.1737501678450335,-2.3558729018339877,-0.6359044771975515,933243.7904214301,0.042478045670021,-2.2309315933807845,0.580323736317503,1327214.8731585403
143.75,-0.535540654676259,-1.2888212539831363,-2.245897200218011,-0.7532805993068773,848147.0245624302,-0.0684629086086896,-2.2055528241390165,0.4670777460675694,1297190.2026846912
143.8,-0.533235618705035,-1.398238663939546,-2.1298489302306542,-0.8650030452345111,762761.906495994,-0.177964454727523,-2.173408806023038,0.355271163977512,1259654.8901595967
143.85,-0.529351260869564,-1.501716060502771,-2.0083961777724944,-0.9723647996332071,678250.5705055381,-0.28569532163212413,-2.1347584598661973,0.24365593923743983,1215251.6485254131
143.9,-0.523755971014492,-1.5989981170785121,-1.882133905657824,-1.0752421460640202,595651.7637413183,-0.3913352570985996,-2.089807107760221,0.13242071391589239,1164611.6660387043
143.95,-0.518160681159418,-1.6898604932190169,-1.7517338391605883,-1.171699812059599,515973.7819119087,-0.4945761667158678,-2.0388649876682154,0.023584514443550253,1108525.45011715
144.0,-0.510625251798561,-1.7741134590797527,-1.617850801538905,-1.2634882072811917,440117.19073335064,-0.5951272381855706,-1.982252959359916,-0.08450198638700956,1047820.4786376387
144.05,-0.502335323741006,-1.8515976935109448,-1.4810939300643065,-1.3492623697699389,368855.78531041055,-0.6927120246954761,-1.9202753573763394,-0.19037670095447012,983321.9861724875
144.1,-0.4940453956834548,-1.9221863152347602,-1.342143285128419,-1.4281409195513055,302892.9473347886,-0.7870722360343378,-1.8533457373746718,-0.29302684035088306,915970.7792652977
144.15,-0.483649731884059,-1.9857853906888787,-1.2015931830676176,-1.5021356588048196,242776.3104271618,-0.8779699891257503,-1.781819838049751,-0.3943202572416913,846635.1827380375
144.2,-0.473119659420289,-2.0423283790088576,-1.0600056780943885,-1.5692087195885684,188932.98173377075,-0.9651835596769571,-1.7060540392646464,-0.49206390025666813,776165.4359709909
144.25,-0.462307130434786,-2.0917789035937195,-0.9179925680026733,-1.6294717731589334,141699.9593844547,-1.0485121588526276,-1.6264936755436674,-0.5862050284178416,705461.7804222797
144.3,-0.450207855072462,-2.1341293576258518,-0.7760804923441177,-1.6839215025533898,101275.62442510815,-1.1277761204825705,-1.5435243931187812,-0.6775682654101085,635324.6805740539
144.35,-0.4381085797101448,-2.1693971005456745,-0.6347748034244075,-1.7312885208355298,67753.34708707825,-1.2028143730387582,-1.4575407499488247,-0.7647057933286134,566513.3434030352
144.4,-0.42560848920863,-2.197625468772137,-0.494584566701433,-1.772016979563507,41131.30755880939,-1.2734871063611346,-1.3689708870182142,-0.8478786171525046,499755.0105342497
144.45,-0.412554892086325,-2.218881708999613,-0.35596113633786874,-1.806326816913288,21305.73712866351,-1.3396748891502557,-1.2782057740031767,-0.9271199970639307,435682.666852016
144.5,-0.399501294964029,-2.2332550109093465,-0.2193411466975253,-1.8337537159453174,8089.685062939656,-1.4012777534374485,-1.1856438080739802,-1.0017764584734197,374866.9972331118
144.55,-0.386004550724635,-2.2408560949306313,-0.08513530154608842,-1.8548515442059963,1218.7391226557831,-1.4582158362926203,-1.0916748220469183,-1.0722112855679853,317801.04455764557
144.6,-0.3722585362318869,-2.241815003954682,0.04628485043128941,-1.869556467722795,360.2210805758223,-1.5104278642778344,-0.9966624610366106,-1.1381693280459475,264889.61633054755
144.65,-0.35851252173913,-2.2362801228524876,0.1745562942138844,-1.8777676011133575,5123.44905459157,-1.557870850890872,-0.9009749853027578,-1.199358329151742,216468.24643768123
144.7,-0.344589215827333,-2.224417544152086,0.2993396214158338,-1.879828328324753,15066.757747609,-1.60052002010357,-0.8049656426996898,-1.2559308042762372,172791.91624717994
144.75,-0.330641733812948,-2.20640953750718,0.420322452800013,-1.875767803694232,29706.848057412575,-1.6383676118665653,-0.7089666447745282,-1.3077258780536174,134035.65424076057
144.8,-0.316685340579703,-2.182453568318075,0.5372112938191947,-1.865768227738372,48526.80115469976,-1.6714221851437323,-0.6132960896917395,-1.3547368445640293,100301.89163498087
144.85,-0.30264874637681,-2.152761095722182,0.6497411204711427,-1.8501123493453722,70985.90138796285,-1.6997075908909522,-0.5182460427635973,-1.3970588445141423,71621.05622403423
144.9,-0.288612152173909,-2.117556131713254,0.7576727242873351,-1.828943979539345,96528.30979864001,-1.7232616272965062,-0.4240844748883489,-1.434649475122597,47959.3711576871
144.95,-0.274689510791361,-2.077074185633612,0.8607849285909444,-1.8023846748422512,124589.28804360572,-1.742135067695233,-0.3310628126686107,-1.467445556903872,29227.3562485471
145.0,-0.260988071942445,-2.0315614102923356,0.9588731870721071,-1.7705733383498905,154601.51472311604,-1.756390866488798,-0.23941676681115953,-1.495402794546353,15285.436861415772
145.05,-0.247286633093522,-1.9812735420512728,1.051763221932763,-1.7339869089577509,186006.17240178923,-1.7661031268965592,-0.1493519124770354,-1.5188164938030373,5948.26500281281
145.1,-0.233741014492756,-1.926474217240374,1.1393077097406954,-1.6927332027476178,218259.65677652587,-1.7713554299847103,-0.06104772504145059,-1.5376144154919542,993.8199287297476
145.15,-0.220317826086957,-1.867434060940113,1.2213768922944426,-1.647116234853156,250836.53544378545,-1.7722399962792394,0.02533216492760157,-1.5519221701922825,171.1249546451219
145.2,-0.206894637681157,-1.804429510820252,1.2978690625054916,-1.5975348731390948,283239.0674297912,-1.7688566049582486,0.10964990079435814,-1.5619619672770915,3206.1601984566887
145.25,-0.193970575539569,-1.7377417780787254,1.3686856826364644,-1.5437712025391563,314991.5067671515,-1.761311698951982,0.1917673133195425,-1.5673411234124128,9806.587322078822
145.3,-0.181171294964025,-1.6676569856059924,1.4337414773058872,-1.4864856906419674,345647.2404766276,-1.7497187111063925,0.2715555368796639,-1.5685474161423676,19664.64256266733
145.35,-0.16838355797101326,-1.5944644360372415,1.4929906295927782,-1.4260808780662282,374805.1583427738,-1.7341965636040413,0.3489196069038921,-1.565813005633028,32465.3045551911
145.4,-0.156161456521736,-1.5184555281808632,1.5463851562459165,-1.3622940716591272,402093.21042964107,-1.7148688974655901,0.4237558157261748,-1.5587074409438542,47885.064363134894
145.45,-0.143939355072458,-1.4399240116899554,1.5938959406848454,-1.2959846566174975,427180.4063404978,-1.6918646703318072,0.4959716171391372,-1.5479253152593493,65596.75866869623
145.5,-0.131901891304347,-1.3591639084724674,1.635530068887081,-1.2272620171681203,449788.61794066906,-1.6653165262168668,0.565500930322855,-1.5334146349125197,85277.68058560387
145.55,-0.120389934782605,-1.2764689258951407,1.6712908395385804,-1.1560789911125358,469672.8553435237,-1.6353606944403734,0.6322642462153888,-1.5149707596577684,106602.15387795035
145.6,-0.10887797826087114,-1.1921321860094263,1.7012119044864726,-1.0832542077485552,486640.468489808,-1.602137230187237,0.6962008811639622,-1.4932592519263659,129252.17784892731
145.65,-0.097598366906474,-1.1064439324170343,1.7253632008536277,-1.0088455655105604,500555.753247026,-1.5657883605633205,0.757273362691086,-1.4681899936568465,152923.45222439073
145.7,-0.0865511007194219,-1.019690685595365,1.7438273896461425,-0.933139584875943,511326.5985218434,-1.5264582731314038,0.8154442080995463,-1.4399071724119819,177319.80173949234
145.75,-0.0755038345323761,-0.9321540582509582,1.7567217196279994,-0.8566502237185821,518916.32893884287,-1.4842926028979935,0.8706963340089109,-1.4087887683656173,202163.2282817485
145.8,-0.0643797565217375,-0.8441087983231258,1.7642008937178417,-0.7797290418013882,523344.26679746056,-1.439437208881944,0.9230353035926776,-1.3750574523602066,227198.44578091375
145.85,-0.053225807246377044,-0.7558212948530643,1.7664422821600347,-0.7025954876066872,524674.9122415785,-1.392037404074568,0.9724752727241605,-1.338811596828191,252188.84161598142
145.9,-0.0420718579710104,-0.6675486803072529,1.763638638963054,-0.6254768223362425,523010.7379868432,-1.3422377395950293,1.0190325285716095,-1.300165881624019,276913.9451432129
145.95,-0.0304310398561089,-0.5795376850004145,1.7560210813208004,-0.5491066451443056,518502.4897383971,-1.2901815259393177,1.0627478810615738,-1.2597504860832087,301182.1489868974
146.0,-0.0187699355395669,-0.49202273802004043,1.7438346968116212,-0.4732528024804735,511330.8837577784,-1.2360096087876897,1.1036642892760802,-1.2172396732481228,324819.9635795401
146.05,-0.0068862193478224,-0.4052263330631781,1.7273221544524378,-0.3983401137153557,501693.04672125424,-1.1798612353385274,1.1418127751091813,-1.172975015990705,347663.04357400804
146.1,0.006011617608694368,-0.31935766294791196,1.7067818511608204,-0.3253692805566063,489832.30929874803,-1.1218732076748512,1.1772689116369115,-1.1278848252835456,369589.89074846887
146.15,0.0189094545652186,-0.23461042356777856,1.6825055949811596,-0.25351987813299715,475997.234541362,-1.0621781846759628,1.210094929278984,-1.0810876392411815,390487.93009778915
146.2,0.0324734316546802,-0.15116474375198313,1.6547713655077183,-0.18363817540666333,460434.0040217157,-1.0009068181305611,1.240335022884663,-1.0333802497852413,410248.2583984793
146.25,0.0469573165467605,-0.06918552394902108,1.6239032701497589,-0.11614284049578158,443416.3555042863,-0.9381863708156261,1.268074119597955,-0.9851436873623866,428803.192745101
146.3,0.0614412014388491,0.011178199364111421,1.5901925286486969,-0.050263002074737675,425197.6079619169,-0.8741402345916129,1.2933639942660986,-0.9355814360304621,446077.4457770551
146.35,0.07729924927535858,0.08979156472556421,1.553952173679251,0.012492315450205627,406038.0112458573,-0.8088895764133108,1.3162779938673765,-0.8861888256886694,462023.4019038735
146.4,0.0939302637681184,0.16653705550910275,1.5155303687584685,0.07260679174098435,386207.48105573526,-0.742550225230452,1.3369251311379888,-0.8364804889985704,476631.68167155434
146.45,0.110561278260879,0.2413128627290524,1.4752044627906666,0.1307515844681734,365928.1587706745,-0.6752341199782989,1.3553495276137733,-0.7857953982391779,489859.29120076756
146.5,0.129277637681163,0.31403139087927473,1.433311823715425,0.18475375319811174,345440.10923539626,-0.6070505235974714,1.3716592765408198,-0.7363281612786343,501719.7789121294
146.55,0.148278362318848,0.3846236500657303,1.3901954005085078,0.2363452877468823,324969.86498463555,-0.5381014494691655,1.3859741424053063,-0.6863798117880135,512246.4862442998
146.6,0.16755879856115213,0.45303463084115914,1.3461007305898198,0.285475832280007,304681.8018500355,-0.46848581969682107,1.3983268571156233,-0.6360446182579732,521418.1331548952
146.65,0.188890453237413,0.5192227728643752,1.301348422235764,0.33033231962696225,284759.7317212081,-0.3982995324708761,1.408833591450945,-0.5871899857082892,529283.2235734849
146.7,0.210222107913676,0.5831633743033946,1.256229548106248,0.3729412663897186,265356.3006653808,-0.32763161269665525,1.4175914403694732,-0.5378537206103312,535884.1311490127
146.75,0.232490072463766,0.6448433033047086,1.2109643146856492,0.41235323084094266,246577.86391618924,-0.25656888734731076,1.4246393867069114,-0.4890589598110767,541225.9685751052
146.8,0.256575579710147,0.704262212125929,1.1658423152486537,0.447686632415782,228544.6314434673,-0.18519416098344726,1.4300979409023782,-0.44176974069359426,545381.3654861925
146.85,0.2806610869565156,0.7614336439849192,1.1210857940667378,0.4807725570284036,211333.8642345437,-0.11358447672961182,1.4340334827397456,-0.3942455636861274,548387.2078983159
146.9,0.306001582733813,0.8163798079262935,1.0768690399144323,0.5103782251924804,194992.1723406449,-0.04181564551086052,1.4364789087911365,-0.34781722824467354,550259.1081071398
146.95,0.332250863309362,0.8691328488491327,1.033389166495793,0.5368819855397706,179563.97219277688,0.030039748228045948,1.437504312836601,-0.30221111508131604,551044.9731796875
147.0,0.358500143884896,0.9197329567142946,0.9907622173563042,0.5612328128293986,165055.60175006278,0.10191117207991328,1.4371130346031238,-0.2565889718049827,550745.0331269866
147.05,0.386407681159431,0.9682255453722562,0.949122696204614,0.5818178642128252,151473.3089832753,0.17372805975067182,1.435342268064173,-0.2126796214087592,549388.6470644278
147.1,0.4147297826086959,1.0146639782151436,0.9086074448377532,0.5999341956064477,138817.42279873276,0.2454233012023277,1.4322459198421642,-0.16930648140636823,547020.8999745407
147.15,0.44309589855073,1.059105772354203,0.8692604552346421,0.6160098738034729,127054.84809573645,0.31693013057524516,1.427798727672071,-0.12616576797548484,543629.1217978626
147.2,0.472518362318852,1.1016105500632352,0.8311443469182903,0.6290921877443831,116156.71090764055,0.38818079153705065,1.422008935726707,-0.08433757078180137,539229.1768764271
147.25,0.501940826086956,1.1422415389981928,0.7943075950736133,0.6403007129112368,106088.62627745178,0.45910876588128635,1.414884143710446,-0.04283206020566965,533839.2373661979
147.3,0.531252151079142,1.1810623422348294,0.7587322734577032,0.6498101911556874,96798.4739482278,0.5296461809756102,1.40637834842193,-0.0016059701035318064,527440.0157093322
147.35,0.560277690647475,1.2181351220042353,0.7243777646009106,0.6578574313567603,88231.0844072631,0.599722651217931,1.3964360444437074,0.03944496057045599,520008.96699242346
147.4,0.589303230215825,1.2535197456052374,0.6912002768414456,0.6642165153894124,80333.96490112097,0.6692650779332873,1.3850116295578216,0.07996184771746229,511535.2570694434
147.45,0.617489188405803,1.2872734584272376,0.6591207509474406,0.6697842700214346,73050.19249132014,0.7381979573974847,1.3720361739869866,0.1207087689916817,501995.536727693
147.5,0.644835565217392,1.3194480141347098,0.6280122509055175,0.6746124489173178,66317.42072989268,0.806441088673784,1.3574046169206706,0.1616055234563919,491345.9450766807
147.55,0.672181942028997,1.3500893201168815,0.5977812871376602,0.6779073780878846,60086.37819747999,0.8739098307978818,1.3410578860793305,0.2017278887688848,479583.0010174834
147.6,0.6965417194244613,1.3792373879066202,0.5682246937578611,0.6826956684821589,54291.47013264338,0.9405156254753235,1.3228365981919268,0.24397390605086222,466639.1108042638
147.65,0.719852151079142,1.4069187816001385,0.5390872617222844,0.6870666305209965,48866.30879829209,1.0061589100854442,1.302540819366833,0.2863067590063022,452430.0229644856
147.7,0.743162582733822,1.4331512283241805,0.5102563482093077,0.6899886455903586,43779.241057398256,1.070734382427242,1.2801257856751103,0.32757179969342,436992.5405734182
147.75,0.760722826086957,1.4579438908735196,0.48139429640797926,0.6972210647865626,38966.6684396403,1.1341317491400282,1.255327598530376,0.3734089230530713,420225.9679018776
147.8,0.778043478260873,1.4812844855541347,0.4521620729886043,0.7032410072932618,34377.92484776202,1.1962231876420546,1.2278927098189378,0.41817970938118165,402058.8018203985
147.85,0.7936958992805703,1.5031516855273217,0.42242555627473666,0.7094557862467514,30004.871050095153,1.2568764221741384,1.197782812716586,0.46318052289356815,382582.3110504683
147.9,0.802675395683453,1.5235114470279647,0.3917545563756277,0.7208360513445117,25805.92959004914,1.3159513455232152,1.1646672710669022,0.5132759498397622,361719.96061184665
147.95,0.811654892086332,1.5423060773656472,0.35982049080557105,0.7306511852793152,21770.23808316434,1.3732894007697771,1.1283276565059497,0.5616345086834451,339499.54678298894
148.0,0.816433108695652,1.5594692256956468,0.32643141500384015,0.7430361169999948,17917.412429025924,1.4287290877746923,1.0886880932588139,0.6122959790790403,316064.4705076032
148.05,0.815409557971014,1.5749174930091683,0.2911402793435334,0.7595079350381543,14252.661936657169,1.4820977264182877,1.045421226162698,0.6666881684472737,291441.47736307175
148.1,0.8143860072463728,1.5885478835405011,0.2537278971809626,0.7741618762941284,10824.99827266115,1.5332092056797473,0.9984347902096892,0.7188231984333745,265832.54141361767
148.15,0.805894891304344,1.6002502843935453,0.21391724225418904,0.7943553930892013,7694.5455997536,1.5818767041253792,0.9475800495689105,0.7759818128210352,239442.12009093838
148.2,0.793556847826081,1.6098924145558584,0.17127632004950039,0.8163355667297774,4932.715208663775,1.6278977328241528,0.8925577620783129,0.8343408849980718,212442.495638999
148.25,0.781218804347825,1.6173299081477654,0.1257557486222466,0.8361111037999405,2659.176041185398,1.6710644323057364,0.8334529006382773,0.8898456279579114,185238.33002196217
148.3,0.758131510791361,1.6224140237408728,0.07699913503160868,0.8642825129495119,996.9263807446524,1.7111712342918268,0.7700427266606723,0.9530397235004658,158124.21356880077
148.35,0.7338498561151111,1.6249695380639475,0.024626552327835734,0.8911196819488364,101.97615353902837,1.7479929112777506,0.7020853091438288,1.0141430551626396,131446.34168415618
148.4,0.708098391304348,1.6248178348773243,-0.03127567413531297,0.9167194435729763,164.4768403258805,1.7813076057986441,0.6297986219429317,1.073209214494296,105772.34778699088
148.45,0.671568318840573,1.6217773830461704,-0.0910510900080699,0.9502090642055974,1393.9965338753213,1.8108970625059808,0.5529712084271668,1.1393287436654078,81540.57529317366
148.5,0.635038246376818,1.6156441962873904,-0.15493717600574375,0.9806059499105724,4036.4787199591287,1.8365272873854925,0.47149752423610836,1.2014890410086745,59282.6440962079
148.55,0.594509661870501,1.6062169700342022,-0.2228234690217244,1.0117073081637011,8348.592393818606,1.857973197971977,0.38560755975523137,1.2634635361014759,39651.51737076916
148.6,0.546872611510798,1.593291908296878,-0.29490426698230354,1.04641929678608,14623.573363168587,1.8750131684208675,0.2952264223526722,1.3281405569100695,23242.30412137557
148.65,0.499235561151069,1.5766570904844635,-0.3711510009105461,1.0774215293333944,23162.885883001363,1.8874232799676323,0.2004916695854571,1.3881877188165632,10719.175886177096
148.7,0.4456752101449,1.5561092142550017,-0.4514515751889104,1.1104340041101017,34269.971301218065,1.894993233765328,0.10161178507757532,1.449318023620428,2753.3212977736953
148.75,0.387825572463763,1.5314434032276274,-0.5358623413809953,1.1436178307638645,48283.40284525996,1.8975159890988913,-0.001375686650784927,1.5096904166351284,0.5046703363060933
148.8,0.329975934782592,1.5024586106033375,-0.6241343265923212,1.1724826758207456,65500.940083713744,1.8947925747239565,-0.10814898109852629,1.5648166399413643,3118.9872300398392
148.85,0.26672461870504327,1.4689692431473143,-0.7160486638466916,1.202244624442271,86213.73747580059,1.8866426403380865,-0.2184289656262339,1.619918021633043,12722.99013987906
148.9,0.202287568345322,1.4307961422667577,-0.8114184874546758,1.2285085739214356,110708.55757264329,1.8728951948339445,-0.3319785740450868,1.6706076264886225,29389.272966669116
148.95,0.13765817391303,1.3877771823365765,-0.9098008190387875,1.2501190084235465,139182.31067735577,1.8533980692754917,-0.44833204995600134,1.7157398953624616,53600.433871400135
149.0,0.0684125217391436,1.339770764502575,-1.0109005022846629,1.2713582427634313,171833.65189104612,1.8280204455344085,-0.5671786785714711,1.7596079237952649,85784.44091362138
149.05,-0.0008331304347826,1.2866471064019978,-1.1144019960089477,1.2874802368367804,208821.4744591519,1.7966439686316802,-0.6882007025860114,1.7974770990664628,126298.72187730127
149.1,-0.07050639130432569,1.2282990773820723,-1.2197931999470089,1.2988054686863981,250186.46524944398,1.7591722640341247,-0.8109108779200901,1.8296786553384505,175353.72051443503
149.15,-0.14127921739131,1.1646440137070393,-1.3266113274649776,1.3059232310983493,295923.0523211327,1.715531876070699,-0.9348827639277288,1.856811093462009,233068.2086104399
149.2,-0.212052043478294,1.0956222212649755,-1.4343736289680833,1.3076742647432695,345952.10666186013,1.665670187354224,-1.0596842517395888,1.8777222308325179,299448.1902359713
149.25,-0.282049647482026,1.0212003727304366,-1.5425135465297708,1.3032500202124626,400082.32821610325,1.6095579382157983,-1.1848181460934206,1.8916075856978243,374345.0771499334
149.3,-0.351331661870526,0.9413745158908966,-1.6504355146581169,1.2927061777614226,458024.29625279625,1.5471913966476032,-1.3097721673271872,1.8985230585181292,457467.50141465524
149.35,-0.4206136762589858,0.8561697400051227,-1.7575833837607497,1.2767834162641085,519425.50605160743,1.4785915205662334,-1.434079634366653,1.8992051968252193,548422.5060547183
149.4,-0.487835927536238,0.7656393290083393,-1.8633434259974453,1.2534752565445773,583817.6310448145,1.4038027764831906,-1.5572280687542472,1.8916387040194287,646655.8021642887
149.45,-0.554334478260888,0.6698692221981248,-1.9670753065234972,1.2242037004590127,650628.927494326,1.3228969056824293,-1.6786863714058924,1.8772313839433172,751463.4489450352
149.5,-0.620833028985501,0.5689746035600418,-2.068240324214463,1.1898076325455427,719272.4034025039,1.2359695915980777,-1.7980188685815703,1.8568026205835788,862099.1604734269
149.55,-0.681900697841743,0.46310045814875445,-2.1660912439889923,1.1450011559904976,788941.6589614655,1.143140913314741,-1.914599573949786,1.825041611156484,977517.740951654
149.6,-0.7428575323741032,0.3524330226289783,-2.2598916239665385,1.0952905550030816,858749.7434984306,1.0445657907462433,-2.0278124434289158,1.7874233231203465,1096539.5481933735
149.65,-0.80249763768118,0.2371876724300071,-2.3491118130470996,1.0396853101111871,927894.8685878883,0.9404230291785638,-2.137225483677507,1.7429206668597437,1218062.0714881476
149.7,-0.856870826086987,0.11761072988834824,-2.4330016409039548,0.9744815559753351,995350.8668960282,0.8309172955001172,-2.2421975486796057,1.6877881215871042,1340653.2926146223
149.75,-0.911244014492764,-0.006012592195999908,-2.5109005903530934,0.9052314222967641,1060108.783755932,0.7162867709707408,-2.342161885167562,1.6275307854635048,1462859.2790217781
149.8,-0.961927739130452,-0.13337012664294673,-2.582250913566696,0.8285576124875054,1121213.3879511002,0.5967926863962795,-2.436633880207533,1.5587204255267315,1583249.2443133919
149.85,-1.0079157826087,-0.2641160554126946,-2.646307446986531,0.7437997271960053,1177530.0346383709,0.47272615074882685,-2.5249424395606854,1.4806419333575267,1700089.1528252442
149.9,-1.05390382608697,-0.39787043382061726,-2.702541645544967,0.6560333922663527,1228106.939759276,0.3444092880767804,-2.6066027815357695,1.3983131141637504,1811834.1495226696
149.95,-1.09306820143886,-0.5342299423980561,-2.750363599998455,0.5588382590408039,1271954.6246382452,0.21218606685747898,-2.6810544027130367,1.305254268296339,1916814.0560818557
150.0,-1.12902143884892,-0.6727549349063088,-2.7890784937008677,0.45626650394261115,1308015.435946311,0.07643531213050916,-2.7476210702859505,1.2054567509794292,2013179.07890115
150.05,-1.164974676259,-0.8129807117805545,-2.8183729160918043,0.35199396447844555,1335636.592132161,-0.062438987447801964,-2.8059673641747893,1.1025356888111981,2099587.426350404
150.1,-1.191076521739119,-0.9544253866320189,-2.837662003799329,0.23665113510710012,1353981.4843843305,-0.20401412353020823,-2.8554790329097575,0.9870623982089108,2174336.135303265
150.15,-1.21608376811594,-1.0965705023734444,-2.846371197640415,0.11951326574249554,1362305.3672124299,-0.3478292268349518,-2.895534025557754,0.8682545412809881,2235764.611510052
150.2,-1.23950014388489,-1.238884259311684,-2.8443902305175177,0.0006158845732060492,1360409.8006359565,-0.4934066196465521,-2.9259378656474238,0.746093524238338,2282963.30496784
150.25,-1.25314402877698,-1.380823400918001,-2.8312473180063504,-0.12767937214102099,1347866.90913562,-0.6402527054534493,-2.946127276115691,0.6128913233235307,2314577.5805527633
150.3,-1.26678791366907,-1.5218175754809475,-2.8066242446663385,-0.2550296618118775,1324524.3304248508,-0.7878419271184998,-2.9556750416512516,0.4789459865505703,2329603.9871573676
150.35,-1.2767265217391264,-1.66129521692066,-2.7705697301286563,-0.3845686951815337,1290712.6467577568,-0.9356414391318858,-2.9545005380167733,0.3410850826072406,2327752.9144377075
150.4,-1.28007797101449,-1.7986806136022404,-2.7228846056162905,-0.5186026425877504,1246665.2917008915,-1.0831075831108352,-2.942266645394926,0.19697038790365484,2308515.470027603
150.45,-1.28342942028986,-1.933390766551966,-2.6636294008401067,-0.6499613462621061,1192996.0212044453,-1.2296823138263013,-2.9188891940676522,0.053747106463558625,2271977.100598642
150.5,-1.28150669064748,-2.064853906722376,-2.5930004520446737,-0.7833472160748962,1130567.7174299646,-1.3748114776258509,-2.8844146929544006,-0.09330478697837097,2218626.165581661
150.55,-1.27606784172662,-2.1925028663394,-2.5110994073057924,-0.9164350246127799,1060276.672475363,-1.5179379160787936,-2.838792348655328,-0.24187007435217356,2148997.866342409
150.6,-1.2706289928057564,-2.315782968593739,-2.4183492632104695,-1.0451539757879826,983398.2723112613,-1.658509520919001,-2.7823018657709797,-0.3878805281132447,2064320.9792727134
150.65,-1.25881173913044,-2.4341626949888706,-2.31509749857465,-1.1753509558584305,901218.2272650112,-1.7959903055748154,-2.715147664509896,-0.5371785664443753,1965873.8240249448
150.7,-1.24559434782609,-2.54712335493052,-2.201686807544429,-1.30152900710443,815084.2019066812,-1.9298499600412504,-2.6375366860242924,-0.6842556122151604,1855093.2720330686
150.75,-1.23193287769785,-2.6541730933608263,-2.078781194249201,-1.4222402156629763,726622.687795925,-2.059578843503067,-2.550019947547463,-0.8276459658052171,1734027.1287706578
150.8,-1.21131417266187,-2.754850633380416,-1.9468277916324999,-1.543536460718546,637303.7442071532,-2.1846923482387544,-2.4529297398567387,-0.9733781755768844,1604497.1489796394
150.85,-1.1906954676258987,-2.848713471925381,-1.8063310917690985,-1.6580180042994823,548638.2848396292,-2.304719015444233,-2.3466723152160927,-1.1140235478183342,1468498.9213337752
150.9,-1.16772391304347,-2.9353535034628546,-1.658020611778728,-1.7676295904193846,462243.96074270253,-2.419217726801938,-2.231904527883545,-1.251493813758468,1328372.7524232187
150.95,-1.13870217391303,-3.0143933025969356,-1.5023771350520143,-1.8756911286839055,379532.8101609483,-2.5277743479025516,-2.109030758279703,-1.3890721739895215,1186136.197165296
151.0,-1.10968043478261,-3.0854789567631586,-1.3399972271627234,-1.9757985219805487,301925.0832609733,-2.6299947605765377,-1.9785937774362348,-1.5203143257939278,1043955.556295837
151.05,-1.07584775362318,-3.1482916189687926,-1.1715327076464843,-2.0724438653456128,230781.0959477651,-2.7255178925083166,-1.8412068989850767,-1.6496701388851365,904011.4252987314
151.1,-1.03757420289856,-3.2025386877910997,-0.9974552498046015,-2.16496448489254,167293.17989117946,-2.8140068267162364,-1.697302299082209,-1.7764326238176764,768222.6918586008
151.15,-0.999300652173913,-3.2479547325269515,-0.8184314473542508,-2.2486540803530386,112630.49998387335,-2.8951503988980978,-1.5475325145094851,-1.8958497467241848,638628.5022570799
151.2,-0.954103575539553,-3.2843087396316943,-0.635021571848281,-2.330205164092141,67806.03549376894,-2.968671415358841,-1.392442747511629,-2.0145678398192883,517039.14802606247
151.25,-0.906720122302153,-3.311391689292444,-0.44769815255591106,-2.4046715669902907,33702.49088195241,-3.03431369034547,-1.232492297588929,-2.1275935680433173,405076.6036309432
151.3,-0.859336669064726,-3.329025484919551,-0.25718849136942745,-2.4696888158548247,11122.296214848859,-3.091851915464682,-1.0684155476535435,-2.232515246399956,304403.1419914191
151.35,-0.8024626014492698,-3.337064761624634,-0.0639316879366569,-2.534602160175364,687.264224283977,-3.141093601561324,-0.9006399403946272,-2.3386310001120543,216307.2805957434
151.4,-0.745394847826071,-3.33538004859608,0.13164364162073006,-2.589985200770009,2914.010890166767,-3.181861301255294,-0.7295849343825483,-2.4364664534292233,141945.11372746332
151.45,-0.686438525179826,-3.3238733009293475,0.3288468407974487,-2.6374347757495213,18183.552857653245,-3.214008976044271,-0.5559400963935898,-2.527570450864445,82418.50420749704
151.5,-0.620786366906471,-3.302475580759845,0.5272385902738416,-2.6816892138533737,46741.83689975084,-3.2374191682467095,-0.38012500334897514,-2.6166328013402387,38532.004845615564
151.55,-0.55513420863308,-3.2711378964513034,0.7263256192674533,-2.7160036878182234,88706.22985154137,-3.251993170901067,-0.20260805684930672,-2.6968589622679873,10946.673253400508
151.6,-0.48540439130435903,-3.229840890894293,0.9255424493055933,-2.7444364995899337,144040.32069761507,-3.2576604738040333,-0.023918432898666825,-2.7722560824996743,152.557715287474
151.65,-0.410484826086956,-3.178587680363723,1.1245196097115322,-2.768102854276767,212630.45168876057,-3.254370842422279,0.15562399224935095,-2.843886016335323,6458.353856966945
151.7,-0.335565260869551,-3.1174012098348096,1.322762534815808,-2.7818359489652584,294208.46677940135,-3.2420911053069124,0.3355882051646516,-2.906525844437361,30031.851585501947
151.75,-0.255273889208639,-3.0463315410643457,1.5198006303123428,-2.7910576518557066,388386.9562429343,-3.2208115349640147,0.5155840470678881,-2.9655376457553757,70887.17589090727
151.8,-0.17245460863307,-2.96544746882877,1.7152615303961107,-2.7929928601957004,494711.5959213749,-3.1905368894805424,0.6953314080525412,-3.0180822808474725,128929.53787315456
151.85,-0.08963532805754328,-2.8748407388470034,1.908603473295036,-2.78520541078946,612523.584016831,-3.1512895954992186,0.8744097677504966,-3.0616542674416753,203891.317849994
151.9,0.000542165217417,-2.774628593325105,2.0994586803347195,-2.775170758542522,741149.9074105746,-3.103111101963973,1.0525783367855046,-3.10365326718139,295445.64135203714
151.95,0.0915372376812025,-2.664941951788431,2.2874906926162217,-2.7564791894696334,879852.8937325698,-3.046050286548904,1.2296378423070191,-3.1375875242301063,403202.45952892315
152.0,0.183350539568354,-2.5459358290511824,2.4721458954107245,-2.7292863686195363,1027636.6627507036,-2.980172081164209,1.4052136552158565,-3.163522620732563,526566.7778146955
152.05,0.280190107913693,-2.4177904445763656,2.653017502500772,-2.6979805524900584,1183509.1655106829,-2.905557478155568,1.579077361780844,-3.185747586069261,664929.4171970001
152.1,0.3770296762589779,-2.2807044159756678,2.829670204059185,-2.6577340922346457,1346365.699666347,-2.822296903882324,1.7509892956500634,-3.199326580141302,817590.2702616281
152.15,0.475439913043478,-2.134902994738103,3.001550033881197,-2.6103429077815807,1514895.1308143626,-2.730496514875414,1.92062464876433,-3.2059364279188918,983679.7443842948
152.2,0.576642449275382,-1.980636562823548,3.168202341816219,-2.55727901209893,1687785.3646720569,-2.6302762527890726,2.087752353359513,-3.2069187020644545,1162322.6370555158
152.25,0.677844985507227,-1.8181783849137823,3.3291187654217875,-2.4960233704210095,1863588.2902017694,-2.521767547307617,2.252105304523859,-3.199612532814844,1352527.5473772008
152.3,0.778851217391317,-1.647830519423406,3.4836869791428278,-2.426681736814723,2040655.273936618,-2.405117702553384,2.4133406530927397,-3.183968919944701,1553123.4954320246
152.35,0.8797265797101399,-1.4699257204408007,3.631295214547952,-2.3496523001509404,2217249.2160160807,-2.2804910900116653,2.571120624943228,-3.1602176697218054,1762843.0048022547
152.4,0.98060194202902,-1.28482695739542,3.7713481833207205,-2.26542889942444,2391578.579122703,-2.1480686770829416,2.725119376701522,-3.1286706191119613,1980340.1646064243
152.45,1.07528743884897,-1.0929305179374023,3.903026416273982,-2.168217956786372,2561500.097174767,-2.0080505683769276,2.8748340479172105,-3.0833380072258976,2203912.214150415
152.5,1.16879391366908,-0.8946781791469064,4.025475740029595,-2.0634720928159864,2724744.738877609,-1.8606656479114938,3.019726879198781,-3.0294595615805737,2431666.7799881627
152.55,1.26150130434785,-0.6905472027159508,4.138072753352339,-1.9520485070638007,2879304.7865822236,-1.7061645924400017,3.159417581562913,-2.9676658967878518,2661845.1879170253
152.6,1.34168971014492,-0.481052993192218,4.239747149084098,-1.822742703337138,3022534.794351644,-1.544823065360822,3.2931576181342863,-2.886512775505742,2891969.8927669027
152.65,1.42187811594204,-0.26677148963380803,4.329485709751366,-1.688649605575848,3151838.9370853095,-1.376960326390859,3.4202083846204747,-2.798838442332899,3119420.1051275195
152.7,1.4957812230216,-0.04831543446929687,4.406567750367583,-1.544096657490897,3265068.5132622104,-1.2029230684481858,3.540008692306061,-2.698704291469786,3341776.411093992
152.75,1.55501863309352,0.1736522371717932,4.4696712906783995,-1.3813663959217268,3359251.8581218193,-1.023098380823015,3.6514728887383754,-2.5781170139165352,3555534.468584367
152.8,1.61425604316547,0.39840208716842307,4.517804643255574,-1.215853955997047,3431992.1849389905,-0.8379296383111989,3.7537066610987964,-2.452185681476669,3757416.98602066
152.85,1.6600044927536028,0.6251684502594665,4.55008914041787,-1.0348360424941363,3481217.8787859837,-0.647896317617604,3.845824320396909,-2.3079008103712066,3944097.254228359
152.9,1.6933015942029,0.853123901875474,4.565155256584455,-0.8401776923274259,3504309.850906195,-0.453538687910948,3.9264539535696255,-2.146840282113848,4111210.839867345
152.95,1.72659869565219,1.081386350552036,4.562372636213794,-0.6452123451001539,3500039.1562234876,-0.2554567519682026,3.9947369637640966,-1.9820554476203927,4255446.2425768515
153.0,1.73668275362319,1.309046446961718,4.5407166072883545,-0.4276363066614719,3466891.027350058,-0.0542923990683184,4.049377074613617,-1.7909751526915083,4372654.58464169
153.05,1.7394363768116,1.5351229333160574,4.498966965118381,-0.20431344349554248,3403431.419870952,0.14922723957625078,4.0887990223603286,-1.590209137235349,4458207.318734608
153.1,1.7421899999999821,1.758609438282544,4.4372058176574,0.01641943828256176,3310629.2119601937,0.35432488107455684,4.112469969923148,-1.3878651189254252,4509975.800938587
153.15,1.71371877697841,1.97849478229031,4.354534999712293,0.26477600531190015,3188415.9020105456,0.5601862743015387,4.1188686940763075,-1.1535325026768712,4524021.151744498
153.2,1.68524755395683,2.1937032467205246,4.25029458005628,0.5084556927636947,3037592.122389645,0.7659003088529008,4.106590046353637,-0.9193472451039291,4497088.482349538
153.25,1.65095275362319,2.4031779220008835,4.1252867230390695,0.7522251683776935,2861539.027389555,0.9705321826977819,4.075534846215333,-0.6804205709254082,4429329.14205745
153.3,1.59601072463768,2.605885971445842,3.979536414599394,1.0098752468081622,2662909.2206572737,1.173125553923291,4.024795820037968,-0.422885170714389,4319728.371465361
153.35,1.5410686956521855,2.800794823557511,3.8135906274880824,1.2597261279053253,2445454.228230683,1.3726764524335073,3.9539483624201854,-0.16839224321867818,4168988.707382738
153.4,1.47817410071943,2.986930653171453,3.628791130335026,1.508756552452023,2214192.3098256793,1.5681915631649552,3.8633817793103993,0.09001746244552522,3980191.6727220234
153.45,1.40594388489206,3.1633776074070012,3.4262199681803325,1.7574337225149412,1973885.146819854,1.7586882134026935,3.7532407090842295,0.35274432851063353,3756484.2187538906
153.5,1.33371366906474,3.3292827019894538,3.2074547998192746,1.9955690329247138,1729866.0890636423,1.9432016401745846,3.624267972419474,0.6094879711098447,3502751.5562414844
153.55,1.25331739130432,3.483881696742963,2.974209983872832,2.230564305438643,1487423.5375286038,2.1208173454704187,3.477443812754906,0.8674999541660986,3224697.458897968
153.6,1.16907826086952,3.6264892242889424,2.7280968863380375,2.4574109634194223,1251442.716951054,2.290664494804655,3.313734289191409,1.121586233935135,2928222.650496772
153.65,1.08483913043477,3.7565093012372586,2.4710555260231684,2.6716701708024884,1026730.3598864963,2.4519341314777487,3.1346295762622765,1.3670950010429788,2620240.6881008586
153.7,0.995128575539537,3.8734432414486717,2.2049195462662787,2.8783146659091345,817479.5368879263,2.6038959099878016,2.941635865514059,1.6087673344482645,2307525.7507409723
153.75,0.904942244604322,3.976878852409558,1.9314334167769103,3.0719366078052364,627264.742937414,2.7458920767814567,2.7363038940826265,1.8409498321771347,1996629.0668724657
153.8,0.814395528985498,4.066494227304665,1.6523989196112405,3.252098698319167,459114.70187325194,2.8773506121356123,2.520429211238407,2.062955083150114,1694016.909030362
153.85,0.721635021739104,4.142053160675164,1.3694224625343727,3.4204181389360597,315330.7254478262,2.997787662364814,2.2957122386726794,2.27615264062571,1405411.9154110735
153.9,0.628874514492762,4.203395330278886,1.0839691348429996,3.5745208157861237,197571.92337009107,3.1068023435243903,2.0638214044845236,2.4779278290316284,1135829.0105622592
153.95,0.536719848920849,4.250431783166805,0.79740971449154,3.713711934245956,106918.88958786742,3.204078591815793,1.8264522620746986,2.667358742894944,889580.7641700757
154.0,0.445553661870508,4.283138224472449,0.5109570250455758,3.8375845626019407,43899.557684654086,3.2893832930187457,1.5852198603746537,2.8438296311482376,670112.5348603298
154.05,0.354387474820116,4.301546435227996,0.225633331596248,3.94715896040788,8560.475870027829,3.362560623326564,1.3415833283233805,3.008173148506448,479958.88715606387
154.1,0.26498208695647274,4.305734996376483,-0.057692057205280256,4.04075290942001,559.6589409398122,3.423523987378313,1.0968805498122525,3.1585419004218407,320839.1841483812
154.15,0.176750565217375,4.295822863847195,-0.33828655790732526,4.11907229862982,19242.472631379376,3.472251307521305,0.8523276861156089,3.29550074230393,193723.32920511684
154.2,0.0885190434782274,4.271961331276935,-0.6155877922187754,4.183442287798708,63719.3581958169,3.5087761534469717,0.6089313174626754,3.420257109968744,98879.2931698212
154.25,0.0039326956521738,4.234327060919482,-0.8891164276311707,4.230394365267308,132925.61072824567,3.5331791628997116,0.36761006422305,3.5292464672475377,36036.57581815332
154.3,-0.0799593333333492,4.183119075650224,-1.158486330251641,4.263078408983573,225669.68496040686,3.5455848754235966,0.12914489511041918,3.6255442087569456,4447.5743821549795
154.35,-0.16332480575542152,4.118552220479135,-1.4234322383597875,4.2818770262345565,340694.396497888,3.546150786380896,-0.10589847161967042,3.709475592136317,2990.529677701905
154.4,-0.240634877697839,4.0408543558563546,-1.6836706567007815,4.281489233554193,476656.67741596425,3.5350615397132996,-0.3369579532262186,3.7756964174111385,30277.509931307337
154.45,-0.317944949640297,3.9502677411756073,-1.9389553323495872,4.268212690815904,632159.9880044084,3.512528652259342,-0.5636022672668726,3.830473601899639,84706.00417822914
154.5,-0.393249391304332,3.8470445608854416,-2.1890962152154376,4.240293952189774,805788.5568185819,3.4787792036440077,-0.7855772140880962,3.8720285949483397,164568.41581184388
154.55,-0.463874028985519,3.7314483908343283,-2.4338201447956624,4.195322419819847,996020.6860887675,3.434053432387905,-1.0026055643925256,3.897927461373424,268058.11140022794
154.6,-0.5344986666667046,3.6037576014808463,-2.672839728548085,4.1382562681475505,1201260.595338614,3.3786041573933154,-1.214505354476963,3.91310282406002,393339.5349475237
154.65,-0.600923057553974,3.46426515020012,-2.905813162036129,4.065188207754094,1419798.6815780445,3.312690724147423,-1.4211371583571923,3.9136137817013967,538568.2194302815
154.7,-0.663769460431681,3.313284935151034,-3.132264926180685,3.977054395582715,1649712.899545058,3.236581417820074,-1.6223111786905695,3.900350878251755,701838.2828011693
154.75,-0.726615863309353,3.1511555530073094,-3.35170080686965,3.8777714163166626,1888956.179775923,3.1505523778332893,-1.8179190825697844,3.8771682411426425,881287.9442056977
154.8,-0.783918101449286,2.9782421459673123,-3.5634957651659773,3.762160247416598,2135226.1982417135,3.0548849509301057,-2.007800142961018,3.838803052379392,1075003.0437531427
154.85,-0.839469550724659,2.794945936080783,-3.7668908299517216,3.634415486805442,2385928.710306132,2.9498714521986993,-2.1917352423343,3.7893410029233583,1280987.5659973852
154.9,-0.895021,2.6017052512189105,-3.9611532303216883,3.4967262512189103,2638363.8068394926,2.8358128549320534,-2.3695839656085647,3.730833854932053,1497314.178685123
154.95,-0.943046000000009,2.398998696617509,-4.145327721121381,3.3420446966175184,2889409.7685133396,2.713019525489242,-2.5410429185902226,3.656065525489251,1721839.763764671
155.0,-0.991070999999991,2.1873579185148406,-4.318375976595636,3.1784289185148316,3135684.0562799824,2.5818208753536296,-2.7057622815863,3.5728918753536205,1952306.5398546935
155.05,-1.03721057553957,1.9673623450010094,-4.479349977240963,3.0045729205405793,3373815.9483670355,2.44256012057522,-2.863471197877804,3.47977069611479,2186524.6136201993
155.1,-1.07737964028779,1.7396435767728928,-4.627085007692288,2.817023217060683,3600031.9243366737,2.2955982953515806,-3.013706073990534,3.3729779356393705,2421979.813441984
155.15,-1.11754870503598,1.504893415232995,-4.760449132453828,2.6224421202689747,3810546.3899317943,2.1413218356038346,-3.1560010350202337,3.2588705406398146,2656091.342146343
155.2,-1.15405500000002,1.2638558039563184,-4.878388339366816,2.4179108039563384,4001696.369410066,1.9801380387584062,-3.2899041683649104,3.1341930387584265,2886258.51653995
155.25,-1.18626152173913,1.017331401762567,-4.979723017883521,2.203592923501697,4169670.8121736217,1.8124815165724968,-3.4148005506007837,2.998743038311627,3109563.413435578
155.3,-1.21846804347827,0.7661768305435993,-5.063465035409258,1.9846448740218694,4311089.371888614,1.6388171130372442,-3.5301494217848157,2.8572851565155144,3323187.984034045
155.35,-1.2442929496402984,0.5112947476195147,-5.128622966025868,1.755587697259813,4422755.599072342,1.4596362939177885,-3.635314637978978,2.703929243558087,3524136.671227794
155.4,-1.26738287769784,0.25364106532619957,-5.174198027457503,1.5210239430240395,4501709.721788964,1.275467812351673,-3.72955083025675,2.542850690049513,3709213.1721250177
155.45,-1.2904728057554,-0.0057886824372381795,-5.199601151271693,1.2846841233181618,4546021.212103721,1.0868721840918105,-3.812330458345929,2.3773449898472103,3875696.939635222
155.5,-1.30438,-0.265970687697527,-5.2041128493845035,1.0384093123024731,4553913.807369281,0.8944383270916385,-3.8828975334855964,2.1988183270916384,4020504.8681462747
155.55,-1.31748869565217,-0.5258419685142262,-5.187156809730906,0.7916467271379439,4524287.028631164,0.6987987382170873,-3.9404894315275056,2.016287433869257,4140655.189327991
155.6,-1.3288309352517946,-0.7843278422177572,-5.148701577278361,0.5445030930340374,4457453.6546101365,0.5006128557602688,-3.9846768393388214,1.8294437910120633,4234039.870390193
155.65,-1.33089928057554,-1.040349840078622,-5.088521935296536,0.290549440496918,4353862.379090758,0.3005665208299212,-4.014740098402935,1.631465801405461,4298170.14872651
155.7,-1.33296762589928,-1.29281913687861,-5.006701065289335,0.04014848902067003,4214972.242421234,0.09938380771790539,-4.0301112602382245,1.4323514336171854,4331145.805306382
155.75,-1.33060833333333,-1.5406680359354186,-4.903777905911501,-0.2100597026020885,4043458.4109679535,-0.10219517842922876,-4.030522591676945,1.2284131549041013,4332029.963204864
155.8,-1.321025,-1.7828517473253485,-4.780156115763266,-0.46182674732534856,3842160.97389305,-0.3034109191495662,-4.0154882899736855,1.0176140808504337,4299772.321844212
155.85,-1.311441666666656,-2.018352348404772,-4.636666447340138,-0.7069106817381159,3614956.7428310635,-0.503483771755758,-3.984846625592191,0.807957894910898,4234400.701198259
155.9,-1.2945665942029,-2.246204003354059,-4.474323434159849,-0.9516374091511588,3366248.2806662964,-0.7016346300752272,-3.9385547747840874,0.5929319641276729,4136590.3237265428
155.95,-1.27322239130434,-2.4654865574192657,-4.294100382402707,-1.1922641661149258,3100528.8778062616,-0.8970762948273767,-3.8764926007272944,0.3761460964769632,4007251.96893159
156.0,-1.2518781884058,-2.675340275886802,-4.097456358476753,-1.4234620874810022,2823059.7407839736,-1.0890270647691342,-3.7990271075222153,0.16285112363666565,3848695.190316963
156.05,-1.22111942446042,-2.874980710565099,-3.8857292210944503,-1.653861286104679,2538846.6050382764,-1.2767263975491472,-3.7064118976959812,-0.055606973088727196,3663330.441435287
156.1,-1.1888280575539396,-3.063684427886175,-3.6602776245826645,-1.8748563703322352,2252783.462485162,-1.4594209031633616,-3.598960947896931,-0.270592845609422,3454005.3078632476
156.15,-1.15571304347824,-3.2408093349464564,-3.42287729713288,-2.0850962914682163,1970035.522326746,-1.6363893235294864,-3.477524136741846,-0.4806762800512463,3224846.432432566
156.2,-1.1131260869565,-3.4057971798788893,-3.17497934171221,-2.2926710929223892,1695013.6622770664,-1.8069495437067995,-3.3426661810968388,-0.6938234567502994,2979577.91953294
156.25,-1.07053913043477,-3.5581570876349415,-2.9180667324418748,-2.4876179572001718,1431798.2729152269,-1.9704440409816373,-3.195096668229141,-0.8999049105468673,2722304.7251543887
156.3,-1.02523467625897,-3.6974820031026043,-2.6538390738226636,-2.6722473268436344,1184242.283737441,-2.1262657787968946,-3.0359233358682367,-1.1010311025379247,2457821.4670051527
156.35,-0.974155539568319,-3.823442719876497,-2.3837110595511892,-2.849287180308178,955429.4378796456,-2.27385780144926,-2.8660377026519557,-1.2997022618809408,2190445.896806
156.4,-0.923076402877692,-3.935778687026466,-2.1091109650423814,-3.012702284148774,747980.4631143174,-2.4127087819061854,-2.686505613885115,-1.4896323790284933,1924616.6435829971
156.45,-0.867517108695635,-4.034302160449999,-1.8314058979712398,-3.1667850517543643,563975.9861737823,-2.5423666780703607,-2.4984724598149217,-1.6748495693747256,1664630.5686543004
156.5,-0.808141384057977,-4.118886618201875,-1.551735118342347,-3.3107452341438983,404880.2322846404,-2.662430791192943,-2.3029241731997563,-1.8542894071349658,1414255.9326687418
156.55,-0.748765659420284,-4.1894622881192625,-1.2712536115201658,-3.4406966286989786,271741.391412417,-2.772553462881501,-2.1010349624042473,-2.023787803461217,1177159.4435320045
156.6,-0.6843934130434592,-4.246015179125949,-0.9909580779299699,-3.5616217660824896,165120.86681503308,-2.872446871414152,-1.8938987516943284,-2.1880534583706925,956493.9951118228
156.65,-0.618611891304354,-4.288575303767954,-0.7116879398385529,-3.6699634124636,85166.85461400394,-2.961872604158034,-1.6825146366356327,-2.34326071285368,754894.8006648361
156.7,-0.55273024460431,-4.317215072596334,-0.4342766056436659,-3.764484827992024,31712.04614146033,-3.040646529063161,-1.4680172740683428,-2.487916284458851,574686.5911901462
156.75,-0.481942474820152,-4.332044587943548,-0.1593571185324993,-3.8501021131233957,4270.063485616261,-3.108637980872815,-1.2513351419544536,-2.6266955060526627,417557.23666404607
156.8,-0.411154705035954,-4.3332012218947815,0.11254251762985057,-3.9220465168588277,2129.7304875982422,-3.1657580725428254,-1.033329095910914,-2.7546033675068715,284738.4054549512
156.85,-0.33928399999995507,-4.320849120514717,0.3809206698540152,-3.9815651205147624,24398.350957031747,-3.211964085526495,-0.8149092590872659,-2.8726800855265395,177087.22681230842
156.9,-0.263983999999986,-4.295173666623644,0.6454327179209719,-4.031189666623659,70047.6143148721,-3.24725389359914,-0.5967783123925342,-2.983269893599154,94971.82777122164
156.95,-0.188683999999971,-4.256375168602724,0.9057900774604275,-4.067691168602753,137957.88036632046,-3.271657722841224,-0.3795899805644317,-3.082973722841253,38423.61422530817
157.0,-0.112406302158275,-4.2046683920128505,1.1617270534191857,-4.092262089854575,226934.01732965684,-3.2852393709278074,-0.16398519127206385,-3.1728330687695325,7170.971455076098
157.05,-0.0350694316546655,-4.140279468341116,1.4130465608722385,-4.10521003668645,335740.9694724656,-3.2880913839617882,0.04951591783336584,-3.253021952307123,653.82029836817
157.1,0.04226743884894375,-4.063443706110819,1.6595699632384602,-4.105711144959763,463108.2599796553,-3.2803307113736175,0.26044573950659894,-3.322598150222561,18088.52886057045
157.15,0.119987721014497,-3.974405272467026,1.901126645252329,-4.094392993481523,607733.942614639,-3.262096581174923,0.4683933292736359,-3.38208430218942,58504.61624214419
157.2,0.197872322463803,-3.8734165794113595,2.137551648344724,-4.071288901875162,768289.025456013,-3.2335467998513248,0.6730191818296427,-3.431419122315128,120787.9517628378
157.25,0.275756923913065,-3.760738679964612,2.368662262743975,-4.036495603877677,943403.9218121573,-3.1948549536250996,0.8740306417027042,-3.4706118775381647,203714.55003606423
157.3,0.351195769784206,-3.6366431220801356,2.594205931031579,-3.9878388918643415,1131619.157605519,-3.1462091902284124,1.0711176947868384,-3.4974049600126182,305944.8309561255
157.35,0.4264785035971666,-3.5014157663623084,2.8138877787549204,-3.927894269959475,1331388.9307352363,-3.087813140734807,1.2640094036267098,-3.5142916443319736,426058.6059884668
157.4,0.501139130434796,-3.355357210802366,3.0273962757553767,-3.856496341237162,1541096.8758259914,-3.019881448520539,1.4525108984163797,-3.5210205789553353,562610.1093382289
157.45,0.572533695652201,-3.198786131219586,3.234303296561834,-3.771319826871787,1758947.5206566965,-2.9426394238880587,1.6363715197112487,-3.51517311954026,714056.4668058938
157.5,0.643928260869565,-3.0320448799158064,3.434129023813744,-3.6759731407853713,1983008.6627568782,-2.856325333966378,1.8153708801417596,-3.500253594835943,878819.048657778
157.55,0.71228891304349,-2.8555002708300274,3.6263304144646105,-3.5677891838735176,2211190.4005817818,-2.761186875602306,1.9892986617125705,-3.4734757886457963,1055282.4441310465
157.6,0.776098695652198,-2.6695508701008137,3.810187960670347,-3.445649565753012,2441092.274080981,-2.6574854473927596,2.15782812395547,-3.433584143044958,1241659.2566755158
157.65,0.83990847826087,-2.474632505261423,3.9849831795710924,-3.314540983522293,2670203.621352498,-2.545498355784993,2.3207003242177042,-3.3854068340458627,1436173.3319531088
157.7,0.897189064748217,-2.271217562690942,4.149876156095298,-3.168406627439159,2895754.020875956,-2.4255152088838186,2.4775846818980307,-3.3227042736320356,1636913.5615935377
157.75,0.950796978417271,-2.059826727242841,4.303858622505875,-3.0106237056601124,3114636.644379547,-2.2978472348646988,2.6280278836986803,-3.2486442132819695,1841741.481999404
157.8,1.00440489208636,-1.841028030952168,4.44606270720598,-2.845432923038528,3323858.772388744,-2.162824843267554,2.771725587607446,-3.167229735353914,2048656.7287994241
157.85,1.0478835507246689,-1.6154352922032174,4.575376338784686,-2.663318842927886,3520019.2556988345,-2.0207958471454988,2.9081517875614686,-3.0686793978701674,2255292.485199191
157.9,1.08971326086958,-1.3837252365419357,4.69060262023982,-2.473438497411516,3699548.1068539033,-1.8721410689932083,3.0366933899518953,-2.9618543298627884,2459068.465220676
157.95,1.13019633093527,-1.1466247229917097,4.790851439472407,-2.2768210539269798,3859373.4356390988,-1.717264298349594,3.156967421297755,-2.847460629284864,2657718.2131027733
158.0,1.15855964028777,-0.9049107723888947,4.874862369899707,-2.063470412676665,3995913.8202900225,-1.5565946930249854,3.2682181159448267,-2.7151543333127552,2848333.2409039875
158.05,1.18692294964029,-0.6594287270887125,4.941465972951039,-1.8463516767290025,4105849.3809714797,-1.3906052879096569,3.369701472973734,-2.577528237549947,3027970.137856361
158.1,1.211051739130435,-0.41106736806690924,4.989885419336776,-1.6221191071973442,4186706.7420597156,-1.219795639366696,3.4609198206715237,-2.430847378497131,3194124.268031203
158.15,1.22618217391304,-0.16076092312605822,5.019068700352974,-1.3869430970390983,4235821.749139068,-1.044698263055645,3.541041359459149,-2.2708804369686852,3343726.3758400795
158.2,1.24131260869566,0.090506469665251,5.028280748277973,-1.1508061390304092,4251384.956050983,-0.8658876632644898,3.609395892027185,-2.10720027196015,3474063.6547687254
158.25,1.24936597122302,0.3417259211991538,5.017029779665629,-0.9076400500238663,4232380.971224637,-0.6839645131074115,3.6654024965259344,-1.9333304843304315,3582713.456410281
158.3,1.25185877697842,0.5918587577173939,4.984749398416844,-0.660000019261026,4178092.537432682,-0.4995660753170138,3.7082928882016,-1.7514248522954339,3667049.6385830836
158.35,1.254351582733805,0.8398496564863809,4.931409233237433,-0.4145019262474241,4089154.156875591,-0.31336089849906373,3.737647518571777,-1.5677124812328687,3725335.7261562035
158.4,1.24802130434782,1.0846488373585703,4.857031061759754,-0.1633724669892498,3966734.716756113,-0.12603522959807004,3.752972427484213,-1.3740565339458901,3755947.211055133
158.45,1.23920246376811,1.3252039341260842,4.7617355084299176,0.08600147035797412,3812606.051732923,0.061693807894401625,3.7537508361024803,-1.1775086558737085,3757505.423877352
158.5,1.23017985611511,1.5604861549850042,4.646277102425275,0.33030629886989415,3629958.0842741164,0.2490968184594057,3.7399530195348007,-0.9810830376557044,3729932.956887326
158.55,1.2111726618705,1.7895051984513453,4.511243427847376,0.5783325365808452,3422030.847392344,0.43544151111935125,3.7113053939843383,-0.7757311507511488,3673010.060644599
158.6,1.1921654676258884,2.011297300121636,4.35742669213704,0.8191318324957475,3192651.9361321633,0.6199773419945807,3.667662933025935,-0.5721881256313077,3587133.7040779754
158.65,1.17084086956522,2.2249567638652237,4.186151160337617,1.0541158943000037,2946600.16174851,0.8019633631416462,3.609359838897436,-0.36887750642357375,3473994.2524388605
158.7,1.14217782608695,2.42963981625844,3.998526709284792,1.2874619901714899,2688384.594602558,0.9806704688540251,3.5364913776619225,-0.16150735723292486,3335139.0038072327
158.75,1.1135147826087,2.624559132347048,3.795887607731975,1.5110443497383481,2422802.9023321397,1.1553751198263738,3.449385002929275,0.04186033721767379,3172868.5062489053
158.8,1.08073695652174,2.809004236597225,3.57979092275739,1.7282672800754852,2154798.776611263,1.3253814171988394,3.348630364611235,0.24464446067709944,2990220.085012366
158.85,1.04350144927534,2.9823373403141558,3.3516425950619237,1.9388358910388157,1888890.5661633746,1.4900184971282044,3.2347006059479346,0.4465170478528644,2790210.136031983
158.9,1.00626594202897,3.143994368462828,3.11304503004815,2.137728426433858,1629529.4018642511,1.6486446243586201,3.1083625515992654,0.6423786823296502,2576511.4005825855
158.95,0.963718935251774,3.293493568072817,2.8655498234069694,2.329774632821043,1380725.4286331052,1.800661214487696,2.9704155091824043,0.8369422792359219,2352898.2125843633
159.0,0.919106345323735,3.430425037122613,2.6105924426819396,2.511318691798878,1145960.2362259526,1.9455054741532618,2.8216282916621975,1.0263991288295267,2123089.6576822754
159.05,0.874493755395671,3.5544548111551317,2.349749928329935,2.6799610557594606,928399.0457948598,2.082661196973163,2.663070794211735,1.208167441577492,1891185.6146622722
159.1,0.8233794130434537,3.6653242253011316,2.084355612381059,2.841944812257678,730524.9066203767,2.211664565938208,2.4956355468437854,1.3882851528947544,1660852.4753787415
159.15,0.771850065217387,3.762835200190321,1.8156447469086539,2.9909851349729344,554310.5574818022,2.3320918365026047,2.320224496204776,1.5602417712852177,1435584.4567436553
159.2,0.719427877697826,3.84685546416468,1.5449332795819972,3.127427586466854,401338.52691358846,2.4435733926017575,2.137994471724561,1.7241455149039315,1218938.7629666093
159.25,0.662938309352526,3.917313319909055,1.2733036416155612,3.254375010556529,272618.5211982484,2.5457939541365446,1.9499233038319375,1.8828556447840188,1013920.2375538289
159.3,0.606448741007193,3.974187207068371,1.0017496643693642,3.367738466061178,168736.79916961584,2.6384849644347543,1.7570033381511654,2.0320362234275615,823216.1947398237
159.35,0.5480580434782424,4.017505221496769,0.7312053491760753,3.4694471780185268,89902.15767806319,2.7214308525579107,1.560273920725002,2.1733728090796682,649187.9220518853
159.4,0.486815652173907,4.04733700480384,0.46241074165976565,3.560521352629933,35954.000777488385,2.7944634228265888,1.3606049497125925,2.307647770652682,493665.5544486417
159.45,0.425573260869535,4.063786875340675,0.19604442714813203,3.63821361447114,6462.497648345431,2.857457214836157,1.1588832314277748,2.431883953966622,358136.09175586177
159.5,0.362514057971002,4.066991958272584,-0.0672968899444889,3.7044779003015815,761.5201227342249,2.9103318546147507,0.9559635372071518,2.5478177966437485,243697.67585856255
159.55,0.2984328985507,4.057115625013476,-0.32713718758251936,3.758682726462776,17994.974135678625,2.9530460343881675,0.7525869594018203,2.6546131358374674,151036.56838978056
159.6,0.23435173913039764,4.034343852387791,-0.5830455389498324,3.7999921132573937,57160.54342022498,2.985595168644023,0.5494823899438969,2.7512434295136257,80514.90582892181
159.65,0.169684690647472,3.9988827749707214,-0.8346556794067044,3.8291980843232496,117140.23774460415,3.0080099298606884,0.34731246424702034,2.8383252392132166,32166.91941902341
159.7,0.104937748201418,3.9509550768618595,-1.0816615968601924,3.8460173286604413,196731.6421459225,3.0203517612638393,0.146658718489319,2.915414013062421,5735.674589047818
159.75,0.0402588152173973,3.8907980042317747,-1.3237867380832604,3.8505391890143774,294664.2491641327,3.0227099679165508,-0.05194931583878851,2.9824511526991535,719.6617109648541
159.8,-0.0238080326087017,3.8186621668507383,-1.5607678795376179,3.84247019945944,409607.62522640114,3.015199040271224,-0.2480286722083297,3.039007072879926,16404.859263313883
159.85,-0.0878748804348001,3.7348111358474445,-1.7923549846946465,3.8226860162822445,540181.1826532478,2.9979562835769595,-0.44116046032443235,3.0858311640117595,51899.34713431069
159.9,-0.150768136690645,3.639520981791051,-2.018283808864894,3.790289118481696,684945.2650438966,2.9711385472968086,-0.6309622506043258,3.1219066839874534,106163.5631167136
159.95,-0.211383244604336,3.533082517355398,-2.2382268189956496,3.744465761959734,842363.5882151803,2.9349223236968207,-0.8170310447675239,3.1463055683011567,178010.5941637098
160.0,-0.271998352517993,3.415803580066502,-2.451852755725277,3.687801932584495,1010834.7561791039,2.8895031403135403,-0.9990402337641682,3.1615014928315333,266155.03698121704
160.05,-0.330615376811616,3.2880085622515214,-2.6587987914469418,3.6186239390631374,1188672.843100484,2.8350907939559447,-1.176701964739377,3.1657061707675607,369234.00368573604
160.1,-0.387662478260902,3.1500423837379463,-2.8586231293461015,3.5377048619988485,1374058.433337071,2.7719105906680848,-1.3497067130657034,3.159573068928987,485788.85634523345
160.15,-0.444709579710156,3.0022723029469973,-3.050883811953837,3.446981882657153,1565102.3100604992,2.700201652636688,-1.5178211678331615,3.144911232346844,614341.6260059793
160.2,-0.497702021582752,2.845089274358442,-3.2350272081731197,3.342791295941194,1759734.994753305,2.62021494632796,-1.6807487450210796,3.1179169679107117,753311.0250373159
160.25,-0.549680798561148,2.67891538979462,-3.4104219477878273,3.228596188355768,1955724.2663997735,2.53221857073976,-1.838169910412942,3.081899369300908,901031.6318793397
160.3,-0.601561913043483,2.5042023908994966,-3.576498338598412,3.10576430394298,2150836.7611456597,2.4364930943545273,-1.9898837098206095,3.03805500739801,1055903.2476291817
160.35,-0.648657565217405,2.321432835482566,-3.7325377304651473,2.970090400699971,2342609.0048701344,2.3333306923979427,-2.1355686974426957,2.9819882576153476,1216174.309732558
160.4,-0.6957532173913,2.1311284345556856,-3.8777893997977957,2.8268816519469855,2528481.8099114485,2.2230421352902714,-2.2748997087169744,2.9187953526815713,1380044.9825921536
160.45,-0.74130017391305,1.9338449160943207,-4.011581318907721,2.675145090007371,2705967.622212986,2.1059505548700463,-2.4076412089771875,2.8472507287830964,1545796.3176440354
160.5,-0.782439304347825,1.7301751907340348,-4.133081483707364,2.51261449508186,2872363.0433211783,1.9823943806120274,-2.5334009780948556,2.7648336849598527,1711498.8042165258
160.55,-0.823578434782624,1.520754672365718,-4.241510545501502,2.344333107148342,3025049.5836786944,1.8527327405756826,-2.651824188465494,2.6763111753583066,1875245.74040818
160.6,-0.8610882877698038,1.3062543406648512,-4.336130546472348,2.167342628434655,3161521.1618945296,1.7173399925827535,-2.7625658157882484,2.5784282803525573,2035138.6364164776
160.65,-0.89496886330936,1.0873859670351778,-4.4160937229984745,1.9823548303445377,3279200.4062582213,1.5766122759475025,-2.865140826408112,2.4715811392568625,2189075.1880401494
160.7,-0.928849438848934,0.8649002679760206,-4.480744561565312,1.7937497068249546,3375917.0582550564,1.4309680865245604,-2.959186134157072,2.3598175253734945,2335142.020423327
160.75,-0.956984,0.6395781152650508,-4.5294047879164285,1.5965621152650509,3449639.12637117,1.2808433064419003,-3.0442535937204562,2.2378273064419,2471327.9847679767
160.8,-0.982884000000005,0.4122379115333949,-4.561384821455505,1.3951219115334,3498523.7096244874,1.1267012118164303,-3.1198134437429927,2.1095852118164355,2595529.5796692036
160.85,-1.0087840000000048,0.18372331292303035,-4.576352135320698,1.192507312923035,3521520.8540883944,0.9690253366596241,-3.185572841935848,1.9778093366596288,2706099.8216744633
160.9,-1.02568417266187,-0.04510492514118264,-4.57378492063798,0.9805792475206874,3517570.9988185153,0.8083164630983983,-3.240982062452537,1.8340006357602683,2801057.2611037605
160.95,-1.04220935251799,-0.27335603263104247,-4.5532782863644465,0.7688533198869476,3486099.542536115,0.64510858616608,-3.2855069416954974,1.6873179386840702,2878548.230381147
161.0,-1.05696847826087,-0.5001349408636455,-4.514912287730609,0.5568335373972244,3427599.1822340176,0.47995041288742885,-3.3189564435272927,1.5369188911482987,2937459.1664083563
161.05,-1.06368224637681,-0.7245472188403607,-4.458553370764545,0.3391350275364494,3342560.9469206315,0.31340554002489535,-3.340853524846876,1.3770877864017055,2976347.2731951457
161.1,-1.0703960144927578,-0.9456921152209297,-4.384314073612573,0.12470389927182812,3232173.8372972896,0.14606331685604929,-3.3508592336522645,1.216459331348807,2994202.0276673716
161.15,-1.07295748201439,-1.1626880925848337,-4.292651800488331,-0.08973061057044385,3098437.3512499062,-0.021480423192972886,-3.3488714203199916,1.051477058821417,2990650.6106229434
161.2,-1.06978482014388,-1.3746722707798547,-4.183896769079707,-0.30488745063597467,2943427.318388766,-0.18861894324933684,-3.334595000258957,0.8811658768945432,2965206.3508672095
161.25,-1.06661215827338,-1.5808041007229625,-4.058728780155819,-0.5141919424495824,2769946.9879337233,-0.35473466177306845,-3.3080070481476787,0.7118774965003116,2918109.501491925
161.3,-1.05727753623188,-1.7802846025241321,-3.9179350289904504,-0.7230070662922521,2581106.087025316,-0.5192149057610278,-3.2691388978214375,0.5380626304708522,2849938.4355331105
161.35,-1.0444768115942,-1.9723493888391475,-3.762254005555618,-0.9278725772449474,2380058.4454575637,-0.6814429569488711,-3.2179392307880286,0.3630338546453289,2761368.7714785733
161.4,-1.03167608695652,-2.156280683905266,-3.5928174775759887,-1.124604596948746,2170509.5689146724,-0.8408087141143319,-3.154736248838117,0.19086737284218813,2653962.879928852
161.45,-1.01094069565217,-2.3314184031424725,-3.41062119550518,-1.3204777074903025,1955952.792362135,-0.9967195533961886,-3.079715780384016,0.014221142255981478,2529239.8101190208
161.5,-0.98912330434783,-2.497146978377858,-3.216677021261352,-1.5080236740300281,1739827.9708884326,-1.1485869006222313,-2.993095025209816,-0.15946359627440132,2388964.7546495334
161.55,-0.966285151079136,-2.652913023087707,-3.012348293962314,-1.6866278720085712,1525814.593294237,-1.2958461188815857,-2.8955007714160783,-0.3295609678024497,2235713.2579389615
161.6,-0.935961410071931,-2.7982269489632094,-2.7987292010835727,-1.8622655388912785,1317083.0284427726,-1.4379603370421574,-2.787311577327677,-0.5019989269702264,2071761.5544279744
161.65,-0.905637669064743,-2.932650267824605,-2.576967806426208,-2.027012598759862,1116630.2307540276,-1.5744089699552752,-2.6690257743362484,-0.6687713008905323,1899652.955752323
161.7,-0.872449492753605,-3.055810143748711,-2.3483894035245076,-2.183360650995106,927324.2554605164,-1.7047074942924094,-2.5414165475475525,-0.8322580015388045,1722346.1515062724
161.75,-0.833700942028982,-3.167393392459231,-2.1140602794905425,-2.3336924504302488,751495.0568796096,-1.828404386657494,-2.405034960652732,-0.9947034446285119,1542451.5098565037
161.8,-0.794952391304337,-3.267139422961472,-1.8751222042519622,-2.4721870316571346,591221.9485509767,-1.9450769373483106,-2.260610279029596,-1.1501245460439735,1362762.3556411383
161.85,-0.7519055755395452,-3.354847732396146,-1.6327079286100483,-2.6029421568566007,448237.71840039914,-2.054344863728923,-2.108953016154747,-1.3024392881893778,1186048.7531595211
161.9,-0.705746223021581,-3.430368247147582,-1.3877713709918023,-2.724622024126001,323837.5784417152,-2.1558630796142837,-1.9507457858697888,-1.4501168565927027,1014775.7656236639
161.95,-0.659586870503588,-3.493600169431357,-1.1413474497665457,-2.8340132989277693,219041.87123173533,-2.249325007415049,-1.786870593169712,-1.589738136911461,851441.7377959143
162.0,-0.607769782608706,-3.5444927147818936,-0.8943027469914729,-2.9367229321731876,134480.87459805448,-2.3344682797210012,-1.6180828920707202,-1.7266984971122952,698184.5988298523
162.05,-0.554538260869565,-3.5830325784622454,-0.6473807606460361,-3.0284943175926804,70471.08733321032,-2.4110628158412495,-1.4450637618264826,-1.8565245549716844,556855.8068650948
162.1,-0.5011040575539424,-3.6092468545872585,-0.4014170127234611,-3.108142797033316,27094.6125293431,-2.47891896558846,-1.268699836879029,-1.9778149080345178,429226.4736258333
162.15,-0.442805496402878,-3.6232010483976285,-0.15705491845426547,-3.1803955519947507,4147.577202419308,-2.537888746720214,-1.0896902969970117,-2.095083250317336,316646.65156518284
162.2,-0.384506935251778,-3.624988697646539,0.08513129441640391,-3.240481762394761,1218.6243986647662,-2.587855110196598,-0.9087036943066064,-2.20334817494482,220197.97441239315
162.25,-0.32518646376811,-3.6147344601645726,0.32452963388770395,-3.2895479963964624,17709.247803843435,-2.628739095018147,-0.7265120296287358,-2.303552631250037,140751.92778540403
162.3,-0.262957478260852,-3.592589952654838,0.5606787490947158,-3.329632474393986,52859.07838938436,-2.660496314696875,-0.5437171490159476,-2.397538836436023,78834.22350240804
162.35,-0.20072849275359356,-3.5587280355933206,0.7931446157130945,-3.357999542839727,105778.19600739102,-2.683110660346855,-0.3609093502550035,-2.4823821675932614,34734.81576039701
162.4,-0.137826771582729,-3.513344366068252,1.0214811215215014,-3.3755175944855234,175449.47970068804,-2.696597400040976,-0.178706948478789,-2.558770628458247,8516.31291589348
162.45,-0.0742523147481866,-3.4566552663948724,1.2452996670563163,-3.382402951646686,260758.8994082342,-2.701000453011126,0.00235301164750501,-2.6267481382629394,1.4764436835451311
162.5,-0.0106778579136805,-3.388896035966808,1.4642221894047824,-3.3782181780531277,360500.0783475687,-2.696389671604444,0.1817619651506549,-2.6857118136907636,8809.97652678077
162.55,0.0526215143478355,-3.3103210788236463,1.6778645816497746,-3.362942593171482,473374.8804516242,-2.6828600051726097,0.3590291899652211,-2.7354815195204454,34373.85579922209
162.6,0.11581390927539698,-3.221203881197593,1.885850179224013,-3.33701779047299,598006.3149017073,-2.6605299267857068,0.5337089205462153,-2.7763438360611037,75958.72316549504
162.65,0.179006304202922,-3.121836472373326,2.08781226155199,-3.300842776576248,732949.8883647542,-2.629538823534958,0.7054087855889063,-2.8085451277378803,132693.7479429375
162.7,0.239092956521773,-3.0125306217905528,2.283297208327957,-3.251623578312326,876629.9146666706,-2.5900462978840886,0.8736766892194274,-2.829139254405862,203549.58860944535
162.75,0.299050202898562,-2.893622513226922,2.4718373757780228,-3.192672716125484,1027380.1841157466,-2.542235311595332,1.0380975994390864,-2.8412855144938938,287372.4335896517
162.8,0.357846431654696,-2.765469774334259,2.6530049835407543,-3.1233162059889548,1183497.996139239,-2.4863059802197096,1.1983543474674792,-2.8441524118744055,382947.50455845543
162.85,0.411998589928086,-2.6284545478343317,2.826221139039111,-3.0404531377624178,1343085.5486833826,-2.4224766179971855,1.354009079745861,-2.8344752079252715,488890.8234757956
162.9,0.466150748201445,-2.482989633356361,2.9909200506811566,-2.949140381557806,1504184.135035602,-2.3509880032049093,1.5046898120561476,-2.8171387514063544,603757.7148014839
162.95,0.517600456521753,-2.329513307483309,3.1465740347189626,-2.847113764005062,1664820.0765516104,-2.272095406655266,1.6501061449497134,-2.7896958631770192,726093.4105602145
163.0,0.565318210144923,-2.1684941103517335,3.292516203871061,-2.7338123204966562,1822834.4901175143,-2.1860718542080626,1.7898561010229512,-2.751390064352986,854289.296631755
163.05,0.613035963768121,-2.000433472302304,3.428153084670247,-2.613469436070425,1976113.1569354117,-2.0932092801663695,1.9236382613355998,-2.7062452439344904,986769.1094597998
163.1,0.6551626258992943,-1.8258617704744629,3.5528131712469606,-2.481024396373757,2122443.4890522445,-1.9938135811197941,2.051088303201199,-2.6489762070190883,1121856.8606743396
163.15,0.694409028776986,-1.6453481769740033,3.665714147641416,-2.339757205750989,2259480.443324003,-1.8882137286453802,2.1717424890490085,-2.5826227574223664,1257724.116997542
163.2,0.733655431654698,-1.4594959331447557,3.7662835968195516,-2.1931513647994536,2385159.535805028,-1.7767571073417046,2.2853309942971443,-2.5104125389964027,1392730.0675987133
163.25,0.765408739130441,-1.2689376670293515,3.8537846792438732,-2.0343464061597927,2497274.526049346,-1.6598057911056778,2.3914104234299787,-2.425214530236119,1525025.0168772135
163.3,0.796140260869577,-1.0743478731849005,3.9274655932946807,-1.8704881340544777,2593678.6881335992,-1.5377492794801344,2.489497910292075,-2.3338895403497113,1652693.2920929627
163.35,0.8257179565217462,-0.8764290471462896,3.9868750524946805,-1.7021470036680357,2672739.5844164947,-1.4109933552133636,2.5793451737299327,-2.23671131173511,1774139.0733983724
163.4,0.846834260869569,-0.6759101446534904,4.031302785967021,-1.5227444055230595,2732638.814139724,-1.2799610180454222,2.660418144471757,-2.126795278914991,1887419.9209158795
163.45,0.867950565217399,-0.47355840001575344,4.060159266706082,-1.3415089652331524,2771899.850708634,-1.145105799082272,2.732237395991067,-2.013056364299671,1990698.983480546
163.5,0.885367374100719,-0.27015873965695425,4.073151316677059,-1.1555261137576731,2789667.764342119,-1.0068961752382768,2.7945247945154676,-1.8922635493389959,2082498.3539097914
163.55,0.896207302158275,-0.06651598121795435,4.069787999716248,-0.9627232833762294,2785062.6502848202,-0.8658210129378452,2.8467528626782435,-1.7620283150961202,2161067.1629778063
163.6,0.9070472302158274,0.13654392055920528,4.049864464879277,-0.7705033096566222,2757861.0014337846,-0.7223942868530719,2.88857992327471,-1.6294415170688994,2225038.3928388613
163.65,0.911699398550725,0.33819323460751993,4.013315315020439,-0.5735061639432051,2708307.4234271967,-0.577141297931408,2.9197133408211795,-1.488840696482133,2273260.264685113
163.7,0.911870775362319,0.5375957544961647,3.959992781369563,-0.3742750208661543,2636818.1771376394,-0.43060863199058586,2.9397093851147496,-1.3424794073529047,2304504.338381797
163.75,0.912042152173913,0.7339175940660257,3.8901832035095163,-0.1781245581078873,2544670.201240728,-0.2833579755168271,2.9484520122968703,-1.1954001276907402,2318231.8050179905
163.8,0.903553848920859,0.9263427192066722,3.804100514143216,0.022788870285813223,2433298.3552031624,-0.13595528894927925,2.9456868909357783,-1.0395091378701382,2313885.6691815713
163.85,0.8931646402877638,1.1140605731850917,3.7020008413323717,0.2208959328973279,2304434.7818232332,0.011014244676299967,2.9311374292151067,-0.8821503956114638,2291084.434385532
163.9,0.882381202898547,1.2962888034000444,3.5846674329591597,0.41390760050149733,2160673.4522825135,0.15696489717893064,2.9049781383623565,-0.7254163057196163,2250372.795830193
163.95,0.862136275362311,1.4722820420515779,3.452624285999053,0.6101457666892669,2004426.0462922521,0.3013164840784955,2.8670884394558156,-0.5608197912838155,2192052.298576316
164.0,0.841891347826087,1.6413168601253638,3.306523369172312,0.7994255122992768,1838377.0440120527,0.44347775425803604,2.817442962494026,-0.39841359356805095,2116795.9591752305
164.05,0.819312338129491,1.8027180211657947,3.147444793043603,0.9834056830363037,1665741.6226572604,0.5828712167528458,2.7564270019985115,-0.2364411213766452,2026103.9512924007
164.1,0.790731402877688,1.9558593367765291,2.9762496970832015,1.1651279338988412,1489464.387223588,0.7189335636242622,2.684201188196395,-0.07179783925342575,1921316.2716573174
164.15,0.762150467625901,2.1001581663989546,2.793966588007938,1.3380076987730536,1312604.2673980186,0.8511102182890928,2.6011110022818777,0.08895975066319184,1804207.585651156
164.2,0.729975579710138,2.23509072586988,2.601768577577203,1.5051151461597416,1138226.582122046,0.97887225208495,2.507678926101094,0.24889667237481194,1676920.9590430763
164.25,0.694206739130434,2.3601869157033537,2.4006845414520797,1.6659801765729196,969084.366032555,1.1017124597351269,2.4043103418397065,0.4075057206046929,1541522.1919672976
164.3,0.65843789855071,2.475030988574651,2.191907795462729,1.8165930900239409,807859.725782497,1.2191482251958,2.2916396269813077,0.5607103266450899,1400429.9146536074
164.35,0.6186156811593922,2.5792687889210755,1.976595695424349,1.9606531077616833,656942.0869943254,1.33073222662991,2.1703189820150492,0.7121165454705177,1256075.862318624
164.4,0.577369304347814,2.6725995288666082,1.7558195496183218,2.095230224518794,518383.48354378645,1.4360462905882716,2.040969209658267,0.8586769862404576,1110814.7506061574
164.45,0.536122927536212,2.7547796917979293,1.530777000530256,2.218656764261717,394017.2651552461,1.5347093085058876,1.9044290301650375,0.9985863809696756,967159.9815827588
164.5,0.49124594244604,2.825623721891289,1.3025211116929845,2.334377779445249,285273.1763752497,1.6263817454351146,1.7614421128195143,1.1351358029890746,827380.8844837532
164.55,0.446294863309343,2.8849948365344007,1.0720430343866527,2.4386999732250576,193248.36758997894,1.7107585243349954,1.6127542587655805,1.2644636610256526,693593.6797777379
164.6,0.40077994202896566,2.9328083765576896,0.8403816092059203,2.532028434528724,118752.96859595962,1.7875768111252928,1.4592431034183266,1.386796869096327,567837.4492997199
164.65,0.353009652173913,2.9690280478750917,0.6084189324376709,2.616018395701179,62243.90551746688,1.8566150850266365,1.301665175233587,1.5036054328527235,451821.9275775693
164.7,0.305239362318832,2.9936591507810273,0.3769842818410204,2.688419788462195,23896.69723310805,1.9176882054387445,1.1407771100105675,1.6124488431199127,347032.64392641664
164.75,0.257122359712236,3.006749043540819,0.14689895704700218,2.749626683828583,3628.514142770023,1.970651089182375,0.9773836289460576,1.713528729470139,254741.00216847062
164.8,0.208564086330923,3.0083838006498125,-0.08110566523681784,2.7998197143188897,1106.0984326046612,2.015397219450232,0.8122260083927983,1.8068331331193088,175922.95698925282
164.85,0.16000581294961091,2.9986844740110885,-0.30635481307394963,2.8386786610614774,15781.22860515621,2.051856168965907,0.6460137059481303,1.891850356016296,111288.98887275666
164.9,0.111377403695638,2.977804733595357,-0.528223087992312,2.866427329899719,46916.55929667998,2.079992334405506,0.4794226505093643,1.9686149307098677,61292.28741904642
164.95,0.0627128638405567,2.9459280832826567,-0.7461398621675956,2.8832152194421,93612.07686209724,2.0998025937601197,0.3130778292092381,2.037089729919563,26138.060571298367
165.0,0.0140483239855025,2.9032654671828375,-0.9595766162935252,2.889217143197335,154828.42921929492,2.111313943102213,0.14755932566537272,2.0972656191167105,5806.334557551873
165.05,-0.0333654260431775,2.850054051140456,-1.1679984333258513,2.8834194771836335,229390.75766569405,2.1145821160668916,-0.01654709739539953,2.147947542110069,73.0150485900901
165.1,-0.08064019942447961,2.786557775563793,-1.3708935571961276,2.8671979749882723,316008.5739870514,2.1096919039157545,-0.17869621373268985,2.190332103340234,8515.289813973113
165.15,-0.127691739130435,2.713064494050445,-1.567802897447177,2.84075623318088,413308.4846355729,2.096752883250678,-0.3384248005199737,2.224444622381113,30541.6921618624
165.2,-0.173106231884067,2.6298855512541777,-1.75823024965691,2.8029917831382445,519807.91803786706,2.075897893415279,-0.49524807963302714,2.249004125299346,65405.50943472032
165.25,-0.218520724637673,2.537357549791365,-1.941694610579869,2.7558782744290378,633947.4302168383,2.047283861334734,-0.6487267148597586,2.2658045859724067,112225.69348606256
165.3,-0.262910913043481,2.4358397847248456,-2.11773912003314,2.6987506977683267,754112.8024413651,2.011087402547785,-0.7984770893864609,2.273998315591266,170017.5099400198
165.35,-0.305480115942049,2.325715955829778,-2.2858463976279357,2.6311960717718272,878588.4359264945,1.9675054030305614,-0.9440750231015855,2.2729855189726105,237674.03979846914
165.4,-0.348049318840592,2.207395469620737,-2.445536285510653,2.5554447884613287,1005633.2340195035,1.9167550697576614,-1.085165127698746,2.2648043885982534,314022.2278329162
165.45,-0.388184985611532,2.0813109973069506,-2.5963080823495535,2.4694959829184824,1133453.8604642204,1.8590699744290093,-1.2213926811045877,2.247254960040541,397813.3550548942
165.5,-0.426698294964034,1.9479226041442916,-2.737605701895057,2.3746208991083257,1260181.7587186415,1.7947034385972718,-1.3523643488862669,2.2214017335613057,487703.8219036205
165.55,-0.465211604316558,1.8077160262349048,-2.8689701252515745,2.2729276305514627,1384023.445693086,1.7239257880639918,-1.4778032116559556,2.18913739238055,582373.9553015085
165.6,-0.5002376159420445,1.661199861193996,-2.9898810617368525,2.1614374771360403,1503139.2664258494,1.6470209289607431,-1.5973755660057978,2.1472585449027877,680428.9863659582
165.65,-0.534498123188409,1.508911114949759,-3.0998035051036124,2.043409238138168,1615696.2812297489,1.5642918113388424,-1.7107350217272628,2.098789934527251,780430.4838837809
165.7,-0.568440172661879,1.3514091762843052,-3.1983494802960664,1.919849348946184,1720058.5453776042,1.4760544506645525,-1.8176747755449152,2.0444946233264316,881051.0905739354
165.75,-0.597393050359708,1.1892747606189749,-3.2849831972341703,1.7866678109786829,1814503.0406865904,1.3826374826422145,-1.9178273820480332,1.9800305330019226,980816.4979555234
165.8,-0.626345928057555,1.0231176298218936,-3.3592146471639808,1.6494635578794485,1897434.9940603601,1.2843905411950485,-2.010851820094575,1.9107364692526034,1078273.3446340442
165.85,-0.6537599275362358,0.8535651274381901,-3.4207404890243094,1.507325054974426,1967576.612147952,1.1816742933149134,-2.0965582552636115,1.8354342208511492,1172148.4047237332
165.9,-0.677216811594205,0.6812625481718834,-3.4691328122455447,1.3584793597660885,2023639.9696781763,1.0748624543641905,-2.1746020315948402,1.7520792659583955,1261038.398884375
165.95,-0.700673695652185,0.5068758606335082,-3.504089393141524,1.2075495562856933,2064627.6978658673,0.9643462337764639,-2.2447188694635294,1.6650199294286487,1343670.080780167
166.0,-0.720788525179859,0.33108114115378195,-3.525399340212484,1.051869666333641,2089815.9194727268,0.8505264478757624,-2.3066847794284095,1.5713149730556215,1418878.5791057842
166.05,-0.73781838129497,0.1545681334521612,-3.532782604308285,0.8923865147471313,2098578.512626173,0.7338192672538645,-2.360162123731728,1.4716376485488345,1485430.7334127626
166.1,-0.7548482374100772,-0.021964199547803792,-3.5261966979348216,0.7328840378622734,2090761.355233131,0.6146544935684601,-2.4049862245481286,1.3695027309785375,1542388.9974043367
166.15,-0.766980311594204,-0.1978178888596543,-3.505598151055041,0.5691624227345498,2066406.0166510448,0.4934685677970254,-2.4409375436595617,1.2604488793912294,1588846.95787914
166.2,-0.777391543478264,-0.3722898146310538,-3.470953921188173,0.4051017288472102,2025765.132552784,0.3707130224767693,-2.467754577382927,1.1481045659550333,1623950.0411185038
166.25,-0.787802775362318,-0.5446840455776936,-3.4225616441665028,0.24311872978462445,1969672.1912286347,0.24684538207506568,-2.4854379994328193,1.0346481574373838,1647307.2130732308
166.3,-0.791460884057971,-0.7143191525100466,-3.360566069935299,0.07714173154792436,1898961.9894612462,0.12232475121043697,-2.4937928357967003,0.913785635268408,1658400.7220989196
166.35,-0.7949811739130431,-0.8805177379073889,-3.285201198067134,-0.08553656399434573,1814743.879848244,-0.002375829155271958,-2.492666150135998,0.7926053447577712,1656902.5429423517
166.4,-0.796981294964029,-1.0426259757360548,-3.1970436205914723,-0.24564468077202573,1718654.2606898425,-0.12678608814106496,-2.482195679215605,0.6701952068229641,1643012.1039777652
166.45,-0.793591726618704,-1.2000154638872749,-3.09649286391644,-0.40642373726857084,1612246.9437212595,-0.25043847950606923,-2.462313117735504,0.5431532471126348,1616796.2372726235
166.5,-0.790202158273381,-1.3520778194620617,-2.984099253820741,-0.5618756611886807,1497331.3702785464,-0.3728614030582878,-2.4330731027488155,0.41734075521509323,1578625.259551933
166.55,-0.783857449275358,-1.4982401275505153,-2.860593273472899,-0.7143826782751572,1375953.069940162,-0.49359337129898395,-2.394690370672837,0.2902640779763741,1529211.1923715225
166.6,-0.773751652173907,-1.637961930892441,-2.726577153147663,-0.864210278718534,1250048.830017846,-0.612179293831898,-2.3472411894881433,0.161572358342009,1469210.9871012573
166.65,-0.763645855072462,-1.7707357935143009,-2.582839570912343,-1.007089938441839,1121724.636275059,-0.7281707709677272,-2.290990519062454,0.035475084104734766,1399636.6822490809
166.7,-0.749153597122296,-1.896096991852784,-2.4301698189828653,-1.146943394730488,993035.1955788578,-0.8411361490958811,-2.226210080926483,-0.09198255197358507,1321603.019844986
166.75,-0.732597122302159,-2.013615852040042,-2.26928531450118,-1.2810187297378828,865903.7104802143,-0.9506531261650266,-2.15311205315327,-0.2180560038628676,1236237.7369157039
166.8,-0.716040647482013,-2.1229041786531364,-2.101119813543503,-1.4068635311711235,742323.1963064474,-1.0563164257245201,-2.0721593443876443,-0.3402757782425071,1145025.1596088086
166.85,-0.6937622826086887,-2.223619290824997,-1.9264420916980105,-1.5298570082163085,624026.9023684916,-1.1577433611288794,-1.9836664587962094,-0.46398107852019077,1049315.3652674917
166.9,-0.670848152173915,-2.315452243864735,-1.7459946874974435,-1.64460409169082,512598.3823010088,-1.254562728307531,-1.8879537634644927,-0.5837145761336159,950498.5101279311
166.95,-0.647111561151076,-2.3981384402106367,-1.5607266770125665,-1.7510268790595607,409585.9991461932,-1.3464281276865713,-1.7856049975346515,-0.6993165665354952,850236.0552588595
167.0,-0.618322712230218,-2.471456876433174,-1.3713755924505222,-1.853134164202956,316230.8436932634,-1.4330191248803807,-1.6770110859437042,-0.8146964126501628,749964.3153008219
167.05,-0.589533863309345,-2.5352205697221604,-1.1786964431494034,-1.9456867064128154,233612.10427388182,-1.5140327210795934,-1.562626052687318,-0.9244988577702484,651146.7148099063
167.1,-0.5586109999999778,-2.589285249020593,-0.9835387668382665,-2.030674249020615,162657.60019984908,-1.5891952731179386,-1.4430534101528476,-1.0305842731179609,555307.5052143367
167.15,-0.523894333333327,-2.633544169257651,-0.7865622494039637,-2.109649835924324,104029.75916972233,-1.658258790275262,-1.3187242583939978,-1.1343644569419349,463742.31191381323
167.2,-0.489177666666654,-2.667923116941958,-0.5884811626367238,-2.178745450275304,58231.30546753179,-1.7209973827429483,-1.1901747885520324,-1.2318197160762943,377737.60728130006
167.25,-0.451128173913043,-2.692385477338124,-0.38998877870640675,-2.241257303425081,25573.820791874572,-1.7772151306551636,-1.057955978854732,-1.3260869567421205,298472.22751852643
167.3,-0.410856797101442,-2.7069246319673295,-0.1916514928140094,-2.2960678348658874,6176.121174433724,-1.8267392090391712,-0.9225093222082932,-1.4158824119377291,226939.58654965454
167.35,-0.37058542028983776,-2.7115642142412653,0.005874065817514679,-2.3409787939514275,5.801883607785331,-1.869421966018251,-0.7844145773424265,-1.4988365457284132,164081.66110594603
167.4,-0.326466791366908,-2.706359996244421,0.20203636993479648,-2.379893204877513,6863.5769790404975,-1.905144651117373,-0.6441572212481737,-1.5786778597504652,110650.27351631162
167.45,-0.28161535251798,-2.691391461555794,0.3963489190863979,-2.409776109037814,26414.765018744427,-1.9338089349988046,-0.5021722793211402,-1.6521935824808245,67247.19949829047
167.5,-0.236484717391318,-2.6667657327147642,0.588226953874373,-2.4302810153234464,58181.00747400408,-1.9553425917366045,-0.3590275653182967,-1.7188578743452865,34373.54470890235
167.55,-0.186980007246371,-2.6326162822195314,0.7772566122651271,-2.44563627497316,101582.81558787405,-1.9696987767468552,-0.21510626011130127,-1.7827187695004842,12338.854170418881
167.6,-0.13747529710142353,-2.5890942312656966,0.963039437178249,-2.451618934164273,155947.90315823175,-1.9768465975335265,-0.07078527325681885,-1.839371300432103,1336.147976011337
167.65,-0.0871245971222877,-2.536374907791413,1.1450705629898101,-2.4492503106691252,220473.24571855954,-1.9767790634338924,0.07343238614896322,-1.8896544663116046,1437.9507561414523
167.7,-0.0347999208632868,-2.474656569973615,1.3229401866118085,-2.439856649110328,294287.4986100544,-1.9695116814115943,0.2171526473280929,-1.9347117605483075,12574.739264426424
167.75,0.0175247553956843,-2.404157358419271,1.496223803937628,-2.421682113814955,376430.24898676947,-1.9550789189190232,0.3599679202596545,-1.9726036743147075,34553.840964282936
167.8,0.0708732840579813,-2.325118067405481,1.664476780425002,-2.3959913514634623,465850.8342381161,-1.9335370545275297,0.5014553035321043,-2.0044103385855108,67055.31238412665
167.85,0.12516690724639692,-2.237800160941077,1.8273029400257679,-2.3629670681874737,561451.8294858544,-1.9049615680100525,0.641253942057855,-2.0301284752564492,109655.09818793037
167.9,0.179460530434783,-2.1424853009674716,1.9842795229057928,-2.3219458314022545,662059.6142174763,-1.869446183926982,0.7789833380231168,-2.048906714361765,161817.34424470333
167.95,0.233582669064765,-2.0394772873260316,2.1349535602185967,-2.2730599563907967,766422.5259716468,-1.8271044532472762,0.9142418110944079,-2.060687122312041,222890.15710751552
168.0,0.287650654676265,-1.929102395684264,2.278882862208558,-2.216753050360529,873243.5774734858,-1.7780695353153264,1.0466505576435088,-2.0657201899915916,292127.3039507915
168.05,0.341718640287795,-1.8117084757544615,2.4156461442205295,-2.1534271160422565,981201.1067035708,-1.7224927217438535,1.1758620669148199,-2.0642113620316485,368707.09344245127
168.1,0.39422940579713595,-1.6876650129737207,2.5447781036082104,-2.081894418770857,1088908.1137691154,-1.660543066509031,1.3014916595327615,-2.054772472306167,451701.4772888911
168.15,0.446708391304363,-1.5573653791915316,2.6658300028125765,-2.0040737704958946,1194968.062711581,-1.5924093108605248,1.4231780822067188,-2.039117702164888,540116.2276462917
168.2,0.498313753623211,-1.4212234255703664,2.7783999900059984,-1.9195371791935774,1298018.6511058167,-1.5182962135882487,1.5406092937766522,-2.0166099672114597,632927.1989522654
168.25,0.546821724637686,-1.2796752523676993,2.881980561712804,-1.8264969770053852,1396604.6699931948,-1.4384262857034948,1.6533684052342994,-1.9852480103411807,728967.2222472029
168.3,0.595329695652188,-1.13318269509299,2.9761247514328115,-1.7285123907451778,1489339.331728137,-1.3530432722286452,1.7610953440561241,-1.9483729678808333,827055.1495616422
168.35,0.640882057553974,-0.9822270379906997,3.0604164634746494,-1.6231090955446736,1574898.0835784276,-1.2624062997060985,1.8634512104375498,-1.9032883572600725,925986.7769816453
168.4,0.682964791366908,-0.8273142627338148,3.1343186908564125,-1.5102790541007227,1651876.9775656906,-1.166795477117746,1.9599692732331457,-1.849760268484654,1024394.5472048175
168.45,0.725047525179865,-0.6689746115587425,3.197458027815537,-1.3940221367386076,1719099.8404101718,-1.0665121386556309,2.050322865412605,-1.7915596638354958,1121019.6939823348
168.5,0.762091768115935,-0.507754681260552,3.249427841843126,-1.269846449376487,1775436.6877687797,-0.9618723150313295,2.1341307303029367,-1.7239640831472647,1214537.059739559
168.55,0.796764956521739,-0.3442258668887812,3.28975946236986,-1.1409908234105202,1819783.3404864597,-0.8532159360812952,2.2109280734667247,-1.6499808926030342,1303520.7856115422
168.6,0.8314381449275381,-0.17897588281282079,3.318266672054346,-1.0104140277403588,1851458.430482462,-0.7409002059541694,2.280485234560779,-1.5723383508817075,1386830.1080132616
168.65,0.857341726618704,-0.012603498720727718,3.334520712708081,-0.8699452253394317,1869641.047077608,-0.6252963326238618,2.3423094471282697,-1.4826380592425656,1463043.612295024
168.7,0.882482733812958,0.15426526195321433,3.3381243826260936,-0.7282174718597437,1873684.3327423772,-0.5068064652562826,2.395903643554183,-1.3892891990692406,1530761.1384523227
168.75,0.90617757246377,0.3209983652330077,3.3290989453396556,-0.5851792072307622,1863566.1003277376,-0.38584557000798375,2.4411241541548105,-1.2920231424717536,1589089.9029328104
168.8,0.92098880434783,0.4869597060836428,3.307152323870181,-0.43402909826418723,1839076.4891503716,-0.2628416685101573,2.4774905275106605,-1.1838304728579874,1636789.1503746803
168.85,0.9358000362318883,0.651495890179388,3.272148953438532,-0.2843041460525003,1800352.4158662807,-0.13825031750979483,2.504631721499445,-1.0740503537416832,1672848.0160910063
168.9,0.946162376811595,0.8139596198307121,3.2242524794734577,-0.1322027569808829,1748032.4090848358,-0.012534436957278516,2.522419606844916,-0.9586968137688735,1696693.5127988427
168.95,0.949266000000001,0.9737044432240435,3.163360306463763,0.024438443224042428,1682630.345797633,0.11382867752688708,2.5304330015453367,-0.835437322473114,1707490.9800825978
169.0,0.952369623188405,1.1300824081890743,3.0896787298165496,0.17771278500066934,1605158.9384172498,0.2403432711005162,2.5285138983683955,-0.7120263520878888,1704902.0091312374
169.05,0.947949374100718,1.282463667053288,3.003483670610755,0.33451429295257007,1516847.588954704,0.36651240290675596,2.516538437929698,-0.581436971193962,1688790.855887372
169.1,0.9389177194244551,1.4302244042958936,2.904911196419944,0.49130668487143847,1418917.4061687782,0.4918246672888654,2.494219441702026,-0.4470930521355897,1658968.1662304974
169.15,0.929886064748198,1.5727581113967988,2.794541806005163,0.6428720466486008,1313144.797355479,0.615764122261779,2.4616896669066484,-0.314121942486419,1615977.604307991
169.2,0.910791935251787,1.7094882664703936,2.6727578453879324,0.7986963312186066,1201186.9945865942,0.7378220337634017,2.4188675436033953,-0.1729699014883853,1560245.3849327797
169.25,0.889781143884889,1.8398496162127755,2.539919928224743,0.9500684723278865,1084754.4651839547,0.8574774594058379,2.3656431165114173,-0.03230368447905119,1492337.9612527606
169.3,0.868108652173904,1.9633103571181525,2.3968897446609043,1.0952017049442486,966023.0960842414,0.9742196664608385,2.3024202223600105,0.10611101428693448,1413637.0347552856
169.35,0.836069521739115,2.0793770662788806,2.2441712603049395,1.2433075445397657,846843.9477096795,1.0875534536072395,2.229239213585322,0.25148393186812457,1325201.9923697347
169.4,0.804030391304345,2.187575683379096,2.0823455096257253,1.3835452920747509,729116.5844900713,1.1969798786084316,2.1462375591474214,0.39294948730408663,1228356.1760786884
169.45,0.769227782608684,2.287475735108905,1.9123674704859759,1.518247952500221,614941.9076561321,1.3020227654511063,2.053971287988383,0.5327949828424223,1125012.813834842
169.5,0.727977057971018,2.378687825479865,1.7349140922653798,1.6507107675088473,506112.8275743428,1.4022273399539271,1.9527274695588162,0.6742502819829091,1016838.552098554
169.55,0.686726333333329,2.4608560993765525,1.5507971173765738,1.7741297660432234,404390.89198511856,1.4971536845563185,1.8429749619197529,0.8104273512229895,905748.4560701639
169.6,0.6419393884891892,2.533672033682971,1.3609492695222611,1.8917326451937817,311440.6298534164,1.5863936725593117,1.7253538990806958,0.9444542840701226,793825.6205527893
169.65,0.594140107913661,2.5968686912123573,1.1661600908988994,2.0027285832986963,228669.23803185934,1.6695666495711563,1.600388100733339,1.0754265416574953,682997.8861250305
169.7,0.546340827338104,2.650220990118638,0.9673454243337234,2.103880162780534,157345.58405212118,1.746321910653246,1.468787586508531,1.199981083315142,575289.8598084148
169.75,0.494908971014483,2.6935504466903994,0.7653615472369516,2.1986414756759163,98497.37878487987,1.8163462642592312,1.3312383357084372,1.3214372932447482,472585.46838927193
169.8,0.442329985507226,2.7267172608646133,0.5609817747088361,2.2843872753573873,52916.23048649627,1.879357197232466,1.188375125048239,1.43702721172524,376596.11675557814
169.85,0.38975099999996776,2.749623284885946,0.35507826764922856,2.359872284885978,21200.18155292677,1.9351083960449142,1.0409871689381371,1.5453573960449465,288974.4762383567
169.9,0.335176539568337,2.7622128657434533,0.14843822125977518,2.4270363261751164,3704.954496650011,1.9833926592572229,0.8898020516833497,1.6482161196888858,211132.71764797295
169.95,0.280602079136674,2.7644671534372027,-0.05820271885936534,2.4838650743005286,569.6104399387049,2.0240370331739514,0.7355201873373863,1.7434349540372773,144263.98559488636
170.0,0.225930277536237,2.7564051994263075,-0.26409098898842204,2.5304749218900704,11727.31420780809,2.0569055722554714,0.5788890816885307,1.8309752947192344,89363.3517061841
170.05,0.170913357246372,2.7380821317904056,-0.4685381570487939,2.5671687745440335,36913.1685114686,2.081898358846585,0.4206000375927452,1.9109850016002132,47174.504432804984
170.1,0.11589643695650637,2.7095861976491427,-0.6708998844638677,2.5936897606926363,75684.47967556832,2.0989488821267277,0.2613062509571361,1.9830524451702214,18208.25514380635
170.15,0.06167815,2.671037663761844,-0.8705336128158785,2.6093595137618437,127427.30103128425,2.108023242954279,0.1016647709847518,2.046345092954279,2756.193509168542
170.2,0.0083973891304136,2.6225889869578825,-1.0668012457380742,2.614191597827469,191363.19955159302,2.1091204506255723,-0.05767437658081345,2.1007230614951586,887.0223237294622
170.25,-0.0448833717391423,2.564423324955529,-1.2591243172272886,2.609306696694671,266580.6473732863,2.1022704579498486,-0.21613719430503228,2.1471538296889907,12457.409803213675
170.3,-0.0961132043165694,2.4967522465910967,-1.4469083302701837,2.592865450907666,352024.9369526265,2.087531039741662,-0.3731445177219809,2.1836442440582315,37129.82162825859
170.35,-0.14646406762592998,2.419818300438544,-1.6295459945726503,2.566282368064474,446503.26768785453,2.0649898894455845,-0.5281215057494628,2.2114539570715146,74376.61995602131
170.4,-0.196814930935261,2.333892136792489,-1.806516303924414,2.53070706772775,548750.7998588381,2.0347604260478014,-0.6806086812620958,2.2315753569830625,123527.51386915446
170.45,-0.244528666666685,2.239270765920762,-1.977242845827347,2.4837994325874466,657372.3317168016,1.996978884224216,-0.8301067361536174,2.241507550890901,183753.91824202973
170.5,-0.292013086956522,2.1362815765210383,-2.141147983693199,2.42829466347756,770876.424282522,1.9518075813358324,-0.9761373379110347,2.2438206682923543,254091.76065707777
170.55,-0.338954964028785,2.0252779397025558,-2.2977369672337193,2.3642329037313408,887752.733643405,1.8994291753078292,-1.1183287306191136,2.238384139336614,333509.1065941755
170.6,-0.383048489208648,1.9066396365868332,-2.4464228213904526,2.289688125795481,1006362.4741000897,1.840046264038943,-1.256229255929994,2.223094753247591,420829.851587847
170.65,-0.427142014388486,1.7807767148430453,-2.5866478755311526,2.2079187292315314,1125034.960710734,1.7738845788122,-1.3894322379843076,2.201026593200686,514805.8517200218
170.7,-0.469981108695659,1.6481239962531717,-2.7179269126802463,2.118105104948831,1242129.6921769541,1.7011867893321542,-1.51761254250291,2.171167898027813,614172.7544432391
170.75,-0.5107735,1.50914235544188,-2.839709069082109,2.01991585544188,1355935.6905038564,1.6222135344164883,-1.6403825177112148,2.1329870344164883,717561.2811766891
170.8,-0.551565891304364,1.3643194387757713,-2.951513656798824,1.9158853300801353,1464808.965668176,1.537244075070097,-1.7574223095477968,2.088809966374461,823608.8464256832
170.85,-0.5896545434782842,1.2141654222604492,-3.052855757401549,1.8038199657387333,1567126.1785412647,1.4465723766832639,-1.8683998124626193,2.036226920161548,930911.4291227603
170.9,-0.626086065217402,1.0592170653124369,-3.1432094976480025,1.6853031305298387,1661261.6958332506,1.3505115618961099,-1.9729311889634618,1.9765976271135117,1037988.6603692744
170.95,-0.662517586956539,0.9000339570973285,-3.2221982270304186,1.5625515440538673,1745805.6877326022,1.2493910515855957,-2.0707567366016235,1.9119086385421347,1143475.589914935
171.0,-0.694113115107916,0.7371946878079803,-3.289344303332868,1.4313078029158963,1819324.0656751667,1.1435540264465014,-2.1614958806610023,1.8376671415544172,1245883.8512305284
171.05,-0.724921388489215,0.5713047683336654,-3.3441804363386574,1.2962261568228803,1880489.0078774705,1.0333662328252702,-2.2447506361784417,1.7582876213144851,1343708.1116329385
171.1,-0.7552297826087018,0.4029855757199009,-3.386485421678195,1.1582153583286026,1928367.5562870048,0.9192070796248302,-2.3203201561585582,1.674436862233532,1435702.8338868471
171.15,-0.779789565217391,0.23287168348561696,-3.415867883721805,1.012661248703008,1961975.2541382643,0.8014689971078988,-2.3878048949216666,1.5812585623252897,1520429.9243231658
171.2,-0.804349347826092,0.06161928382073498,-3.43202591174558,0.865968631646827,1980580.558054991,0.6805672864474781,-2.4468499002954567,1.4849166342735702,1596553.1825535698
171.25,-0.826656561151077,-0.11010928461909897,-3.4348920670020915,0.716547276531978,1983889.9862862858,0.556927698237484,-2.4972757013592743,1.383584259388561,1663036.2476265216
171.3,-0.844177064748205,-0.2816446741321924,-3.4242491223960947,0.5625323906160126,1971614.945618309,0.4309895009744925,-2.5387170186243657,1.2751665657226976,1718689.0935074636
171.35,-0.8616975683453317,-0.4523085424765537,-3.4000727856192805,0.409389025868778,1943872.7137804748,0.3032095733238169,-2.5709463789298335,1.1649071416691488,1762604.075555313
171.4,-0.875346000000003,-0.6214280518850477,-3.362468415443195,0.25391794811495527,1901112.5225618985,0.17405094457658174,-2.5938138344412236,1.0493969445765847,1794098.722063649
171.45,-0.885696000000005,-0.7883320719257907,-3.311471320764647,0.09736392807421435,1843883.133326722,0.04398857985615093,-2.607061044775054,0.9296845798561559,1812471.2776489593
171.5,-0.896046000000001,-0.9523571288813182,-3.2473964298699602,-0.056311128881317174,1773217.5180218394,-0.08649429041352152,-2.6106591037558595,0.8095517095864795,1817477.5882728929
171.55,-0.900376812949641,-1.112858109115146,-3.170510904391219,-0.21248129616550493,1690245.9257597637,-0.2169146033386348,-2.604496953305273,0.6834622096110062,1808907.8346070535
171.6,-0.9030099064748209,-1.2691991489281158,-3.081086084629252,-0.36618924245329487,1596243.2010088514,-0.34677899485677166,-2.588438457932463,0.5562309116180493,1786670.30680101
171.65,-0.905643,-1.4207683729184883,-2.979764630551803,-0.5151253729184884,1492984.5620931152,-0.4755968826663063,-2.5626887097160256,0.4300461173336937,1751299.579441597
171.7,-0.900135028985506,-1.5669838710814592,-2.8669432842208256,-0.6668488420959532,1382068.5946547454,-0.6028853261950011,-2.5271899602602512,0.2972497027905049,1703117.092064056
171.75,-0.894627057971015,-1.7072787551932571,-2.7430879973473883,-0.8126516972222421,1265234.0614279842,-0.7281533848541495,-2.4819439622381263,0.16647367311686556,1642678.8884507439
171.8,-0.887117695652173,-1.8411222785561905,-2.609011512962499,-0.9540045829040175,1144572.7090093081,-0.8509230450445779,-2.4272995889419025,0.03619465060759508,1571142.2118606744
171.85,-0.873270594202892,-1.968018719169815,-2.465266267606656,-1.094748124966923,1021925.08989473,-0.9707280923070284,-2.363342777080256,-0.0974574981041364,1489437.088527311
171.9,-0.85942349275362,-2.0874991844185558,-2.3125385385468533,-1.2280756916649358,899227.0308951577,-1.0871060251007374,-2.290309659574217,-0.22768253234711744,1398804.8897970577
171.95,-0.841518999999988,-2.1991364502431683,-2.151644347067853,-1.3576174502431804,778452.9505279219,-1.1996142298919488,-2.2085887250806686,-0.35809522989196074,1300763.7750809211
172.0,-0.819218999999997,-2.302538038017101,-1.9832158212579083,-1.4833190380171042,661349.9912665312,-1.3078236872671978,-2.1183969638469673,-0.48860468726720074,1196694.8523829465
172.05,-0.796918999999993,-2.3973462742613996,-1.8080810160835317,-1.6004272742614065,549701.8113728532,-1.4113203357479744,-2.0201905617973743,-0.6144013357479814,1088311.9749267176
172.1,-0.7685446115107755,-2.48324692469068,-1.6269933252089839,-1.7147023131799044,445105.476533618,-1.5097159133922793,-1.9143760135954868,-0.7411713018815038,977289.4723812661
172.15,-0.737566913669064,-2.5599570807334464,-1.4405930767635298,-1.8223901670643823,348958.7093524272,-1.6026364328342524,-1.8012720232326342,-0.8650695191651884,865221.5737814901
172.2,-0.706589215827332,-2.6272326121317824,-1.2497737267552231,-1.9206433963044502,262635.95223453426,-1.6897322428744765,-1.681515604988189,-0.9831430270471445,753998.5946183455
172.25,-0.667581333333341,-2.684871579820828,-1.0551813479219678,-2.017290246487487,187217.1401368153,-1.7706837328300735,-1.555504849126793,-1.1031023994967324,645225.422841858
172.3,-0.627875173913043,-2.732697996939205,-0.8574216443173995,-2.104822823026162,123617.59219340162,-1.8451850460935788,-1.4236326351309838,-1.2173098721805358,540461.3012826637
172.35,-0.586840318840565,-2.770575260789276,-0.6573504073110362,-2.183734941948711,72658.30597723364,-1.9129612249614145,-1.2866132616830468,-1.3261209061208494,441432.9827036502
172.4,-0.538829811594201,-2.7984040815152635,-0.45554003943564503,-2.2595742699210626,34893.49773762254,-1.973767702934985,-1.1448737249395435,-1.434937891340784,349529.5589485188
172.45,-0.490819304347805,-2.816110325422491,-0.25259008671496763,-2.325291021074686,10728.129304662858,-2.027378199828594,-0.9989084093610856,-1.5365588954807887,266084.8027446118
172.5,-0.439938035971213,-2.8236562065837365,-0.04922418689690383,-2.3837181706125237,407.4257722824967,-2.073599273441304,-0.8493851998456631,-1.633661237470091,192388.05805782854
172.55,-0.384750625899262,-2.821034539846512,0.15403679309951634,-2.43628391394725,3989.700840699637,-2.112265148443923,-0.6967660793033941,-1.727514522544661,129462.12513808631
172.6,-0.3295632158273086,-2.8082642400525106,0.356598497785828,-2.478701024225202,21382.102840168438,-2.143233856844276,-0.5416226683195957,-1.8136706410169674,78228.03062337034
172.65,-0.270206137681154,-2.7853957400570155,0.5579000892241003,-2.5151896023758615,52336.449535189335,-2.1663945635734048,-0.3845060978486672,-1.8961884258922508,39425.31714208236
172.7,-0.208293456521722,-2.752502496889224,0.757508713429462,-2.544209040367502,96486.52400676621,-2.1816586134887994,-0.2258358744712149,-1.9733651569670774,13600.491252847556
172.75,-0.146380775362325,-2.709682362452407,0.9548707866198279,-2.563301587090082,153313.57431088763,-2.188961766092492,-0.06617954842114152,-2.042580990730167,1167.9287011269905
172.8,-0.0808487172661711,-2.657060958134508,1.149502972541868,-2.5762122408683372,222183.39198992483,-2.188268344255551,0.0939724263113777,-2.10741962698938,2354.884508492617
172.85,-0.014727458273341279,-2.5947848900002564,1.3409682052579723,-2.580057431726915,302362.798878431,-2.1795636121759596,0.2541817885382794,-2.1648361539026184,17228.90176653829
172.9,0.0516472275362581,-2.5230258818796947,1.5287311054791586,-2.574673109415953,392964.75485340325,-2.162858285527668,0.4139065980246457,-2.2145055130639264,45684.97917022284
172.95,0.12093632173917,-2.441980718696316,1.712359652434836,-2.5629170404354857,493039.10658403137,-2.138188015081521,0.5727297078782639,-2.259124336820691,87471.81820968575
173.0,0.190225415942042,-2.3518659685082444,1.891427089153775,-2.5420913844502864,601548.4399645751,-2.105607061955727,0.7302504591976792,-2.2958324778977692,142204.19550891235
173.05,0.259563681159447,-2.2529226728252545,2.065416672002769,-2.5124863539847015,717309.7797162145,-2.0651927563985764,0.8859863625212493,-2.3247564375580234,209325.82255296924
173.1,0.329006434782648,-2.14541731809833,2.23382717631756,-2.474423752880978,839055.2047613737,-2.0170456666274545,1.0394901332728181,-2.346052101410103,288143.929912411
173.15,0.39844918840581,-2.029641177194405,2.3961663549873715,-2.428090365600215,965440.0858044896,-1.9612879793647489,1.1903420272979914,-2.3597371677705588,377843.7711871713
173.2,0.466164834532398,-1.9059110721939267,2.5518842472838696,-2.372075906726325,1094998.028927915,-1.8980633800699858,1.3380814258951468,-2.3642282146023836,477456.5072868238
173.25,0.532523467625896,-1.7745729802619385,2.700390719053033,-2.3070964478878344,1226152.8410633127,-1.8275397825897668,1.482226449049437,-2.3600632502156627,585865.399003121
173.3,0.598882100719431,-1.6360007702024753,2.8411734606940624,-2.2348828709219064,1357334.518890381,-1.7499071487625468,1.622388833402855,-2.3487892494819778,701905.4738000737
173.35,0.6607716086956682,-1.4905947495385798,2.973611754529964,-2.151366358234248,1486825.2402183968,-1.6653753596250958,1.758086047661424,-2.326146968320764,824231.0802618045
173.4,0.721400594202893,-1.338789633537074,3.097050557488789,-2.060190227739967,1612827.7432042968,-1.5741814028835919,1.8888138053580046,-2.295581997086485,951364.6910162631
173.45,0.781819467625904,-1.1810475168453454,3.211023046316553,-1.9628669844712494,1733717.1313733472,-1.4765821763546878,2.0142516060761406,-2.2584016439805916,1081922.5420214166
173.5,0.831942848920858,-1.0178587987321805,3.3147100863783954,-1.8498016476530386,1847491.6958677622,-1.3728553665348948,2.1337441233421224,-2.204798215455753,1214097.0623725448
173.55,0.88206623021584,-0.8497611214936277,3.4073240467142583,-1.7318273517094678,1952172.8650336727,-1.2633173113087905,2.2466654623724454,-2.1453835415246303,1346001.5199512518
173.6,0.9291495652174077,-0.6773185923750643,3.488409866916095,-1.606468157592472,2046192.1197826315,-1.1483038724802128,2.3526853073311274,-2.0774534376976206,1476034.1747551365
173.65,0.966606086956529,-0.5011262897715094,3.5571301989686273,-1.4677323767280384,2127604.5902473456,-1.028175601626991,2.4510975807789195,-1.9947816885835201,1602101.1601334058
173.7,1.00406260869567,-0.32182275548138195,3.6128243924960626,-1.325885364177052,2194750.21517204,-0.9033303983590275,2.541334495258162,-1.9073930070546976,1722234.9378104154
173.75,1.03428302158273,-0.14006946370869247,3.654986700010863,-1.1743524852914227,2246275.380896937,-0.7741861446126836,2.62293367580014,-1.8084691661954138,1834608.2847057157
173.8,1.05666431654677,0.043436938422171306,3.682816024514168,-1.0132273781245986,2280612.2024852675,-0.6411939423602974,2.6951202445647198,-1.6978582589070674,1936979.5020433587
173.85,1.0790456115107943,0.22796663417462665,3.695921387928598,-0.8510789773361676,2296872.276541375,-0.5048384409864962,2.7574499843583324,-1.5838840524972904,2027608.1109967383
173.9,1.09101760869565,0.4127764081485992,3.6938732732852526,-0.6782412005470508,2294327.333721963,-0.36562218518379264,2.809388012562091,-1.4566397938794426,2104709.601367354
173.95,1.09852847826087,0.5970922605148915,3.6761304228604472,-0.5014362177459785,2272339.4975514584,-0.22408444054339122,2.8502412565674247,-1.3226129188042612,2166366.7255037474
174.0,1.10603934782609,0.7801288802273381,3.642760699192501,-0.32591046759875186,2231272.8461011057,-0.08078591052508677,2.879826965973459,-1.1868252583511767,2211574.2277194397
174.05,1.1003970289855,0.9611037218854015,3.593522613091787,-0.13929330710009857,2171361.6320012184,0.06370151164109092,2.897612150934325,-1.0366955173444092,2238974.9805979324
174.1,1.0939151449275288,1.1392139784147772,3.5282623789840413,0.04529883348724839,2093211.650262872,0.20877016190506043,2.903093054973013,-0.8851449830224685,2247453.142888678
174.15,1.08519489208633,1.313671168706377,3.447481922271062,0.228476276620047,1998459.679309312,0.35380686871070116,2.896341385651119,-0.7313880233756287,2237011.579262785
174.2,1.06627762589927,1.4837060881195532,3.3513443211447087,0.41742846222028307,1888554.3837079657,0.4981953216883853,2.877055914821774,-0.5680823042108848,2207320.1965362546
174.25,1.04736035971223,1.648556145165881,3.240245394466469,0.6011957854536509,1765416.5735155912,0.6413016680801138,2.8451272059999027,-0.4060586916321163,2158599.6848855503
174.3,1.02390594202898,1.8074941051818283,3.114960876767355,0.7835881631528483,1631535.726337685,0.7825012295870074,2.800794127139711,-0.2414047124419726,2091852.7313654122
174.35,0.993645797101438,1.9598247716376809,2.9760341000070736,0.9661789745362429,1489248.6038931694,0.9211740650933056,2.7440446203070583,-0.0724717320081324,2007941.5675296288
174.4,0.963385652173913,2.1048842066178572,2.824311986383957,1.1414985544439442,1341271.6147033242,1.0567035629881714,2.6751707718564384,0.09331791081425833,1908410.3089586594
174.45,0.927113697841715,2.242058455356407,2.6607423660205742,1.314944757514692,1190411.311407092,1.188495684857849,2.594573267164755,0.2613819870161339,1795149.450316264
174.5,0.887460100719421,2.3707750162250396,2.4861690803445797,1.4833149155056184,1039328.214830345,1.3159705809306794,2.5025603069400324,0.42851048021125837,1670082.1572991437
174.55,0.847806503597104,2.490511150900779,2.30174322390121,1.6427046473036753,890851.1438728208,1.4385725072353073,2.3997967976584333,0.5907660036382033,1535739.9120137794
174.6,0.8015430362318524,2.6008021021260785,2.1084841391090787,1.7992590658942262,747535.930903143,1.5557803414166533,2.2868408957704753,0.7542373051848009,1394571.008684883
174.65,0.754203543478247,2.701228680125952,1.907370854771341,1.947025136647705,611732.6768158567,1.6670960241267605,2.1642518651898848,0.9128924806485135,1249062.9695941056
174.7,0.706339775362294,2.79142870371662,1.6996265597394487,2.0850889283543257,485733.8989618486,1.7720597196836683,2.0329148645999866,1.0657199443213743,1102064.7591230886
174.75,0.653757528985502,2.871098166839093,1.4862906387473396,2.2173406378535914,371448.7320790942,1.8702539268487648,1.8935638438068918,1.2164963978632628,956155.7414860616
174.8,0.601175282608681,2.9399817019850487,1.268387632179354,2.338806419376368,270517.51709249616,1.9612955091947208,1.7469765025607664,1.36012022658604,813847.1734665193
174.85,0.5475694460431388,2.997879500564591,1.0470355396541917,2.4503100545214522,184337.73284872505,2.0448467890522464,1.594100926129136,1.4972773430091075,677642.0700495384
174.9,0.491976640287767,3.044644154932743,0.8232139669914944,2.552667514644976,113950.66285772805,2.1206149109970527,1.4357826690544586,1.6286382707092857,549725.8327352387
174.95,0.436383834532363,3.080175691410528,0.5978759078845289,2.643791856878165,60105.40143580032,2.188348908784306,1.2728933277150325,1.751965074251943,432068.6463310531
175.0,0.379884101449286,3.104421892084266,0.3719425171386965,2.72453779063498,23261.7855186935,2.2478428653117124,1.1063187750789296,1.8679587638624264,326384.32855790487
175.05,0.322671782608696,3.117373817039736,0.14623730852975841,2.7947020344310403,3595.9013275525426,2.2989329849170277,0.936873173939603,1.9762612023083317,234061.69174604418
175.1,0.26545946376810553,3.1190625549247653,-0.07845637139636669,2.8536030911566597,1035.0178308031684,2.3414958012794354,0.7653612057839917,2.0760363375113298,156207.40675176686
175.15,0.209325431654679,3.109557973583464,-0.3013668883133813,2.9002325419287853,15271.526961343878,2.3754484210449363,0.5926041886478569,2.1661229893902574,93647.92650746262
175.2,0.153460971223004,3.0889675067498126,-0.5217830987477502,2.9355065355268084,45779.53853359593,2.4007483373469785,0.41937029244343704,2.2472873661239743,46899.05124909171
175.25,0.0976449036231832,3.0574315700911043,-0.7390887608323813,2.959786666467921,91851.14860774616,2.417388635635203,0.2463236464764483,2.3197437320120198,16180.090350254477
175.3,0.0442000847825934,3.0151210382977287,-0.9526536581299012,2.9709209535151353,152602.438793068,2.4253952827066767,0.07414758688511583,2.3811951979240833,1466.097237569547
175.35,-0.009244734057995613,2.962238311493955,-1.161895211976193,2.9714830455519503,226999.7189222109,2.424828258042747,-0.09654022580876187,2.4340729921007425,2485.3373864551286
175.4,-0.0615373697841769,2.8990121051228077,-1.3663042295183665,2.9605494749069847,313896.3175468991,2.415774710575633,-0.2652245425033155,2.47731208035981,18758.415452291472
175.45,-0.110550715107925,2.825698270414398,-1.5652926988391815,2.936248985522323,411986.0533168401,2.398349001938251,-0.43132052747013905,2.5088997170461758,49609.97264456506
175.5,-0.159564060431646,2.74258211643499,-1.7583262524301768,2.902146176866636,519864.6846235945,2.372694044809756,-0.5943360103758336,2.532258105241402,94196.07819452348
175.55,-0.206679347826091,2.64997297103512,-1.9449219235314412,2.8566523188612107,636056.5642040424,2.33897349912092,-0.7538682813846863,2.5456528469470108,151551.30284744015
175.6,-0.2517384057971239,2.5482063878773684,-2.124531238332883,2.7999447936744923,758957.815805972,2.2973727055745177,-0.9094736342215168,2.5491111113716416,220571.27769175827
175.65,-0.29679746376813,2.437644452189705,-2.2966657658420315,2.734441915957835,886925.188707828,2.248097384274632,-1.0608060614798092,2.544894848042762,300082.53335261456
175.7,-0.338124129496425,2.318673608012047,-2.460773827288552,2.656797737508472,1018203.9872155403,2.191369766665806,-1.2074806168492394,2.529493896162231,388802.51735109853
175.75,-0.377999309352523,2.191711006956546,-2.61624730681408,2.5697103163090693,1150930.1946453936,2.127433917613744,-1.349081330313108,2.505433226966267,485338.78287983604
175.8,-0.417874489208645,2.057200836312043,-2.7626053069321386,2.475075325520688,1283302.613914459,2.0565506186767104,-1.4853446635580863,2.4744251078853554,588333.0052161292
175.85,-0.4528475362318998,1.9156125558097878,-2.899240475045642,2.368460092041688,1413383.0327700644,1.9789947441373068,-1.615892341877682,2.4318422803692066,696295.482810384
175.9,-0.487507681159424,1.7674491283470117,-3.025538076133068,2.2549568095064356,1539205.622405214,1.8950629255432896,-1.7403492765774826,2.3825706067027137,807684.1611956713
175.95,-0.521097934782617,1.6132387345538808,-3.141039612031386,2.1343366693364976,1658968.8142357995,1.8050650606680456,-1.8584932901146356,2.3261629954506624,921065.9491736329
176.0,-0.549814239130432,1.4535354728106662,-3.245125970189607,2.003349711941098,1770738.8483895941,1.7093252802920036,-1.9699380417398495,2.2591395194224355,1034841.5702116889
176.05,-0.578530543478264,1.2889256356272247,-3.33724653904319,1.867456179105489,1872698.9976808727,1.6081885053177334,-2.074349554145764,2.1867190487959975,1147446.952742595
176.1,-0.6046577553956889,1.1200173788345682,-3.4169777059396504,1.724675134230257,1963250.3605123523,1.5020115410809098,-2.1714897536218403,2.106669296476599,1257431.4000225707
176.15,-0.627209553956838,0.9474432894474384,-3.4837879223027515,1.5746528434042764,2040773.535524,1.3911669229848704,-2.2609880088068093,2.0183764769417083,1363217.8069248481
176.2,-0.649761352517997,0.7718601555903233,-3.5373091345832828,1.4216215081083203,2103959.746581018,1.2760443883265546,-2.342589023093064,1.9258057408445517,1463392.8882976312
176.25,-0.668836289855076,0.5939390228491415,-3.5772367029477774,1.2627753127042176,2151724.928826047,1.1570437006454664,-2.4160508863129544,1.8258799905005425,1556613.8360676302
176.3,-0.68595549275363,0.4143685348165099,-3.603246881882418,1.10032402757014,2183129.1790410634,1.0345801241934547,-2.4810650210747984,1.7205356169470847,1641515.6370135709
176.35,-0.7030746956521814,0.23384785501125413,-3.6152516718900336,0.9369225506634355,2197700.2957514105,0.9090804185254412,-2.5374877918443017,1.6121551141776225,1717025.1450023656
176.4,-0.715749776978419,0.05307893866582705,-3.613128127763579,0.768828715644246,2195119.2622074247,0.7809784421555732,-2.5850867456284106,1.4967282191339923,1782046.26197965
176.45,-0.727818841726622,-0.12722834127226348,-3.5968137527310553,0.6005905004543586,2175340.7508594785,0.6507227052971897,-2.6236302270991274,1.3785415470238118,1835582.818279525
176.5,-0.739464405797101,-0.3063695068357467,-3.5665296990653825,0.43309489896135434,2138863.5775405667,0.5187667694957412,-2.6530950664541755,1.2582311752928423,1877043.5817715963
176.55,-0.747298463768117,-0.48365103830596967,-3.522435473010064,0.26364742546214737,2086303.504232481,0.38556679757604473,-2.673346623660628,1.1328652613441617,1905808.5787300481
176.6,-0.7551325217391323,-0.6583873827844196,-3.46480686207142,0.0967451389547127,2018596.2264696422,0.2515869363439228,-2.684311146009359,1.006719458083055,1921473.687624021
176.65,-0.761518623188406,-0.8299140899643409,-3.3941258213050585,-0.06839546677593489,1937078.7228034022,0.1172892270579736,-2.6860658687902896,0.8788078502463796,1923986.6270613691
176.7,-0.765093985507248,-0.9975895265495457,-3.310823882881713,-0.23249554104229764,1843162.195124631,-0.016865945123186843,-2.678601253471013,0.7482280403840612,1913307.913359062
176.75,-0.768669347826088,-1.1607957978655015,-3.2154857052667056,-0.3921264500394135,1738539.4976844415,-0.15041899152299015,-2.662024993531825,0.6182503563030979,1889700.5509834967
176.8,-0.769641071942446,-1.3189485220344344,-3.108777263646485,-0.5493074500919883,1625064.5234365046,-0.28291925087391034,-2.636499935020655,0.4867218210685357,1853635.175297045
176.85,-0.768727402877697,-1.471494591751787,-2.9913363513285427,-0.70276718887409,1504602.89340955,-0.4139217845049598,-2.602145440844118,0.3548056183727372,1805642.9054148875
176.9,-0.767813733812949,-1.6179168325667828,-2.8639783516364155,-0.8501030987538337,1379211.4601350261,-0.5429914410474629,-2.559251827373195,0.22482229276548615,1746605.3109101437
176.95,-0.762896507246374,-1.7577396346273726,-2.727455077752879,-0.9948431273809986,1250853.960587408,-0.6697083792785332,-2.5080452174169485,0.09318812796784082,1677410.883362141
177.0,-0.756978391304348,-1.890521824838498,-2.5825019133510048,-1.13354343353415,1121431.3667652854,-0.7936610275717398,-2.448744144824803,-0.03668263626739188,1599026.1031503347
177.05,-0.750841892086329,-2.015864810445032,-2.4300479447110237,-1.265022918358703,992935.5956202996,-0.9144551518413531,-2.3817857338873782,-0.16361325975502405,1512774.2085731833
177.1,-0.7394641942446,-2.133413877521031,-2.2708299323732968,-1.393949683276431,867082.8883721138,-1.0317162461060034,-2.307427695281898,-0.29225205186140346,1419792.6850543816
177.15,-0.728086496402878,-2.242847569839149,-2.1055968451241154,-1.5147610734362709,745490.0267738781,-1.1450796020285456,-2.2259711362092647,-0.4169931056256676,1321319.3331298039
177.2,-0.71522928985507,-2.343888441606813,-1.9352552802970788,-1.628659151751743,629749.6249851119,-1.2542034752742077,-2.137922107179644,-0.5389741854191378,1218856.2496979863
177.25,-0.698161173913044,-2.43629964783641,-1.7605056664447918,-1.7381384739233658,521154.20930046466,-1.3587672638198027,-2.0436010546043746,-0.6606060899067587,1113681.4054346967
177.3,-0.681093057971008,-2.5198780061415005,-1.5820937824834795,-1.8387849481704923,420877.62971594924,-1.4584659366629877,-1.9434213283364765,-0.7773728786919797,1007169.7225154974
177.35,-0.6614395755395526,-2.5944611354215543,-1.4008065784852652,-1.9330215598820017,329949.7021102896,-1.5530201285145546,-1.8378857524394867,-0.891580552975002,900753.0770720156
177.4,-0.6392007266187,-2.6599215541694923,-1.2172907389551169,-2.020720827550792,249160.98051587102,-1.6421717457216354,-1.7273842686823468,-1.0029710191029353,795695.0431176657
177.45,-0.616961877697833,-2.7161651354098844,-1.0322677810592487,-2.0992032577120514,179174.47484477249,-1.7256844641319788,-1.6124366114283897,-1.108722586434146,693320.4868999114
177.5,-0.591260304347826,-2.7631340457953057,-0.8463854238161477,-2.17187374144748,120455.80832071314,-1.8033492637831483,-1.4935201174284283,-1.2120889594353224,594827.2909769136
177.55,-0.564212115942024,-2.8007986917821035,-0.6602012058644682,-2.2365865758400796,73289.88189551784,-1.8749772523471258,-1.3710492678019994,-1.3107651364051018,501273.6252641064
177.6,-0.5371639275362199,-2.8291601140586846,-0.47437080838534207,-2.2919961865224647,37837.92455135917,-1.9404044032407004,-1.2455896404648987,-1.4032404757044805,413731.6139822602
177.65,-0.506508820143886,-2.848250461950557,-0.28941917204528345,-2.341741641806671,14084.647716211655,-1.9994938643725482,-1.1175878254961162,-1.492985044228662,333067.34605257004
177.7,-0.475703424460428,-2.858124740674772,-0.10582694032987536,-2.382421316214344,1883.1454936335008,-2.052127942974079,-0.9874694034537923,-1.576424518513651,260025.55273530362
177.75,-0.444307217391313,-2.858865112154225,0.07585104568182263,-2.4145578947629116,967.4188383249767,-2.0982145059493686,-0.8557708746710454,-1.6539072885580557,195291.67731606564
177.8,-0.410219536231879,-2.8505785585327112,0.25519654216813853,-2.4403590223008322,10950.676929176389,-2.137685348095808,-0.7228895004282229,-1.727465811863929,139351.79462116418
177.85,-0.37613185507244445,-2.833391132680321,0.4318046099019771,-2.4572592776078768,31352.05009363942,-2.1704904215851175,-0.5892235322843307,-1.7943585665126731,92582.49893269966
177.9,-0.341024913043468,-2.8074509784823465,0.6052426356535707,-2.4664260654388785,61595.70396029084,-2.1966020031572997,-0.4552133247549473,-1.8555770901138318,55258.4456091875
177.95,-0.304510420289838,-2.7729255703505173,0.7751611839322516,-2.4684151500606792,101035.83385869712,-2.2160118982990595,-0.32120954927863044,-1.9115014780092214,27513.48654607491
178.0,-0.267995927536228,-2.729999580045388,0.9411990053532688,-2.46200365250916,148954.73543118592,-2.228729208774586,-0.18757843727171525,-1.960733281238358,9382.845367813017
178.05,-0.230660776978407,-2.678876390586733,1.1029957757278794,-2.448215613608326,204568.6568576616,-2.2347820281044175,-0.05468239625430393,-2.0041212511260107,797.3771893633901
178.1,-0.19290286330933695,-2.6197761652673965,1.2602247793178094,-2.4268733019580595,267046.8286552623,-2.234215052726819,0.07715939479736386,-2.041312189417482,1587.6192547987898
178.15,-0.155144949640288,-2.5529357920757283,1.4125428580794719,-2.39779084243544,335501.6517782983,-2.2270891777917496,0.20761776955085792,-2.0719442281514615,11494.70352887284
178.2,-0.116493115942022,-2.478608992212638,1.5596358801308499,-2.3621158762706163,409013.67727721325,-2.2134811581393805,0.3364048796286845,-2.0969880421973586,30178.19814346392
178.25,-0.0777193840579784,-2.3970643291807514,1.7012030660841955,-2.319344945122773,486635.4119615288,-2.193480974006745,0.463256646178638,-2.1157615899487667,57228.45872764795
178.3,-0.038995921582733,-2.3085862890969198,1.8369157393592745,-2.2695903675141866,567374.5693234145,-2.1671925082561367,0.5878892132277561,-2.1281965866734036,92163.66054121336
178.35,-0.0006411014388342032,-2.2134760236465563,1.9664340952848114,-2.212834922207722,650204.8231573534,-2.134733823512963,0.7100172415900764,-2.134092722074129,134433.19556138158
178.4,0.0377137187050426,-2.112051633552716,2.089429147915675,-2.149765352257759,734085.5801077563,-2.0962369793262576,0.829375231147234,-2.1339506980313003,183430.20641080744
178.45,0.0758682094203077,-2.004647062989774,2.2055890581509225,-2.0805152724100817,817976.0587320271,-2.051846531669048,0.945721056491305,-2.1277147410893558,238503.55111760806
178.5,0.113633825362322,-1.8916119256871473,2.314599378775925,-2.0052457510494692,900830.4540954751,-2.0017191311892133,1.058813167275297,-2.1153529565515354,298956.08618547895
178.55,0.151399441304359,-1.7733111697558817,2.4161694937592144,-1.9247106110602408,981626.3070367017,-1.9460231028966881,1.1684336824076391,-2.0974225442010472,364063.2720492469
178.6,0.1881655869565386,-1.6501239894264144,2.510001419345298,-1.838289576382953,1059349.655011509,-1.8849374548130713,1.274354403317242,-2.0731030417696097,433061.1054010784
178.65,0.224207978260873,-1.5224451730063677,2.5957873737359485,-1.7466531512672407,1132999.26109838,-1.8186534083058223,1.3763319919467882,-2.0428613865666954,505143.9338816571
178.7,0.260250369565228,-1.3906834395681544,2.6732849254559596,-1.6509338091333825,1201660.8004356066,-1.7473731744608354,1.474175898276432,-2.0076235440260635,579518.5544157667
178.75,0.294184402877694,-1.2552594983411558,2.7422162681070112,-1.54944390121885,1264430.0286913197,-1.6713086965778603,1.5676485805370897,-1.9654930994555544,655339.2192159873
178.8,0.327655625899282,-1.116609142746605,2.802310798884648,-1.444264768645887,1320456.18799714,-1.5906852983383668,1.6565035886263362,-1.9183409242376488,731734.4371018481
178.85,0.3610253913043526,-0.9751782870207564,2.8534162426075893,-1.336203678325109,1369057.388842056,-1.5057379206118835,1.7405847357978677,-1.8667633119162361,807902.7259980087
178.9,0.391960173913044,-0.8314208795313085,2.8953230891937256,-1.2233810534443526,1409566.1530260276,-1.4167102928439004,1.8196589680041328,-1.8086704667569444,882975.6692900977
178.95,0.422894956521752,-0.685802166860445,2.9278618112795645,-1.1086971233821972,1441426.644306202,-1.323859170874347,1.8935054158994387,-1.7467541273960991,956096.7360108016
179.0,0.452752474820149,-0.5387920563475636,2.9509623355203676,-0.9915445311677126,1464261.7854613562,-1.2274495179149005,1.9619669837965463,-1.6802019927350496,1026483.8521353914
179.05,0.479839884892095,-0.3908659420754572,2.964465791418475,-0.8707058269675523,1477693.2233389693,-1.1277567117867573,2.0247754955186754,-1.6075965966788524,1093257.5486007726
179.1,0.5069272949640409,-0.24250654338690092,2.9683088577557477,-0.7494338383509418,1481527.002822024,-1.0250696940486048,2.081721786259142,-1.5319969890126457,1155617.4921029212
179.15,0.532100166666669,-0.09419573074355289,2.9625151812138433,-0.626295897410222,1475749.227100332,-0.9196849234814252,2.1326462163609947,-1.4517850901480942,1212847.9691090311
179.2,0.555358500000007,0.05358400371419286,2.947067094927912,-0.5017744962858142,1460398.7151032486,-0.8119092605236511,2.1773211005587485,-1.367267760523658,1264193.913316896
179.25,0.578616833333331,0.20035212930686674,2.922091826697065,-0.3782647040264643,1435750.9568472386,-0.7020590282669608,2.2156248826090152,-1.2806758616002918,1309064.9654496568
179.3,0.598346812949644,0.34563601346764605,2.8876901227861946,-0.2527107994819979,1402143.8457295587,-0.5904558969046838,2.247383278706581,-1.1888027098543277,1346861.7603759847
179.35,0.616837100719435,0.48896555638523304,2.843957044826075,-0.12787154433420195,1359995.4656551944,-0.47743322829133383,2.2723920708866014,-1.0942703290107687,1377004.1930208795
179.4,0.635327388489216,0.6298814581121358,2.791211757265297,-0.005445930377080188,1310017.1069587122,-0.3633294602782504,2.2906366150010853,-0.9986568487674664,1399204.2938623014
179.45,0.649049260869573,0.7679397045074914,2.7296483373028058,0.11889044363791834,1252866.4963588128,-0.24848490238792362,2.3019633015087377,-0.8975341632574967,1413076.0110648023
179.5,0.662572449275365,0.9027031612684322,2.6594998963264747,0.24013071199306724,1189299.8136043672,-0.13325063860129904,2.306241403541576,-0.795823087876664,1418333.1763758452
179.55,0.674989985507249,1.0337541139561663,2.581219088215315,0.35876412844891736,1120317.5298038905,-0.017977101094593093,2.30354100759713,-0.692967086601842,1415013.6463150936
179.6,0.682984913043483,1.1606941830020219,2.4950875102230428,0.4777092699585389,1046798.1823028849,0.0969853883659572,2.293758236001596,-0.5859995246775258,1403020.492060041
179.65,0.690979840579712,1.2831381548911904,2.401474886633992,0.5921583143114785,969722.5483690212,0.21128034716855895,2.2768745174298646,-0.47969949341115303,1382442.0181657278
179.7,0.696433705035972,1.4007250610754716,2.300867095847677,0.7042913560394995,890173.0915799877,0.3245561091608026,2.2529886478161534,-0.37187759587516944,1353588.7592502558
179.75,0.698653489208633,1.5131141165138169,2.193615706858796,0.8144606273051839,809119.1677894638,0.43646200271579794,2.222071987356619,-0.2621914864928351,1316694.3778653317
179.8,0.700873273381295,1.6199841017354402,2.080213046515865,0.9191108283541451,727624.0194047925,0.546648209095513,2.1842507439811096,-0.15422506428578198,1272253.6833552083
179.85,0.6992163695652148,1.721040772182932,1.9611322829246511,1.021824402617717,646703.4428708482,0.6547739976382385,2.139646515877943,-0.04444237192697631,1220823.2567756323
179.9,0.695562384057971,1.8160091996562775,1.8367640859452603,1.1204468155983065,567280.8897530718,0.7605007226871616,2.0883155685247483,0.06493833862919063,1162949.8436647581
179.95,0.691908398550724,1.9046387148848132,1.707687786928368,1.2127303163340892,490352.4394825455,0.8634980198017623,2.0305337358721935,0.17158962125103838,1099484.60067069
180.0,0.683051920863311,1.9867066997829226,1.5743352452203672,1.3036547789196116,416759.8105149533,0.9634489665311095,1.9664460100526289,0.28039704566779844,1031175.9761205078
180.05,0.673617388489206,2.062007807973109,1.4371164031684303,1.3883904194839027,347276.41393455025,1.0600399998483565,1.8962021325718053,0.38642261135915046,958822.0073519633
180.1,0.6634843478260751,2.1303641112205027,1.2966431634829338,1.4668797633944277,282704.2546018065,1.1529731233418872,1.820195751607632,0.48948877551581205,883496.6864454593
180.15,0.648228913043475,2.19162453497692,1.1533143547143687,1.543395621933445,223659.2119583024,1.2419667285342753,1.7386199970002876,0.5937378154908003,806079.8650584748
180.2,0.632973478260864,2.2456550595221065,1.007555084310516,1.6126815812612425,170698.22028515176,1.3267464976929317,1.6517270093073049,0.6937730194320677,727520.5635400676
180.25,0.61577052173913,2.292348756700183,0.8599173826645246,1.676578234961053,124338.27885935358,1.407057781826929,1.559935446835067,0.7912872600877989,648906.2928780054
180.3,0.595105304347822,2.3316219033346735,0.7107847732934591,1.7365165989868514,84950.8300278873,1.4826627750591532,1.4635081153570066,0.8875574707113312,571161.6009908847
180.35,0.5744400869565006,2.363409875392398,0.5606086984155012,1.7889697884358973,52845.87088673965,1.5533374273796028,1.3628101518290945,0.9788973404231022,495267.06931425055
180.4,0.550812920863307,2.3876729203490927,0.4098397395546117,1.8368599994857857,28243.565984905224,1.61887909669755,1.2582301771180224,1.068066175834243,422171.5142961201
180.45,0.525211122302147,2.4043897469163187,0.25882270038051897,1.8791786246141717,11264.090300805658,1.6791006864122116,1.150063899583043,1.1538895641100646,352705.8594997749
180.5,0.499609323741001,2.413558556752488,0.10800542065785845,1.9139492330114871,1961.4737518156528,1.7338329016561373,1.0387411844556214,1.2342235779151363,287728.86620913795
180.55,0.470275935251785,2.4151994797925838,-0.04226216364366028,1.9449235445407989,300.32732647693115,1.7829278556038255,0.924600792555734,1.3126519203520406,227969.76682525108
180.6,0.4401234172661517,2.409346478936337,-0.191683423522847,1.9692230616701853,6178.179330645282,1.826250975007339,0.8079387308598374,1.3861275577411873,174070.66475290793
180.65,0.409796898550718,2.396052355404277,-0.33983355482698774,1.9862554568535593,19418.868118439095,1.863687182063978,0.6892023974774513,1.4538902835132599,126666.6519169778
180.7,0.375294362318828,2.37538878966498,-0.4864451506638876,2.000094427346152,39788.64522352869,1.895141375140933,0.5686749806258926,1.5198470128221049,86237.66229062916
180.75,0.340791826086957,2.347437883687196,-0.6312558337052688,2.006646057600239,67004.22752083231,1.920529608244483,0.44664177683834394,1.579737782157526,53197.03381795015
180.8,0.305289405797094,2.312299573121547,-0.7738860378525008,2.007010167324453,100703.69782691663,1.9397873794677845,0.3235168553771308,1.6344979736706904,27910.174856828635
180.85,0.2672158550724273,2.2700900073004107,-0.9140739712544053,2.0028741522279834,140492.80389961865,1.9528679095500259,0.19958781187782287,1.6856520544775986,10622.745240047258
180.9,0.229142304347826,2.2209377981522422,-1.0515261251398835,1.9917954938044162,185922.31988601043,1.9597381317959544,0.07517545195208365,1.7305958274481283,1507.026286986677
180.95,0.189745797122291,2.16498858092427,-1.1859086423942287,1.975242783801979,236479.69872090165,1.9603834154452886,-0.049360718406694246,1.7706376183229975,649.7281390999905
181.0,0.149128099280573,2.102402671727336,-1.3169485140460704,1.953274572446763,291627.84496284346,1.9548048772714453,-0.17372941748418746,1.8056767779908722,8048.509466505361
181.05,0.108510401438831,2.033354750264771,-1.4443289286965486,1.92484434882594,350770.9469105996,1.9430188226095237,-0.29759903985892205,1.8345084211706928,23617.383606653944
181.1,0.0660631195651643,1.9580354480898874,-1.5677710164794423,1.8919723285247232,413291.6757107877,1.9250581022483129,-0.4206825777560079,1.8589949826831487,47193.02166065058
181.15,0.022973010869553,1.876647316774641,-1.6870349638677182,1.853674305905088,478563.4893499291,1.9009677531918006,-0.5427366773865205,1.8779947423222476,78550.1602614827
181.2,-0.0201170978261074,1.789406675051224,-1.801817544304224,1.8095237728773315,545899.9041155449,1.8708066713995715,-0.6634585091615733,1.8909237692256788,117380.58490103934
181.25,-0.0642367697841754,1.6965448308393223,-1.9118460558915793,1.7607816006234978,614606.6206587707,1.8346486033363807,-0.7825800293241705,1.8988853731205562,163315.06727920522
181.3,-0.10837745323742,1.5983056434010199,-2.016862183807044,1.7066830966384399,683980.6906751028,1.7925795600378984,-0.8998498317309923,1.9009570132753184,215927.9252443454
181.35,-0.1526494202898974,1.4949469024563897,-2.1165829415984065,1.647596322746287,753289.6123253967,1.7446990766143826,-1.0149938761879782,1.89734849690428,274723.3516530925
181.4,-0.19744652173913,1.386739764494691,-2.210760771852226,1.584186286233821,821816.5726023522,1.6911196256986223,-1.1277721589969196,1.8885661474377522,339165.3446956196
181.45,-0.242243623188414,1.273967239865354,-2.299155689775737,1.516210863053768,888849.3462323428,1.6319652376225031,-1.2379491723580018,1.874208860810917,408671.50755782984
181.5,-0.286884014492745,1.1569248817358022,-2.381511404189565,1.4438088962285471,953666.9375073621,1.5673723413838339,-1.345269451123347,1.8542563558765788,482599.9723001897
181.55,-0.331324956521739,1.0359209643432907,-2.4575772416152994,1.3672459208650296,1015560.3779264997,1.4974901967376981,-1.4494766420085963,1.8288151532594372,560262.0095276044
181.6,-0.3757658985507575,0.911275815708023,-2.527125695893916,1.2870417142587804,1073853.6131936307,1.4224806324954171,-1.5503276336777976,1.7982465310461746,640937.539132
181.65,-0.418925402877695,0.7833213677220531,-2.5898980443430113,1.2022467705997482,1127863.9896158802,1.3425181041891396,-1.6475396262762096,1.7614435070668346,723836.4853734274
181.7,-0.461481877697854,0.6524034012490849,-2.6456294629745645,1.113885278946939,1176926.745500666,1.2577923447234693,-1.7408124024561522,1.7192742224213233,808114.0854787094
181.75,-0.504038352517989,0.518878828460213,-2.6941391163157493,1.022917180978202,1220482.145042935,1.1685064807241239,-1.829909507891346,1.672544833242113,892951.6818856397
181.8,-0.544432260869577,0.3831136623783826,-2.7352013283849486,0.9275459232479596,1257969.1558801297,1.0748759214532662,-1.9145365734242372,1.6193081823228432,977453.4109277386
181.85,-0.5845858840580125,0.245486269442813,-2.768612204196453,0.8300721535008255,1288889.4037814755,0.9771322008401078,-1.9944026085880815,1.5617180848981203,1060704.4707047853
181.9,-0.624177640287773,0.10638156686224115,-2.7942788109551593,0.7305592071500142,1312897.648194651,0.8755184923843135,-2.0693004692438652,1.4996961326720863,1141867.8485367685
181.95,-0.660317928057563,-0.033809012026042695,-2.8119929019218546,0.6265089160315203,1329596.4153231406,0.7702905549614025,-2.1388962653828614,1.4306084830189656,1219967.262418334
182.0,-0.696458215827332,-0.1746828079941297,-2.821615461087084,0.5217754078332023,1338711.6664462467,0.6617220750497959,-2.202901355654183,1.3581802908771279,1294073.1687314769
182.05,-0.731025956521742,-0.31583552209624044,-2.8231392504070123,0.4151904344255015,1340157.9764676814,0.5500967395059218,-2.2611291685020736,1.2811226960276638,1363388.031106901
182.1,-0.762798057971047,-0.4568600278883756,-2.816464135137435,0.30593803008267145,1333828.0490866385,0.43571036997048906,-2.313286273517503,1.1985084279415361,1427011.5688651989
182.15,-0.794570159420299,-0.5973455687946725,-2.8016101019531168,0.19722459062562647,1319795.9300950642,0.31887263683928724,-2.3591736853688343,1.1134427962595863,1484186.7940631383
182.2,-0.822776697841741,-0.7368850517647659,-2.7786000635024446,0.08589164607697508,1298205.5993360379,0.19990110968063657,-2.398576586758281,1.0226778075223777,1534178.5713453349
182.25,-0.848606194244608,-0.8750687486930977,-2.7473834229296807,-0.02646255444848966,1269199.6461246586,0.07912809462996165,-2.4311944317436476,0.9277342888745697,1576188.3639843515
182.3,-0.874435690647489,-1.0114893257848387,-2.7081252687312536,-0.1370536351373497,1233186.8764112256,-0.043103425578105425,-2.456919555386341,0.8313322650693836,1609720.987103951
182.35,-0.8951287753623391,-1.1457483284688457,-2.6608932307113213,-0.2506195531065065,1190546.308412497,-0.1664453770506193,-2.4755378592934068,0.7286833983117198,1634210.0514119954
182.4,-0.914694355072466,-1.2774466163447185,-2.6057417223999275,-0.36275226127225246,1141705.5941363752,-0.29053481885278776,-2.486814617980603,0.6241595362196782,1649132.5184538702
182.45,-0.933816956521743,-1.4061958231231284,-2.5429917749861364,-0.4723788666013854,1087379.9137101907,-0.41500480257382255,-2.490771196151362,0.5188121539479205,1654384.3070872764
182.5,-0.94599956521739,-1.5316203314460142,-2.4727170251401853,-0.5856207662286241,1028111.5389676943,-0.5394861149287399,-2.487181139679388,0.40651345028865016,1649618.6724204961
182.55,-0.958182173913045,-1.6533443738666982,-2.39505520123299,-0.6951621999536531,964544.9028430961,-0.6635944288902937,-2.4758840472539894,0.2945877450227513,1634667.150785812
182.6,-0.9679832733812984,-1.7710092392600028,-2.310398764039699,-0.8030259658787043,897563.7047734598,-0.7869476859539233,-2.45697941187823,0.18103558742737513,1609799.4214382651
182.65,-0.972227517985612,-1.8842702868975345,-2.218906971316555,-0.9120427689119225,827884.1816106205,-0.909163371628817,-2.430337796575801,0.06306414635679503,1575077.8147906454
182.7,-0.97647176258993,-1.9927911358394208,-2.120888563204558,-1.0163193732494908,756357.461792656,-1.029853073005054,-2.395994797824534,-0.05338131041512395,1530877.6189872613
182.75,-0.976552971014492,-2.0962570260079314,-2.016744834089754,-1.1197040549934394,683901.0991132725,-1.1486368586907933,-2.354094807591207,-0.17208388767630134,1477803.2968341021
182.8,-0.972791376811593,-2.1943676225453084,-1.9067226841759273,-1.2215762457337154,611316.9844390617,-1.2651365819268228,-2.304638896987414,-0.29234520511522977,1416362.7854686305
182.85,-0.9690297826086886,-2.286839014586085,-1.7912841091783018,-1.3178092319773964,539535.8930761208,-1.3789789138040554,-2.2478744138845115,-0.4099491311953668,1347450.5014924365
182.9,-0.959393834532372,-2.3734120881832763,-1.6708097494878342,-1.4140182536509043,469402.4985494878,-1.489805211399937,-2.1839833837497906,-0.5304113768675649,1271942.2454653827
182.95,-0.947902827338126,-2.4538412187990812,-1.5456090870983563,-1.5059383914609552,401689.72255273536,-1.5972606392713096,-2.113096800695637,-0.6493578119331835,1190714.1570960367
183.0,-0.936411820143886,-2.5279038616535643,-1.4162595446695323,-1.5914920415096783,337269.5202404549,-1.7010056880074642,-2.0356585058593284,-0.7645938678635782,1105041.480660649
183.05,-0.917878369565216,-2.5954037388639666,-1.2831040773970575,-1.6775253692987506,276831.2829895497,-1.800720857603574,-1.9518838366597955,-0.8828424880383581,1015960.1364836703
183.1,-0.8992011956521576,-2.656156495484293,-1.1464809702675118,-1.7569552998321352,221016.70319010562,-1.896092431822543,-1.8620107810580455,-0.9968912361703853,924555.7730070382
183.15,-0.879165282608697,-2.710003668788672,-1.0069666287425394,-1.830838386179975,170498.88828502197,-1.9868289998991762,-1.7665615336517775,-1.107663717290479,832197.2405808321
183.2,-0.854312021739122,-2.7568110347139823,-0.8649241374973223,-1.9024990129748602,125790.38017522654,-2.072660849044349,-1.6658486279371263,-1.218348827305227,740013.773653335
183.25,-0.829458760869561,-2.7964608416694055,-0.7207656464205285,-1.9670020807998445,87353.3476345191,-2.1533326457217172,-1.5602620402302536,-1.3238738848521563,649178.0357822597
183.3,-0.802191007194231,-2.828860658498615,-0.5749894947064393,-2.026669651304384,55591.861337230795,-2.2286142254293178,-1.4503054713630745,-1.4264232182350867,560902.922737512
183.35,-0.7720888489208279,-2.8539389663979264,-0.427962711666911,-2.0818501174770985,30796.63434918867,-2.2982966431296914,-1.3363555567331087,-1.5262077942088634,476225.6464030552
183.4,-0.741986690647476,-2.8716436613175924,-0.28013825216395727,-2.1296569706701165,13195.815195516587,-2.3621913372549197,-1.2188978563837956,-1.6202046466074438,396189.8624792032
183.45,-0.708630623188393,-2.8819465168267167,-0.1319361393004422,-2.173315893638324,2926.9744988596226,-2.4201356330276873,-1.0983917880322245,-1.7115050098392943,321723.8720044339
183.5,-0.673743304347826,-2.88483675911071,0.016298388407241404,-2.2110934547628838,44.66637645540644,-2.471986168213211,-0.9752236619324219,-1.7982428638653851,253616.31754476877
183.55,-0.63885598550724,-2.880323818338165,0.1641062182724975,-2.241467832830925,4528.365473439025,-2.5176222365316367,-0.8499080296422249,-1.8787662510243968,192624.9756934211
183.6,-0.6004404820143531,-2.8684393140646156,0.31112486382320664,-2.2679988320502624,16276.49294986587,-2.556948043203978,-0.7228555210780103,-1.9565075611896248,139338.69449412316
183.65,-0.561718179856118,-2.849230100999412,0.4570192335511722,-2.287511921143294,35120.47254090624,-2.5898852302482855,-0.5944474342062921,-2.0281670503921676,94231.4005425184
183.7,-0.522464869565212,-2.8227633799556595,0.6013561844388959,-2.3002985103904474,60807.19340345587,-2.616378251309717,-0.4651650296718267,-2.093913381744505,57700.93462122438
183.75,-0.479949652173915,-2.78912546034658,0.7438362241561748,-2.309175808172665,93034.93187272889,-2.63639275151966,-0.3353419622044813,-2.1564430993457453,29987.79509737381
183.8,-0.437434434782594,-2.7484158026416248,0.8841555919558717,-2.3109813678590307,131446.4287793567,-2.649909014988731,-0.2053104848962421,-2.212474580206137,11240.638722221349
183.85,-0.3939380935251254,-2.7007521718429555,1.0219406566767104,-2.30681407831783,175607.37461949507,-2.6569269437815164,-0.0754653745582099,-2.262988850256391,1518.6727352562439
183.9,-0.348840971223011,-2.646268926331691,1.15689618863352,-2.29742795510868,225050.60043329347,-2.657463750287091,0.053889937577378366,-2.30862277906408,774.4334325583299
183.95,-0.303743848920846,-2.585115055781865,1.2887033603009734,-2.281371206861019,279252.6591045819,-2.6515514203191075,0.1824392552928438,-2.3478075713982616,8875.755165815315
184.0,-0.257312391304348,-2.517456352117234,1.4170464501175113,-2.2601439608128864,337644.4133238347,-2.6392383026283093,0.3098817372513893,-2.381925911323961,25607.11762185042
184.05,-0.209991376811585,-2.443472680353822,1.5416548867303743,-2.233481303542237,399637.0303501576,-2.6205858093002967,0.43597218640769575,-2.4105944324887116,50685.79928562843
184.1,-0.162670362318796,-2.363358357928617,1.662215107729662,-2.2006879956098206,464585.7083885828,-2.5956682492628977,0.5604344054294481,-2.4329978869441016,83756.45941041574
184.15,-0.115299528057555,-2.2773243012967774,1.7783888301730018,-2.1620247732392226,531795.7218982648,-2.5645743377468,0.6829800093463025,-2.4492748096892454,124389.78484444681
184.2,-0.0679192043165407,-2.185598112523976,1.889845709277032,-2.117678908207435,600542.9780752352,-2.527406722190802,0.8033385936157855,-2.459487517874261,172094.1055980235
184.25,-0.0205903152174039,-2.0884238100728294,1.996259289843476,-2.0678334948554253,670077.9017786079,-2.4842812584280365,0.9212517207754928,-2.4636909432106324,226321.26214181507
184.3,0.0259327644927593,-1.9860621048757499,2.0972792078091893,-2.0119948693685092,739611.9134157299,-2.435326896303085,1.03644546807867,-2.4612596607958444,286458.45554688363
184.35,0.0724558442029486,-1.878791428912567,2.192568546202937,-1.9512472731155155,808346.8579228215,-2.38068634334535,1.1486626213061348,-2.4531421875482984,351846.88468956825
184.4,0.118089717391317,-1.7669062425491837,2.2818003445545223,-1.8849959599405006,875480.9048589127,-2.3205143815388007,1.2576563380398096,-2.4386040989301176,421786.52389645437
184.45,0.161648775362339,-1.6507190074632538,2.3645775831270006,-1.8123677828255929,940152.9896622995,-2.254979623788466,1.363116709319668,-2.4166283991508046,495489.91019372817
184.5,0.205207833333337,-1.530561758627288,2.440560820842245,-1.7357695919606249,1001545.4575833882,-2.1842659841928853,1.464782034257816,-2.3894738175262225,572156.3754358576
184.55,0.245887179856125,-1.4067820708931558,2.50939794404011,-1.6526692507492808,1058840.321032991,-2.1085693606825253,1.5623724611800138,-2.35445654053865,650935.3886543184
184.6,0.2841134388489587,-1.2797483174456925,2.570656692528205,-1.563861756294651,1111167.5694709811,-2.0281026591293356,1.655529068416728,-2.312216097978294,730873.7323660693
184.65,0.322339697841727,-1.1498473850212576,2.624059403653962,-1.4721870828629846,1157813.796139599,-1.9430943166703416,1.744015173509286,-2.265434014512069,811090.3801148332
184.7,0.355399202898557,-1.0174795037863549,2.6692375216545825,-1.372878706684912,1198024.8807104868,-1.8537845590441078,1.8274976037136867,-2.209183761942665,890599.3310878046
184.75,0.386827101449269,-0.8830675486346707,2.705783874262678,-1.2698946500839399,1231055.417591044,-1.7604343909386777,1.9055911347476704,-2.1472614923879467,968340.6860877104
184.8,0.418255,-0.7470473145953245,2.733561525729209,-1.1653023145953245,1256461.257509391,-1.6633181654914329,1.978122536013953,-2.0815731654914327,1043458.3379963394
184.85,0.4409373741007408,-0.6098647216627302,2.7521429589339634,-1.050802095763471,1273600.9494665617,-1.562722412415247,2.044638635044163,-2.0036597865159878,1114812.5727774021
184.9,0.463619748201442,-0.47199273385690865,2.761144982421542,-0.9356124820583507,1281946.2544339716,-1.4589619142584742,2.104699141710387,-1.9225816624599161,1181268.9272310508
184.95,0.484286862318847,-0.33391035068428676,2.760542897808103,-0.8181972130031337,1281387.2428878727,-1.352362716753367,2.1581477580234902,-1.836649579072214,1242027.1321231513
185.0,0.497808963768117,-0.19610381999674054,2.7500220913752886,-0.6939127837648575,1271638.7707604447,-1.243264748010979,2.2045412479008695,-1.7410737117790962,1296000.563652353
185.05,0.511331065217395,-0.05907623651962088,2.7294194307299446,-0.5704073017370159,1252656.3759949347,-1.1320318433892123,2.2435412532625585,-1.6433629086066073,1342260.6280242484
185.1,0.5205160000000043,0.07667045706564352,2.6987608663424347,-0.4438455429343608,1224673.1696780482,-1.019037219461654,2.274947309612806,-1.5395532194616584,1380102.7364038785
185.15,0.52460947826087,0.2106295164102202,2.6578865668285188,-0.3139799618506498,1187857.3239885066,-0.9046703297041668,2.298362494753914,-1.4292798079650368,1408658.7086110495
185.2,0.52870295652174,0.3422907023681082,2.606911599162082,-0.18641225415363183,1142730.9871451107,-0.7893370610425617,2.3136145047022483,-1.318040017564302,1427416.5536983013
185.25,0.526577294964029,0.4711542767571122,2.5459570272086998,-0.05542301820691686,1089917.268030802,-0.6734481706064017,2.32051166644294,-1.2000254655704308,1435939.8384260777
185.3,0.521786287769784,0.5967209598367914,2.475079797373563,0.07493467206700744,1030077.2746052787,-0.5574297013431284,2.31878313404361,-1.0792159891129125,1433801.392726695
185.35,0.5169952805755321,0.718503876629718,2.3947032529069063,0.20150859605418592,964261.4479802481,-0.44171267783646295,2.308487968422906,-0.9587079584119951,1421097.786760884
185.4,0.504981666666667,0.8360371567488083,2.305082893937246,0.3310554900821413,893438.1459400756,-0.32672560594786504,2.2895136942898735,-0.831707272614532,1397832.7883575638
185.45,0.492339999999995,0.9488627686048743,2.206501523626416,0.4565227686048793,818653.0019735728,-0.21290752020349513,2.26176928417872,-0.7052475202034901,1364160.0786278183
185.5,0.478699129496399,1.0565484539187306,2.0995911242211713,0.5778493244223317,741243.4209160566,-0.10069072996738894,2.225504077965983,-0.579389859463788,1320764.9069448586
185.55,0.459812438848914,1.158690436402175,1.9847963881516508,0.6988779975532611,662404.56579198,0.009502007632735107,2.180788605185946,-0.45031043121617886,1268223.7174690303
185.6,0.4409257482014172,1.2549054649418419,1.8626451216929798,0.8139797167404246,583380.1314751463,0.11725002065481951,2.127788388022398,-0.3236757275465977,1207328.913120788
185.65,0.420196644927534,1.3448442048546938,1.7338500677763247,0.9246475599271597,505492.21897033544,0.22214887812613904,2.066871809294354,-0.19804776680139496,1139189.0869481913
185.7,0.396461499999993,1.4281894586150445,1.5989948043432642,1.0317279586150516,429917.8730893643,0.3238095354697367,1.998296928524293,-0.0726519645302563,1064850.8305465665
185.75,0.372726355072466,1.5046540235291372,1.4587595541599705,1.1319276684566713,357815.2303657076,0.4218573023082214,1.9224469839968843,0.049130947235755396,985547.3083409913
185.8,0.347157237410067,1.5739879974020514,1.3138789434813873,1.2268307599919845,290269.96499062097,0.5159407597368242,1.8397896493864354,0.1687835223267572,902620.2543971902
185.85,0.3204640719424158,1.6359757941492055,1.1650301634497093,1.3155117222067898,228226.32376140574,0.6057300956060916,1.7507627728039332,0.2852660236636758,817378.7431029645
185.9,0.293770906474811,1.6904374206691457,1.0129646285917375,1.3966665141943346,172536.09188792738,0.6909200043837429,1.6559142859336418,0.3971490979089319,731213.899295766
185.95,0.265191130434766,1.7372303490118377,0.8583835249991945,1.4720392185770717,123895.10342818938,0.7712332399891031,1.5557691713081498,0.506042109554337,645444.7238380926
186.0,0.236251999999995,1.7762450118079238,0.7019552424048862,1.5399930118079288,82853.38169150127,0.846417316875117,1.4508477170135767,0.610165316875122,561322.4261236021
186.05,0.207223536231873,1.807407246860266,0.544407643256605,1.600183710628393,49835.61512245383,0.9162486319256873,1.3417630784790715,0.7090250956938142,480087.50900523603
186.1,0.1771677391304009,1.8306783764020367,0.38641426496231124,1.6535106372716357,25107.166143852395,0.9805339192807818,1.22909558093412,0.8033661801503809,402846.9192191419
186.15,0.14711194202898,1.8460521384130533,0.22862666051724298,1.6989401963840733,8789.114877498794,1.0391081653063379,1.113425568673434,0.8919962232773578,330591.06586020265
186.2,0.117022500719413,1.853555607159373,0.0717106093768706,1.73653310643996,864.6855898324891,1.091836731203602,0.9953695002848006,0.9748142304841889,264202.784559257
186.25,0.0868615654676273,1.8532482845554445,-0.08370284491040161,1.7663867190878173,1178.0719991515678,1.138615305582808,0.8755231780517021,1.0517537401151809,204410.88941486733
186.3,0.056700630215824,1.8452204044979357,-0.23701407794945456,1.7885197742821117,9445.820330619857,1.1793688385413437,0.7544622646001796,1.1226682083255197,151790.21565483508
186.35,0.0267321934782354,1.8295915792008473,-0.3876459994464353,1.8028593857226118,25267.484506832403,1.2140506948540468,0.632748890771247,1.1873185013758114,106765.64233926493
186.4,-0.0030722630434753,1.8065096704933812,-0.535048874515424,1.8095819335368566,48136.920687000005,1.2426418990064203,0.5109234103487759,1.2457141620498957,69611.39499797963
186.45,-0.0328767195652202,1.7761490186957782,-0.67871505139606,1.8090257382609984,77458.01372275804,1.265149545017186,0.38948602588951525,1.298026264582406,40453.16383018884
186.5,-0.0616076690647439,1.7387090524947533,-0.8181309701387767,1.800316721559497,112547.81331141888,1.2816055050505801,0.2689461915802608,1.343213174115324,19288.547724140357
186.55,-0.09003583453238,1.6944150447959339,-0.9528023549562341,1.7844508793283138,152650.0810165963,1.292067312411555,0.14979276190235064,1.3821031469439349,5983.432404889149
186.6,-0.1184640000000302,1.6435149184505462,-1.0823103897307464,1.7619789184505763,196967.7166568268,1.2966147250786368,0.03243361632386563,1.415078725078667,280.5171914249928
186.65,-0.145296971014498,1.5862775535783955,-1.2062082759836286,1.7315745245928935,244644.80791284298,1.2953478871361925,-0.08269521989940869,1.4406448581506905,1823.599838456416
186.7,-0.172129942028996,1.522994636294154,-1.3240760073955582,1.69512457832315,294793.04126507335,1.2883891607323243,-0.19518871416448408,1.4605191027613205,10159.63576991591
186.75,-0.198255633093525,1.4539764515778275,-1.4355563593846896,1.6522320846713525,346522.8600043048,1.2758786071326713,-0.30470882923468934,1.4741342402261963,24759.325496953352
186.8,-0.22214160431655,1.379552670590951,-1.5402191040784359,1.6016942749075012,398892.99259353953,1.2579747315977066,-0.41084395740723995,1.4801163359142566,45011.401956811205
186.85,-0.2460275755395887,1.3000744385404928,-1.6376906302378884,1.5461020140800814,450977.75875979784,1.2348565227398876,-0.5132423152693804,1.4808840982794762,70244.71311548642
186.9,-0.268393833333333,1.2159087807570021,-1.7276545322407004,1.484302614090335,501886.1406016422,1.206717733142809,-0.6116087836754207,1.475111566476142,99750.74780504736
186.95,-0.288976079710153,1.127440277555596,-1.809743849808401,1.416416357265749,550713.362314893,1.1737686919967376,-0.7055945544962549,1.4627447717068907,132763.64675593824
187.0,-0.309558326086961,1.0350701463097678,-1.8836912398740453,1.3446284723967288,596637.8919268373,1.1362355563829567,-0.7949456077330141,1.4457938824699177,168516.93846773633
187.05,-0.327147311594211,0.9392117187116511,-1.949208066503503,1.266359030305862,638863.0864797003,1.094356137088071,-0.8793786841616154,1.421503448682282,206215.1653754171
187.1,-0.3434534710145133,0.8402950514336507,-2.0059857108526633,1.1837485224481639,676623.4817050758,1.0483848857480929,-0.9585821357722574,1.391838356762606,245034.58960578736
187.15,-0.359759630434787,0.7387610374305706,-2.0538935748307905,1.0985206678653576,709328.2686198285,0.9985876107159958,-1.032406463308289,1.3583472411507826,284230.16146152787
187.2,-0.37157200719425,0.63505754410741,-2.0926942238096116,1.00662955130166,736381.6310324745,0.9452384213050061,-1.100582384401993,1.3168104284992561,323008.4226282604
187.25,-0.38309754676259,0.5296468627392309,-2.1221837824950276,0.9127444095018209,757281.5536342177,0.8886277391015617,-1.1628583618809807,1.2717252858641517,360597.21861240483
187.3,-0.393846130434784,0.422994134462119,-2.1423789157719026,0.816840264896903,771763.0227650367,0.8290519039214966,-1.2191771908639053,1.2228980343562807,396371.4727260809
187.35,-0.4005156956521797,0.31556588518627254,-2.153162941014007,0.7160815808384522,779552.1759753899,0.766812794643833,-1.2693316942921493,1.1673284902960126,429654.1200358876
187.4,-0.407185260869565,0.20783526265138463,-2.1545051186763455,0.6150205235209496,780524.3491471686,0.7022239044833835,-1.313177676912824,1.1094091653529485,459849.49630457634
187.45,-0.41191664028777,0.10027083388799646,-2.1465230431436915,0.5121874741757664,774751.642151337,0.6356005950600698,-1.3506912746856465,1.04751723534784,486497.8452031832
187.5,-0.413740741007194,-0.006661972290352758,-2.1292401203957314,0.40707876871684123,762325.9031968595,0.5672626257106984,-1.381735657389533,0.9810033667178923,509118.24717378267
187.55,-0.41556484172662,-0.11250084232966173,-2.102820050325353,0.3030639993969583,743525.0657603367,0.49753524430772955,-1.406288528921975,0.9131000860343496,527372.6470873421
187.6,-0.4144498913043443,-0.2167950591993491,-2.0674679285147843,0.19765483210499518,718735.2712658045,0.426742052904848,-1.42434621366364,0.8411919442091923,541003.2363674528
187.65,-0.411533586956521,-0.3191014118721236,-2.023345285502963,0.09243217508439738,688385.0008500296,0.35520997825739653,-1.4358441301460676,0.7667435652139175,549772.8976199781
187.7,-0.408617282608694,-0.4189891671815108,-1.9707999875843203,-0.010371884572816792,653095.2078553889,0.28326533386262065,-1.4408818003840846,0.6918826164713147,553637.4300474883
187.75,-0.401595971223021,-0.5160455612450983,-1.9101065390914478,-0.11444959002207727,613488.7145769029,0.21122929938359647,-1.4394712437893324,0.6128252706066175,552553.9897857088
187.8,-0.393906402877696,-0.6098687046712893,-1.8415484974913923,-0.21596230179359327,570240.0505038069,0.13942555124275155,-1.431621736515047,0.5333319541204475,546544.2123899624
187.85,-0.385844115942017,-0.7000776783524765,-1.7656286040928562,-0.31423356241045947,524191.6605131507,0.06817088223434002,-1.4175483167119014,0.45401499817635704,535851.528056732
187.9,-0.373495565217391,-0.7863148033242643,-1.68270530425371,-0.41281923810687327,476110.24064783414,-0.002226595946150864,-1.3973157055192842,0.37126896927124015,520664.314904228
187.95,-0.361147014492751,-0.8682382909501275,-1.593188495769819,-0.5070912764573765,426801.2855561343,-0.07145989648056464,-1.3710368952081597,0.2896871180121864,501264.57813920814
188.0,-0.347443064748204,-0.9455333577718705,-1.497655292586346,-0.5980902930236665,377150.881017718,-0.13923414115190785,-1.3389906996553576,0.20820892359629617,478105.6250036117
188.05,-0.330858892086327,-1.0179111465421553,-1.3965627931214786,-0.6870522544558283,327953.5454529545,-0.20526549321673515,-1.3013373848783705,0.12559339886959187,451594.397141887
188.1,-0.314274719424451,-1.0851059535610974,-1.2904496361313265,-0.7708312341366463,280009.98244864214,-0.2692785588672053,-1.25832549204333,0.0449961605572457,422235.4783802903
188.15,-0.295596543478255,-1.1468821570966243,-1.179899472389328,-0.8512856136183693,234089.2171316737,-0.331013750769844,-1.2102567727811662,-0.03541720729158904,390592.3882833822
188.2,-0.2751345869565003,-1.2030303125138744,-1.0654137776755561,-0.9278957255573741,190865.75418562605,-0.3902237574249529,-1.1573597351283025,-0.11508917046845263,357195.08173233457
188.25,-0.254672630434781,-1.2533679385533691,-0.9475914780279562,-0.9986953081185881,150984.95991784782,-0.44667495139794916,-1.0999762421830617,-0.19200232096316816,322652.7288979119
188.3,-0.231831956521732,-1.297743228329255,-0.826994443863817,-1.065911271807523,114999.66597126205,-0.5001519021804893,-1.0384240530649629,-0.26831994565875733,287553.2037290307
188.35,-0.208320362318829,-1.3360298225267908,-0.7041425440205396,-1.1277094602079618,83370.53057768776,-0.5504527315233569,-0.9729940477039509,-0.34213236920452794,252457.97783128492
188.4,-0.184777266187048,-1.3681301699524726,-0.5796503787145459,-1.1833529037654247,56496.77311650013,-0.5973934673892968,-0.9040931457009647,-0.41261620120224873,217969.17762759086
188.45,-0.1596905755395477,-1.3939768023587833,-0.45407331499809866,-1.2342862268192356,34669.16288480442,-0.6408102428021923,-0.8320836851729284,-0.48111966726264466,184630.20243492298
188.5,-0.13460388489209,-1.4135284208433023,-0.3279497530643698,-1.2789245359512122,18084.47942617705,-0.6805560837995974,-0.7573284551604977,-0.5459521989075075,152945.70373220963
188.55,-0.109356669565216,-1.426772385676785,-0.20186097522562396,-1.3174157161115692,6851.665138185061,-0.7165044249476187,-0.6802527472327895,-0.6071477553824027,123398.34669806865
188.6,-0.0836011260869451,-1.4337240620169325,-0.0763431159283216,-1.3501229359299873,980.0114697965473,-0.7485492668373965,-0.601250859620764,-0.6649481407504514,96400.6923185887
188.65,-0.0578455826086886,-1.4344249366808404,0.04808219197818725,-1.3765793540721518,388.74060982884885,-0.7766040051756018,-0.520717789069005,-0.7187584225669132,72305.87089411008
188.7,-0.0325554304347544,-1.4289431279122904,0.1708723475163404,-1.396387697477536,4909.474033384074,-0.8006027415074517,-0.4390854317557912,-0.7680473110726973,51412.271034711885
188.75,-0.0077694521739083,-1.4173739929731268,0.2914871215246725,-1.4096045407992186,14286.641219581961,-0.8205016223250206,-0.3567963217812201,-0.8127321701511122,33947.630729762124
188.8,0.0170165260869659,-1.399838921172044,0.4094337486387668,-1.4168554472590098,28187.637041754853,-0.8362781883797219,-0.2742548152479787,-0.8532947144666878,20057.52098312078
188.85,0.0402097712230339,-1.3764836997071588,0.5241979575053924,-1.4166934709301926,46204.26267678637,-0.8479302282101633,-0.1918990658178895,-0.8881399994331972,9820.06705647432
188.9,0.0627836201438878,-1.3474807347705757,0.6352681731644653,-1.4102643549144636,67858.70867851791,-0.8554786261687594,-0.11017345637574986,-0.9182622463126472,3236.850797274469
188.95,0.0853574690647658,-1.313025303889904,0.7422357523360699,-1.3983827729546698,92635.00621128964,-0.8589638575750993,-0.02942310142533955,-0.9443213266398651,230.85837266288488
189.0,0.104954696402875,-1.273333642431671,0.8446173297561363,-1.378288338834546,119953.07105904727,-0.8584444277935251,0.04992007482528997,-0.9633991241964002,664.5370321500133
189.05,0.124361926618706,-1.2286476699232698,0.9419558438636494,-1.3530095965419757,149194.38720649737,-0.8540021773060344,0.1274455833489775,-0.9783641039247405,4331.300457376312
189.1,0.14318614492754,-1.1792274193667789,1.0339355787778655,-1.3224135642943189,179753.9139935641,-0.8457347148410068,0.20288236277334726,-0.9889208597685468,10976.33416653229
189.15,0.158949550724638,-1.1253503678662964,1.1201429836067032,-1.2842999185909343,210978.55869568142,-0.8337551264995401,0.2758502947354241,-0.9927046772241781,20291.56936149876
189.2,0.174712956521754,-1.067315254228035,1.2002252189574363,-1.242028210749789,242223.8435227072,-0.8181962538108029,0.3460258987121462,-0.9929092103325569,31929.046021212922
189.25,0.188828971014495,-1.0054342634079665,1.2739252208017975,-1.1942632344224615,272884.75048334576,-0.7992029972918061,0.4131757267711281,-0.9880319683063011,45523.78165142665
189.3,0.200473898550729,-0.9400348056695893,1.340903612136357,-1.1405087042203184,302333.67054178665,-0.7769345728869923,0.4769739107982609,-0.9774084714377214,60667.76308858329
189.35,0.212118826086963,-0.8714598305271085,1.4009289529378741,-1.0835786566140715,330007.35343558993,-0.7515652296475783,0.5371961396499376,-0.9636840557345413,76954.58465461207
189.4,0.22101338848921,-0.8000614168165092,1.4537866503259862,-1.0210748053057193,355379.8080564068,-0.7232782201222107,0.5936244111788688,-0.9442916086114207,93970.65107932231
189.45,0.2283608705036031,-0.7262049124475674,1.499222279151358,-0.9545657829511704,377940.51470855036,-0.6922705218031392,0.6459902444388468,-0.9206313923067423,111280.90557604295
189.5,0.235708352517985,-0.6502644726397848,1.5371436083789174,-0.8859728251577699,397301.5711461238,-0.6587488856749693,0.694176053400479,-0.8944572381929543,128501.4381639106
189.55,0.239561289855073,-0.5726183574653139,1.567399556353943,-0.8121796473203868,413095.852227887,-0.6229257935300151,0.7379910669345606,-0.8624870833850881,145234.883966723
189.6,0.242845347826088,-0.49365466102285027,1.5898498348615315,-0.7365000088489383,425014.3636376271,-0.5850258697419978,0.7772422086022118,-0.8278712175680858,161094.78688875845
189.65,0.245743374100719,-0.4137627561576899,1.6045401917902788,-0.6595061302584089,432904.9937317054,-0.54527805708135,0.8119058781658954,-0.791021431182069,175784.30800008905
189.7,0.2451671151079136,-0.3333309412010562,1.6114158257575733,-0.5784980563089699,436623.0353293024,-0.5039141100442381,0.841841856802193,-0.7490812251521517,188986.05649711043
189.75,0.244590856115108,-0.2527513657264967,1.6104830109281238,-0.4973422218416047,436117.67780412873,-0.46117427389422233,0.8669553135270283,-0.7057651300093304,200429.73750739943
189.8,0.242913666666665,-0.17241014617482303,1.6019028728469336,-0.415323812841488,431483.06580992724,-0.4172982963238768,0.8872874043717509,-0.6602119629905419,209941.0501218024
189.85,0.238896999999998,-0.09268712450641539,1.5857629759195735,-0.3315841245064134,422832.09310234693,-0.3725260603614846,0.9027896383472913,-0.6114230603614826,217341.1016285955
189.9,0.234880333333333,-0.01395687626007057,1.5622440708596712,-0.24883720959340355,410382.8143834669,-0.3270993837429532,0.9134901559673151,-0.5619797170762862,222523.80401311727
189.95,0.229179202898544,0.06341838808270615,1.5315939960374352,-0.16576081481583782,394437.9616239395,-0.28125578807954155,0.9194674500267568,-0.5104349909780855,225445.4377756551
190.0,0.222154565217391,0.1390872403055688,1.4940291444741434,-0.0830673249118222,375326.7639088578,-0.23523082378381796,0.9207548032462198,-0.45738538900120895,226077.17538692936
190.05,0.215129927536231,0.21271149979867449,1.4498779089148706,-0.0024184277375565166,353471.3844536369,-0.1892562977623228,0.9174835668622667,-0.40438622529855384,224473.62545661535
190.1,0.20607694244604,0.28397053644743475,1.399458643595887,0.07789359400139476,329315.0152949025,-0.14355663356268528,0.9097632318153083,-0.34963357600872524,220711.77012347584
190.15,0.196516870503598,0.3525581463769605,1.3430875809588831,0.15604127587336247,303319.31189450214,-0.09835249780296768,0.8976920870810177,-0.2948693683065657,214893.62218876625
190.2,0.1869122101449193,0.4181872727659288,1.2811961763178183,0.23127506262100953,276008.63105303555,-0.053856527912041936,0.8814751731444775,-0.24076873805696122,207199.5948986898
190.25,0.175122717391305,0.48059180457237877,1.2141481931608877,0.3054690871810738,247876.1780046833,-0.010271897148663084,0.8612438989725727,-0.18539461453996808,197797.61427132774
190.3,0.163333224637677,0.5395224744035066,1.1423237782428073,0.3761892497658297,219416.7759723428,0.032203361713585524,0.837142958389565,-0.13112986292409146,186882.22207499546
190.35,0.151118827338121,0.5947525009650092,1.0661989894911648,0.4436336736268882,191147.19464709886,0.07338187493057928,0.8094109765341706,-0.0777369524075417,174705.63438239993
190.4,0.137695086330932,0.6460777738654404,0.9861987020002243,0.5083826875345084,163538.58982106694,0.11308705267826664,0.7782350831869744,-0.024608033652665354,161506.62525414323
190.45,0.124271345323728,0.6933153131631742,0.902775139894887,0.5690439678394462,137041.0185371132,0.15115159245383947,0.74383205069855,0.026880247130111473,147542.96523904274
190.5,0.110234043478261,0.7363063041514372,0.8164126540695159,0.6260722606731761,112075.54265455712,0.18742067327227563,0.7064542825309273,0.07718662979401462,133087.37421500997
190.55,0.0955320507246349,0.7749151514096165,0.7275644539803843,0.6793831006849816,89009.08595661803,0.22175120210285654,0.6663276516387083,0.12621915137822165,118398.01049022823
190.6,0.0808300579710089,0.8090293452665004,0.6367116087232825,0.7281992872954914,68167.43169108372,0.25401196678157917,0.6237127465867659,0.17318190881057027,103738.02406794862
190.65,0.0658586453237392,0.8385611474618481,0.5443482487358448,0.7727025021381089,49824.74164906066,0.2840856949435312,0.5788908189626503,0.218227049619792,89363.88807446611
190.7,0.0507824582733654,0.8634470037448604,0.45095398530377334,0.812664545471495,34194.468215402754,0.3118688548172449,0.5321369276024421,0.2610863965438795,75511.92259151113
190.75,0.0357062712230174,0.8836473731717706,0.3570081451885311,0.8479411019487532,21431.25702353348,0.33727193555653623,0.48373535768558074,0.30156566433351883,62399.97234005247
190.8,0.0211260521014424,0.89914683375899,0.26300171474325545,0.8780207816575476,11630.772353721088,0.3602200507572274,0.4339925826118737,0.339093998655785,50226.54980323307
190.85,0.0065774905072366,0.9099544283691149,0.1694066145460435,0.9033769378618783,4825.608917426321,0.3806538150263833,0.3832061697276019,0.3740763245191467,39159.19160461324
190.9,-0.0077092193478298,0.9161016874291629,0.0766611721913841,0.9238109067769926,988.1942135252547,0.3985278655164138,0.3316505704892682,0.4062370848642436,29331.226908228553
190.95,-0.0208030490579846,0.9176425564670294,-0.01476569471214123,0.938445605525014,36.66056595827595,0.4138113628550088,0.27964315974795345,0.4346144119129934,20853.412478351845
191.0,-0.0338968787681172,0.9146542982225646,-0.1044437629360318,0.9485511769906818,1834.241081248793,0.42648948207036746,0.22747267995316023,0.46038636083848467,13798.352033352765
191.05,-0.0461038669064778,0.9072338679287445,-0.19198265489240338,0.9533377348352223,6197.483535548265,0.43656025895772715,0.17539868983493695,0.48266412586420493,8203.920105549978
191.1,-0.0570861690647529,0.8954987626790518,-0.2769598444156268,0.9525849317438048,12898.078282818622,0.4440360427516712,0.12372500315107388,0.5011222118164241,4082.100374595531
191.15,-0.0680684712230217,0.8795865305681824,-0.3590201519636287,0.9476550017912041,21673.499902877604,0.44894353868699527,0.07269712222905647,0.517012009910017,1409.2990881030337
191.2,-0.0775995144927602,0.8596511009032017,-0.4378212702107849,0.9372506153959619,32231.840747027505,0.45132059834699984,0.022558739233018446,0.52892011283976,135.7057908755535
191.25,-0.0863142246376795,0.835864699869628,-0.513006570852024,0.9221789245073074,44252.44296330205,0.45121873545952795,-0.026421267146889568,0.5375329600972074,186.15556203928162
191.3,-0.0950289347826087,0.8084151450678978,-0.5843117054119298,0.9034440798505065,57409.07752004681,0.44870087960608024,-0.07405767155429958,0.543729814388689,1462.5436576118702
191.35,-0.101632406474822,0.7775032753539826,-0.6514342035991749,0.8791356818288045,71356.33082860814,0.44383930641695535,-0.12011499917821734,0.5454717128917773,3847.3634740221746
191.4,-0.107947982014389,0.7433463064572684,-0.7140839016942397,0.8512942884716574,85741.26373625566,0.4367195991735667,-0.1643602044187585,0.5446675811879557,7203.8071457536225
191.45,-0.1140542826087004,0.7061723697040889,-0.7720867237063276,0.8202266523127894,100235.96244052736,0.4274356106026758,-0.20666704692954793,0.5414898932113762,11389.671543087992
191.5,-0.118277108695653,0.6662188422739362,-0.8252194869452318,0.7844959509695892,114506.55406199563,0.4160883597996924,-0.2468474095722541,0.5343654684953454,16248.971630008577
191.55,-0.12249993478261,0.623734685200055,-0.8732988176572789,0.746234619982665,128238.11916692466,0.4027889800835423,-0.2847424230319129,0.5252889148661523,21620.86599308929
191.6,-0.126120000000001,0.5789747712042728,-0.9162320151542668,0.7050947712042738,141156.96795917908,0.38765355708163396,-0.3202724555312467,0.513773557081635,27353.185539203845
191.65,-0.12857,0.5321992689905933,-0.9539006639613812,0.6607692689905933,153002.20774684727,0.37080314838147205,-0.3533191354213674,0.49937314838147207,33289.17638797402
191.7,-0.1310200000000009,0.4836734626102726,-0.9862462972398419,0.6146934626102736,163554.37537458318,0.3523642275707066,-0.38381205517694567,0.48338422757070754,39283.118319773544
191.75,-0.13264684057971,0.43366360358329137,-1.0132564741079892,0.5663104441630014,172635.52505098828,0.3324651506160272,-0.4117138019409964,0.4651119911957372,45202.20125565601
191.8,-0.133626913043478,0.3824370276064092,-1.0349161620143057,0.5160639406498873,180095.03245876226,0.31123693602899066,-0.4369713761036246,0.4448638490724687,50918.39560903876
191.85,-0.134606985507247,0.33026033621251094,-1.0512769496818803,0.464867321719758,185834.21595950064,0.2888120823572968,-0.4595856983166899,0.42341906786454375,56325.070425930535
191.9,-0.134594884057971,0.2773966969792701,-1.0623977875419937,0.4119915810372411,189786.67211434105,0.26532251498321124,-0.4795519782917138,0.39991739904118223,61325.35996893236
191.95,-0.1343347391304348,0.22410675526230925,-1.068348443288199,0.3584414943927441,191918.6757977877,0.2409011320200315,-0.496864066999372,0.3752358711504663,65833.04028670839
192.0,-0.134036611510791,0.17064577144989562,-1.0692654737202076,0.3046823829606866,192248.28885833482,0.2156795455578237,-0.5115704379126732,0.3497161570686147,69787.81678564381
192.05,-0.132826899280575,0.11726208220865514,-1.065271493706462,0.25008898148923014,190814.77807803883,0.18978714639937702,-0.5236938878723786,0.322614045679952,73134.74351863665
192.1,-0.131617187050359,0.06419811859794569,-1.0565090228218816,0.19581530564830468,187688.56597269748,0.16335267783582003,-0.5332665068326009,0.29496986488617905,75832.84461585185
192.15,-0.130231579710145,0.011687426179549626,-1.0431730288019914,0.14191900588969464,182980.19879794822,0.13650178284482462,-0.5403623618583108,0.2667333625549696,77864.39523015787
192.2,-0.1283453478260849,-0.04004604534638217,-1.0254499485051654,0.08829930247970272,176815.49882731526,0.10935679647663246,-0.5450374739596755,0.23770214430271736,79217.55947209173
192.25,-0.126459115942029,-0.09078794775141807,-1.003550796392293,0.03567116819061092,169344.11751022702,0.08203718851842509,-0.547363929914816,0.20849630446045408,79895.27247247777
192.3,-0.124408086330935,-0.14033554623096473,-0.9777180705463224,-0.015927459900029722,160738.04411545317,0.05465796283486572,-0.5474374062694723,0.1790660491658007,79916.72367547928
192.35,-0.122192258992805,-0.18849832250857287,-0.9482004876511385,-0.06630606351576787,151179.09598569298,0.02732942259418039,-0.5453529898420043,0.1495216815869854,79309.30227456355
192.4,-0.119976431654676,-0.23509866277510738,-0.9152679227940655,-0.11512223112043138,140860.0633463465,0.00015679659833229415,-0.541221143747139,0.12013322825300829,78112.08705038969
192.45,-0.1177393913043457,-0.27997298472672016,-0.8792083434179717,-0.16223359342237448,129979.54036504666,-0.02676062306093841,-0.5351656351443498,0.09097876824340728,76373.93521052142
192.5,-0.115494101449275,-0.3229723069430981,-0.8403179353350896,-0.2074782054938231,118734.97397389116,-0.05332983929858853,-0.5273148113468877,0.06216426215068646,74149.57607088103
192.55,-0.113248811594202,-0.3639626416030237,-0.7988996705160126,-0.25071383000882175,107318.81768141287,-0.0794643902851726,-0.5178013465607569,0.033784421309029394,71498.19586670217
192.6,-0.111307719424459,-0.402825487340181,-0.755274262016703,-0.291517767915722,95918.14380833616,-0.10508474905139449,-0.5067743747757328,0.006222970373064504,68485.40451448932
192.65,-0.109379302158273,-0.4394586211511254,-0.7097618832347022,-0.33007931899285237,84706.50055645184,-0.13011907705205605,-0.4943822260942321,-0.02073977489378305,65177.00946077025
192.7,-0.1075486086956512,-0.47377533481588746,-0.6626686511815658,-0.36622672612023627,73838.73490869836,-0.1545024784605667,-0.480760205012755,-0.0469538697649155,61634.76659304167
192.75,-0.106163101449275,-0.5057044907912566,-0.6143150662373092,-0.3995413893419816,63456.15138917328,-0.17817713841852845,-0.46606020536447074,-0.07201403696925344,57923.230673166036
192.8,-0.104777594202898,-0.5351909566876702,-0.5650076791282275,-0.43041336248477224,53678.46599811591,-0.20109288802357206,-0.4504231230213339,-0.09631529382067405,54101.59726727779
192.85,-0.103729304347826,-0.5621942272974224,-0.5150375825362824,-0.4584649229495964,44603.53063914062,-0.2232059998341071,-0.4339785123468653,-0.1194766954862811,50223.29311434623
192.9,-0.103146695652174,-0.586688725700404,-0.4647072587992975,-0.48354203004823,36312.01155401326,-0.24447971979073627,-0.41687227119966114,-0.14133302413856225,46341.997465377026
192.95,-0.102564086956522,-0.6086635370698343,-0.4142911465485777,-0.5060994501133124,28860.423542195407,-0.2648842585595161,-0.39922759171201244,-0.16232017160299408,42502.04532911289
193.0,-0.10263735971223,-0.6281209676699154,-0.36406181401196014,-0.5254836079576855,22286.488867665485,-0.2843956393447443,-0.38117218306530287,-0.18175827963251434,38744.59550473834
193.05,-0.103048510791367,-0.6450774697831427,-0.3142967463417521,-0.5420289589917757,16610.05863878135,-0.3029969564489576,-0.3628453017012165,-0.19994844565759057,35108.45679110582
193.1,-0.103459661870504,-0.6595623036711484,-0.26523058726833637,-0.5561026418006444,11828.743355825474,-0.3206773680980949,-0.34435018028282594,-0.2172177062275909,31620.545776217263
193.15,-0.104871086956522,-0.6716164559359463,-0.21711917734336905,-0.5667453689794243,7926.615002977392,-0.33743138195279665,-0.3258192163202177,-0.23256029499627465,28308.843126272222
193.2,-0.1064189130434799,-0.6812943148943835,-0.17021248312406645,-0.5748754018509036,4871.629034744435,-0.35326092973272816,-0.3073864396049938,-0.24684201668924827,25196.379534142536
193.25,-0.108102798561151,-0.6886610562675701,-0.12470592327188096,-0.5805582577064191,2614.9630674541677,-0.36817312188299084,-0.2891391424073913,-0.2600703233218398,22293.718312555124
193.3,-0.11078445323741,-0.6937919805679559,-0.08082256867692184,-0.5830075273305458,1098.390310839704,-0.38218000918566863,-0.2712012561373601,-0.27139555594825865,19613.36568812854
193.35,-0.11346610791367,-0.6967737200474433,-0.03876237669595785,-0.5833076121337734,252.64586280570046,-0.3953002302857279,-0.25368185757822054,-0.2818341223720579,17161.195963823084
193.4,-0.116489195652174,-0.6977011437683165,0.001323684999216021,-0.5812119481161425,0.29461895840231805,-0.4075563287290818,-0.2366498609461406,-0.2910671330769078,14934.175116220717
193.45,-0.1201750652173951,-0.6966770163775238,0.03927139026426164,-0.5765019511601287,259.32473798036915,-0.41897488145883205,-0.22019701613629727,-0.2987998162414369,12929.793577421005
193.5,-0.123860934782609,-0.6938117960938242,0.07495314894631241,-0.5699508613112152,944.6505066358803,-0.4295867643046389,-0.20438750581761936,-0.30572582952202987,11139.800675825969
193.55,-0.127993546762592,-0.6892211148578022,0.10827167624357478,-0.5612275680952102,1971.156544965249,-0.43942509239030386,-0.18926486071645698,-0.31143154562771186,9552.316667205298
193.6,-0.132449661870506,-0.6830255920031021,0.13913390577043888,-0.5505759301325961,3255.0476388699403,-0.4485255273726806,-0.17487814666656096,-0.3160758655021746,8155.297648408322
193.65,-0.136905776978418,-0.6753495616215737,0.16748728197698062,-0.5384437846431557,4716.882576828445,-0.45692548244280423,-0.16124540640462598,-0.32001970546438624,6933.3549564248
193.7,-0.1418285942029028,-0.6663194053767791,0.19328945803824749,-0.5244908111738763,6282.141757198115,-0.4646629369037667,-0.14838430563520158,-0.32283434270086386,5871.440575690911
193.75,-0.146868086956522,-0.656063690114574,0.21650830099378227,-0.509195603158052,7882.073845176257,-0.4717770599799222,-0.1363117013209435,-0.32490897302340016,4954.901311202697
193.8,-0.151916287769785,-0.6447115819725279,0.23714771457839856,-0.4927952942027429,9456.475085506787,-0.47830708556073287,-0.125017620611533,-0.3263907977909479,4167.841456898453
193.85,-0.15717348201439,-0.6323917322862694,0.255219181006926,-0.47521825027187947,10952.619914796442,-0.4842916608130328,-0.1144937413632887,-0.3271181787986428,3495.6844830303057
193.9,-0.162430676258992,-0.6192320937321574,0.2707456294962884,-0.4568014174731654,12325.77696483393,-0.4897691139753933,-0.10472907278062682,-0.3273384377164013,2924.847649463955
193.95,-0.16768948550725,-0.6053588799214455,0.28377017521003745,-0.43766939441419556,13540.194162032067,-0.4947768446931336,-0.09570096346381805,-0.3270873591858836,2442.3131754408105
194.0,-0.172952891304348,-0.590895908285201,0.2943455281038901,-0.417943016980853,14568.212898436965,-0.4993510877764446,-0.08738543266972024,-0.3263981964720966,2036.3236914331226
194.05,-0.178216297101451,-0.5759641129371591,0.3025344920536761,-0.39774781583570806,15390.090975675932,-0.5035268301819008,-0.07975630523840173,-0.32531053308044977,1696.2848600749621
194.1,-0.183292746376815,-0.5606808695482611,0.3084196136661393,-0.3773881231714461,15994.673270540545,-0.5073375220267508,-0.07277522281759,-0.3240447756499357,1412.3288149732991
194.15,-0.188182239130436,-0.5451588575124517,0.3121031964571209,-0.3569766183820158,16379.016806480591,-0.51081431117427,-0.06639141675152652,-0.32263207204383404,1175.4187248733
194.2,-0.1930717318840624,-0.5295055214076946,0.3136893344850187,-0.3364337895236322,16545.919270482453,-0.5139858637625055,-0.06055929363293183,-0.32091413187844314,977.9808120852422
194.25,-0.197377,-0.51382265516186,0.3133123728537208,-0.31644565516185996,16506.17657976833,-0.5168782833231086,-0.055209486390218186,-0.31950128332310856,812.8233033257833
194.3,-0.201477000000001,-0.49820444861673985,0.31112625635230157,-0.29672744861673883,16276.63865047263,-0.5195134786320603,-0.050259386382989296,-0.3180364786320593,673.6015785585628
194.35,-0.205577000000002,-0.48273795815377696,0.30726503749057643,-0.27716095815377495,15875.144538116265,-0.521909934925517,-0.04565183939379311,-0.31633293492551495,555.7574506764482
194.4,-0.208649869565217,-0.4675028499726466,0.30190987310391443,-0.25885298040742954,15326.607180111498,-0.5240827165740148,-0.041287560759180615,-0.3154328470087978,454.5767129181416
194.45,-0.2116799420289875,-0.45256875876210345,0.29524767984569533,-0.24088881673311596,14657.651182665744,-0.5260410753331024,-0.037066373034193884,-0.3143611333041149,366.3776026426708
194.5,-0.214416230215827,-0.43799731448351265,0.2874315775111121,-0.22358108426768564,13891.858538744005,-0.5277906884113437,-0.0329254493135264,-0.3133744581955167,289.089389999359
194.55,-0.215977381294964,-0.4238413632630649,0.2786695156139236,-0.20786398196810088,13057.80927050002,-0.5293330424494389,-0.028750293740888746,-0.3133556611544749,220.42117071663642
194.6,-0.217538532374102,-0.4101429592151682,0.2691513962461874,-0.19260442684106618,12181.04842081666,-0.5306635801118158,-0.024447245691747513,-0.31312504773771377,159.37808584337796
194.65,-0.218345239130435,-0.39693606783615737,0.2590421837246324,-0.17859082870572238,11283.202445597282,-0.5317745049229631,-0.019948981144229154,-0.31342926579252806,106.12315965141609
194.7,-0.2181100942028978,-0.384245086024148,0.24855172654029675,-0.1661349918212502,10387.833115417046,-0.5326533667741239,-0.015144583974539444,-0.3145432725712261,61.16224633650052
194.75,-0.217874949275362,-0.3720844774207,0.23784588335587387,-0.154209528145338,9512.23724374705,-0.5332827484130507,-0.00996765838086806,-0.3154077991376887,26.494456959383808
194.8,-0.216393217391304,-0.36046124951394926,0.22709440212312462,-0.14406803212264527,8671.700168532972,-0.5336427366222031,-0.004347430229245043,-0.31724951923089906,5.040039892840963
194.85,-0.214269304347825,-0.34937255282608354,0.21649154237206114,-0.13510324847825853,7880.853683352553,-0.5337085045946741,0.001811718300356967,-0.31943920024684913,0.8752861866262235
194.9,-0.212145391304348,-0.33880749253231934,0.20616452289703244,-0.12666210122797134,7146.9256152476155,-0.5334520790537975,0.008539908137486235,-0.32130668774944954,19.44800826578763
194.95,-0.2083028920863276,-0.32874857982027506,0.19628830111604656,-0.12044568773394745,6478.5859936201705,-0.5328436957643291,0.015916908910030777,-0.32454080367800153,67.55946380005791
195.0,-0.204269438848922,-0.3191681821450177,0.18704056965316201,-0.11489874329609567,5882.514798441789,-0.5318481724192513,0.024026820732621988,-0.3275787335703293,153.94349720468102
195.05,-0.199990043478261,-0.31003237724404825,0.1785212232266782,-0.11004233376578726,5358.8438605963975,-0.530428639142443,0.032879173990661086,-0.330438595664182,288.27735528217715
195.1,-0.193907072463766,-0.30130103593541324,0.1709027332869187,-0.10739396347164723,4911.220265794199,-0.5285464575266079,0.04255908116336041,-0.33463938506284185,483.00677052519967
195.15,-0.187824101449274,-0.2929245642735913,0.16433607896108202,-0.10510046282431731,4541.059961158491,-0.5261578271176462,0.05313308997130308,-0.3383337256683723,752.8333999729568
195.2,-0.1810796187050275,-0.28484845984548085,0.15890680239320812,-0.10376884114045334,4245.964635723714,-0.5232181472302293,0.06460687015338676,-0.34213852852520177,1113.079378937754
195.25,-0.173159115107913,-0.2770127191814674,0.15474652193338295,-0.10385360407355443,4026.550855807568,-0.5196812032491488,0.07703638419636184,-0.3465220881412358,1582.561197346525
195.3,-0.165238611510789,-0.2693512191837968,0.15194065087667916,-0.10411260767300778,3881.855458516018,-0.5154983322483765,0.09043610017984484,-0.3502597207375875,2180.9835241970486
195.35,-0.156181347826082,-0.2617949043823643,0.15055870060286386,-0.1056135565562823,3811.5630766724876,-0.5106213449336794,0.10481012791450744,-0.3544399971075974,2929.3767769214437
195.4,-0.146300913043477,-0.25427003041722984,0.15069480367677807,-0.10796911737375284,3818.4573966636663,-0.5050005086801058,0.1201922508010917,-0.3586995956366288,3852.3139073686743
195.45,-0.1364204782608606,-0.2466997270125087,0.1523717694161922,-0.1102792487516481,3903.9155735539266,-0.4985858382132106,0.13655088670892418,-0.36216535995235,4972.305242931587
195.5,-0.125186338129498,-0.23900657949620707,0.1556241795598677,-0.11382024136670907,4072.354205941347,-0.491329364039117,0.1538724006959711,-0.366143025909619,6313.790852251064
195.55,-0.113655043165467,-0.23111045901395785,0.16048679784847755,-0.11745541584849085,4330.818855189796,-0.4831826769780374,0.17214896242112754,-0.3695276338125704,7902.737403378876
195.6,-0.102050339130432,-0.2229317181814807,0.16691968675876692,-0.12088137905104869,4684.966798313423,-0.4740998143679385,0.19130468342104034,-0.37204947523750653,9759.328506353191
195.65,-0.088683817391304,-0.21439194733304434,0.1749445147613135,-0.12570812994174035,5146.263929837307,-0.4640376924709763,0.2113312191541277,-0.37535387507967233,11909.569117111987
195.7,-0.0753172956521604,-0.20541060136890277,0.1845688795656389,-0.13009330571674238,5728.0704005630605,-0.45295246725798044,0.2322114478730353,-0.37763517160582005,14379.241739544372
195.75,-0.0614746014492725,-0.1959094481288118,0.19572959335488763,-0.1344348466795393,6441.757666552253,-0.44080368041805823,0.25386390879037396,-0.37932907896878576,17185.83578302062
195.8,-0.0464074637681102,-0.18581220528544978,0.20841615377481157,-0.1394047415173396,7303.888744079667,-0.42755359641192936,0.27626528211103246,-0.38114613264381914,20352.66829330356
195.85,-0.031340326086948,-0.17504309524419404,0.22258671025264862,-0.14370276915724603,8330.86039854796,-0.41316549770187716,0.2993661886861304,-0.3818251716149292,23898.69731425596
195.9,-0.0154757820143856,-0.16352996137157005,0.2381712900842493,-0.14805417935718446,9538.283214291976,-0.3976065159528967,0.3230949010162519,-0.3821307339385111,27837.41735005376
195.95,0.0011248294964177,-0.15120309810747704,0.25512755082353505,-0.15232792760389474,10944.756787815446,-0.3808461976808274,0.34741225191669506,-0.38197102717724507,32185.406075154453
196.0,0.0177254410071928,-0.13799584844216328,0.27336489034853656,-0.1557212894493561,12565.415838667835,-0.3628568518982967,0.3722360104455236,-0.3805822929054895,36949.23932597333
196.05,0.0355448572463785,-0.12384651768578327,0.292807175802286,-0.15939137493216177,14416.33371057115,-0.3436151993483405,0.3975034612060444,-0.379160056594719,42135.73377887607
196.1,0.0537925021739182,-0.10869613757330945,0.31338857322928176,-0.16248863974722766,16514.20645611375,-0.3230999130081852,0.42316640753803575,-0.37689241518210337,47751.94892497252
196.15,0.0720401471014475,-0.09249092402456388,0.3349737546562608,-0.1645310711260114,18867.439139612772,-0.3012938474921021,0.4491120327507632,-0.3733339945935496,53787.0981230727
196.2,0.09151647482016,-0.07518376895774206,0.35745810756438756,-0.16670024377790205,21485.3136970049,-0.27818529259773905,0.4752625928359819,-0.36970176741789906,60233.20857311475
196.25,0.111017877697843,-0.05673198540244827,0.38072994357303946,-0.16774986310029127,24373.924654486145,-0.25376552939065067,0.5015368459493986,-0.36478340708849366,67077.12209196556
196.3,0.130737260869573,-0.03710042536550348,0.40462270396812056,-0.16783768623507647,27529.092267579796,-0.22803175117767246,0.5278027828130446,-0.35876901204724543,74286.87401205172
196.35,0.151328565217403,-0.016261505814676374,0.4290081014894208,-0.16759007103207937,30947.27274910119,-0.2009869039050981,0.5539698724649312,-0.3523154691225011,81835.36522634992
196.4,0.171919869565221,0.005806245302588501,0.45374545803687116,-0.16611362426263251,34619.11624035394,-0.17263809284917034,0.5799377904670896,-0.34455796241439135,89687.42421649331
196.45,0.1926446258992998,0.029115970854553738,0.4786591389141186,-0.16352865504474606,38525.12936822586,-0.14299866432480723,0.6055739958731244,-0.335643290224107,97791.96386073146
196.5,0.213539230215826,0.05367235078545818,0.5035848958762548,-0.15986687943036781,42641.923516018665,-0.11208821802166058,0.6307594331697557,-0.32562744823748657,106095.32334203507
196.55,0.234433834532376,0.07947187484030889,0.5283561767042484,-0.1549619596920671,46940.20404527363,-0.07993224197399455,0.6553743744367557,-0.31436607650637055,114537.48551156504
196.6,0.255306413043484,0.1065025350516703,0.55280213517104,-0.14880387799181372,51384.34429830202,-0.04656234674216577,0.6792960897138445,-0.30186875978564975,123051.51400013853
196.65,0.276167644927534,0.13474388760871336,0.5767567095055238,-0.14142375731882062,55934.10666245658,-0.012016149551052686,0.7024074968321913,-0.28818379447858666,131567.0110949506
196.7,0.2970288768116074,0.16416734121917817,0.6000600103137753,-0.13286153559242922,60545.34602828038,0.023663046745370564,0.7245981352865598,-0.2733658300662368,140011.32204286926
196.75,0.317115978260868,0.19473581768286868,0.6225196937457489,-0.12238016057799933,65162.477145384655,0.06042593053545423,0.7457253985382252,-0.25669004772541376,148295.03200666528
196.8,0.337117065217397,0.2264020566750053,0.6439446981691094,-0.11071500854239169,69725.00258750678,0.0982155053986381,0.7656482706882182,-0.23890155981875888,156324.6065087624
196.85,0.356855525179868,0.2591103488452613,0.6641739458757816,-0.09774517633460672,74174.57483962415,0.1369688181877649,0.7842552440242623,-0.2198867069921031,164015.01007454804
196.9,0.374980705035976,0.29279567355595837,0.6829772671203111,-0.08218503148001766,78433.91482804812,0.17661607075656163,0.8013653403439848,-0.1983646342794144,171249.70898790148
196.95,0.3931058848921038,0.3273808144179744,0.7001456138758922,-0.0657250704741294,82426.74315173803,0.21707772835646572,0.8168185135851881,-0.17602815653563808,177917.995769471
197.0,0.410307130434783,0.36278018970655895,0.7155121335823595,-0.047526940728224054,86084.58717655986,0.2582683061421023,0.8304954401433836,-0.15203882429268073,183926.04695972067
197.05,0.425865826086959,0.39889804219959996,0.7288406367254703,-0.026967783887359043,89321.61217144578,0.3000944882304295,0.842206250435336,-0.1257713378565295,189149.69820595946
197.1,0.441424521739136,0.435627322740049,0.7399544356999602,-0.005797198999086983,92066.44019647794,0.34245395232180487,0.8518191585366295,-0.09897056941733112,193492.23436001374
197.15,0.454831812949641,0.47285343936146945,0.7486669176088917,0.018021626411828473,94247.24868561032,0.38523901395284066,0.8591898836114107,-0.06959279899680032,196855.26829338388
197.2,0.4668048345323868,0.5104500019217698,0.7547401954903081,0.04364516738938301,95782.5412574273,0.42833226122082835,0.864121067092118,-0.038472573311558456,199121.39162464553
197.25,0.478777856115111,0.5482815733105549,0.7580618174628173,0.06950371719544396,96627.47702276072,0.4716091988806395,0.8665379981606924,-0.007168657234471465,200236.8272683574
197.3,0.487277601449279,0.5862070786778484,0.7584389588014857,0.09892947722856937,96723.6467026794,0.5149414845704318,0.8662818649710489,0.027663883121152755,200118.47188739164
197.35,0.49501492028986,0.6240729198123851,0.755664720143586,0.1290579995225251,96017.34406321975,0.5581898974238018,0.863177573722913,0.06317497713394177,198686.80634084667
197.4,0.502460934782609,0.6617204959848489,0.7497086292498144,0.15925956120223994,94509.70654932296,0.6012117115719998,0.8572223910859282,0.09875077678939082,195954.72740775364
197.45,0.5053431811594237,0.6989874318660164,0.7403732302970892,0.19364425070659275,92170.6840173674,0.6438616955119318,0.8482421737831096,0.13851851435250817,191870.60943581205
197.5,0.508225427536232,0.7356988024405584,0.7274980931830627,0.2274733749043264,88992.8497468736,0.6859831781538734,0.8360976017791866,0.17775775061764143,186415.78658690862
197.55,0.509524402877697,0.7716782780170559,0.7110864290910668,0.26215387513935895,85022.95129201117,0.7274190291645872,0.8208082157419345,0.21789462628689027,179660.30054118883
197.6,0.50712907913669,0.8067458203233285,0.6909786831230729,0.2996167411866385,80282.46420277003,0.768009110976896,0.8022265258766716,0.2608800318402059,171617.97301870777
197.65,0.504733755395683,0.840713494070726,0.6671128475131652,0.33597973867504305,74832.45693947391,0.8075859205880319,0.7802996222077068,0.3028521651923489,162364.66677799734
197.7,0.4994888115941965,0.8733943835244746,0.6394850134256309,0.3739055719302781,68762.57592973515,0.8459833080125252,0.7550276530460205,0.3464944964183287,152017.8018304485
197.75,0.491613449275364,0.9045973982241944,0.60798269212742,0.4129839489488304,62154.67895116228,0.8830310510789776,0.7262984637670727,0.3914176018036136,140669.18892544264
197.8,0.483738086956522,0.9341288444154139,0.5726529962761446,0.4503907574588919,55140.978703366716,0.9185562527679089,0.6941556936897394,0.4348181658113869,128493.90055516889
197.85,0.471823107913665,0.9617988420615518,0.5334935242271683,0.48997573414788675,47857.46601889228,0.9523895215054323,0.6585881491562341,0.4805664135917673,115663.56005574242
197.9,0.458632460431653,0.9874136662512728,0.490463590015644,0.5287812058196197,40448.73469975274,0.9843570960909984,0.6195431203144923,0.5257246356593455,102355.64744773801
197.95,0.4454418129496236,1.010783622296745,0.44374013166812776,0.5653418093471214,33109.20944669474,1.0142885322424973,0.5771806013391825,0.5688467192928737,88836.65241660275
198.0,0.427134992753621,1.031726273342426,0.39333399436825345,0.604591280588805,26014.432739706812,1.0420196505634995,0.5314890756484635,0.6148846578098786,75328.17000897552
198.05,0.40872376086956,1.0500561332081944,0.33927566785993735,0.6413323723386344,19355.1625728161,1.0673820404727001,0.4824740998174732,0.6586582796031402,62075.00186524829
198.1,0.389302446043155,1.0655970777716401,0.28181261368490323,0.6762946317284851,13354.027033131299,1.0902152794599727,0.43035273606317365,0.7009128334168176,49387.59398321589
198.15,0.366299928057553,1.0781822350545538,0.22104108734080255,0.7118823069970008,8215.564543767247,1.1103665484644458,0.3751861492989426,0.7440666204068929,37537.239100204926
198.2,0.3432974100719237,1.0876487346141617,0.1571229788735749,0.744351324542238,4151.172721887038,1.127685201291682,0.31709795881442654,0.7843877912197583,26813.63079580687
198.25,0.318338000000005,1.093846264040514,0.09030921831072564,0.775508264040509,1371.3728958403035,1.142031111810681,0.2562958920940422,0.823693111810676,17516.689147808243
198.3,0.290888,1.0966337466067202,0.02074122282761598,0.8057457466067202,72.33693609856482,1.1532711439304522,0.1928750372813414,0.8623831439304521,9920.208001674357
198.35,0.263437999999995,1.0958785424099726,-0.05133747771530352,0.8324405424099777,443.15989423381217,1.1612782127907189,0.12702950358254492,0.8978402127907239,4303.065274780745
198.4,0.233690676258995,1.0914624342556922,-0.1256700365651543,0.8577717579966972,2655.552417174257,1.1659370801454436,0.05896285949853591,0.9322464038864486,927.0983467317565
198.45,0.2028622589927795,1.0832774759121313,-0.20204653710710907,0.8804152169193518,6864.267794518077,1.16714006372729,-0.011170367087349475,0.9642778047345104,33.27389356430411
198.5,0.172033841726616,1.071229087036095,-0.2801449878148282,0.8991952453094789,13196.449764140996,1.164789998875158,-0.08310693156340143,0.9927561571485419,1841.8032197023706
198.55,0.138366554347816,1.0552382768186699,-0.35972553480732755,0.9168717224708539,21758.749343779942,1.1588022986165094,-0.156668026141634,1.0204357442686933,6545.298777364191
198.6,0.104383836956506,1.0352356545851171,-0.440559117769066,0.9308518176286111,32636.21480761318,1.1490989158354172,-0.23168648765676778,1.0447150788789112,14314.30095006123
198.65,0.0700860992753589,1.0111673289918834,-0.5222951941418579,0.9410812297165245,45869.44177115546,1.135614128052865,-0.3078767866342046,1.0655280287775062,25276.83086618761
198.7,0.0338532369564908,0.982995681344079,-0.6046587160195802,0.9491424443875882,61476.90997952876,1.1182951919936954,-0.3850300861845225,1.0844419550372046,39532.84460460289
198.75,-0.0023796253623154,0.9506958783735983,-0.6873574332609497,0.9530755037359137,79443.18777967179,1.09709883379402,-0.4629211194174487,1.0994784591563354,57145.59008072101
198.8,-0.0390766402877758,0.91426038144796,-0.7700300938531232,0.9533370217357358,99702.67076531803,1.0719956639804207,-0.5412577300154697,1.1110723042681965,78122.64808039977
198.85,-0.0765309568345518,0.8736987039030962,-0.8523533454365546,0.950229660737648,122160.48140745779,1.0429698779988927,-0.6197859916803923,1.1195008348334445,102435.91346219929
198.9,-0.113985273381307,0.8290365786839372,-0.9339856336793477,0.9430218520652442,146680.29931912938,1.0100184165297805,-0.6982340758224972,1.1240036899110875,130008.21990391915
198.95,-0.1521283043478699,0.7803173109172112,-1.0145887995084077,0.9324456152650811,173089.81854566504,0.9731523006871178,-0.7763333291750759,1.1252806050349877,160718.2501301485
199.0,-0.190730478260877,0.7276000076027684,-1.0938547486488872,0.9183304858636454,201192.00023360708,0.9323949206903819,-0.8538435119880344,1.1231253989512588,194412.99812374954
199.05,-0.229332652173928,0.6709596499974527,-1.1714533942860066,0.9002923021713807,230749.8490102464,0.8877821826426966,-0.930501038309494,1.1171148348166247,230888.58194534577
199.1,-0.267654826086978,0.6104883530267265,-1.2470326576338149,0.8781431791137045,261485.16178557865,0.839363837248181,-1.0060187969807828,1.1070186633351589,269886.3519676431
199.15,-0.305923666666674,0.5462957349708638,-1.3202526770823904,0.8522194016375377,293093.0423213261,0.7872039487882345,-1.080119275330986,1.0931276154549086,311108.7063844092
199.2,-0.3440717769784518,0.47850771967948236,-1.390796493835409,0.8225794966579342,325250.94697816356,0.7313798609305824,-1.1525441531785632,1.0754516379090342,354228.8066736244
199.25,-0.380831489208632,0.4072668005565011,-1.4582993883621196,0.7880982897651332,357589.520295278,0.6719826349037953,-1.222984532235674,1.0528141241124274,398850.97762338945
199.3,-0.417591201438853,0.3327341945104553,-1.5224193481720205,0.7503253959493082,389726.5426113684,0.6091193462106974,-1.2911499713113295,1.0267105476495504,444551.5329112659
199.35,-0.453616586956532,0.25508619877939587,-1.582861233460699,0.7087027857359278,421286.0521417733,0.5429097388407486,-1.3567907253047362,0.9965263257972805,490901.61927278724
199.4,-0.487928543478258,0.1745154262372879,-1.6392637971513782,0.6624439697155459,451844.5940841173,0.47348770849395017,-1.4195868324270071,0.9614162519722081,537393.8066133717
199.45,-0.5222405000000212,0.09123231954210186,-1.6913182283994057,0.6134728195421231,480996.6531333988,0.4010030563949878,-1.4792641237408544,0.923243556395009,583525.9594098128
199.5,-0.554327338129491,0.00546139089268434,-1.7387075134031977,0.5597887290221754,508328.4969886551,0.3256181207220847,-1.5355334278619894,0.8799454588515756,628763.4421550911
199.55,-0.584518705035976,-0.08255416161564608,-1.7810428127048534,0.5019645434203299,533384.159328754,0.24751263845792087,-1.5880287794569736,0.8320313434938968,672489.4411689616
199.6,-0.614710071942462,-0.1725542946144638,-1.8180646008664492,0.44215577732799816,555789.0895138995,0.16688227068745548,-1.6365038915123358,0.7815923426299174,714171.996516005
199.65,-0.641707463768121,-0.2642670148256608,-1.8494726034229818,0.37744044894246026,575158.0467851964,0.08393420139480924,-1.680663788087039,0.7256416651629303,753234.8716232202
199.7,-0.6676962318840828,-0.3574025875857154,-1.8749452511218325,0.31029364429836737,591110.3679427445,-0.0011067656249543617,-1.7201849792989599,0.6665894662591284,789076.3634682036
199.75,-0.693685,-0.45166028505888955,-1.8943453426514818,0.24202471494111044,603406.1114480766,-0.08800443518436384,-1.75491633512899,0.6056805648156361,821261.691547351
199.8,-0.714850107913672,-0.5467309695020144,-1.9073795509025109,0.1681191384116576,611738.254881299,-0.17651327937786937,-1.7845430075790505,0.5383368285358026,849224.9989064756
199.85,-0.736015215827345,-0.6422878184106459,-1.9137914654705632,0.09372739741669911,615858.0497992149,-0.2663688560487271,-1.808778959106342,0.46964635977861785,872448.3527748858
199.9,-0.756242797101448,-0.7379991617447539,-1.9135491661828892,0.018243635356694154,615702.1158605404,-0.3573000599380195,-1.8275501451896659,0.39894273716342854,890650.5421820717
199.95,-0.7731464202898707,-0.8335291124949307,-1.906492731312258,-0.060382692205059985,611169.5423221219,-0.44902924351943074,-1.8406461185094185,0.32411717677043994,903460.8356223436
200.0,-0.790050043478264,-0.9285335406349473,-1.8925454630803709,-0.1384834971566833,602260.0243446996,-0.5412677897642288,-1.847931108771888,0.24878225371403517,910626.5020711732
200.05,-0.804931640287768,-1.0226691071149296,-1.871727911280862,-0.21773746682716166,589083.4594527873,-0.6337246697996858,-1.8493570646536694,0.1712069704880822,912032.4140225165
200.1,-0.817439553956835,-1.1155907486721965,-1.8439780699006547,-0.29815119471536156,571745.6892713819,-0.7261035140528909,-1.8447860600131802,0.09133603990394412,907529.4952583875
200.15,-0.829947467625895,-1.2069525000338932,-1.8093656328659589,-0.3770050324079982,550483.2000640433,-0.8181030897885387,-1.8342054054395702,0.011844377837356257,897149.1918249968
200.2,-0.8394400144927565,-1.2964140179046366,-1.767957923257318,-0.4569740034118801,525575.6606262833,-0.909423499880009,-1.8175932516896358,-0.06998348538725252,880972.0609567211
200.25,-0.847513565217391,-1.3836354814173755,-1.71978362821135,-0.5361219161999845,497323.5395418658,-0.9997607801326462,-1.7948844994571116,-0.15224721491525528,859096.097704375
200.3,-0.855587115942026,-1.4682829605306025,-1.6650458646297073,-0.6126958445885765,466169.4372668544,-1.0888120949862385,-1.7661856442610961,-0.23322497904421258,831843.1279983956
200.35,-0.858810666666666,-1.5500316923258088,-1.603807797509354,-0.6912210256591429,432509.8839268406,-1.1762788302949239,-1.7314578152788993,-0.3174681636282579,799452.3109574345
200.4,-0.861612478260868,-1.628556610373923,-1.536143610498975,-0.7669441321130551,396784.8055121158,-1.2618568984039982,-1.6906725283116497,-0.4002444201431302,762232.9594633883
200.45,-0.8634283309352511,-1.7035437043166055,-1.462340101775891,-0.8401153733813544,359573.911976429,-1.3452481910882228,-1.6440149709336065,-0.48181986015297174,720742.726574354
200.5,-0.860067899280575,-1.7746897017469887,-1.3824835679686198,-0.9146218024664137,321374.45372647664,-1.4261601609341068,-1.5914652620066805,-0.5660922616535318,675403.1147130646
200.55,-0.8567074676259,-1.8416939062565825,-1.2967391157245516,-0.9849864386306825,282746.09666195174,-1.5042975311392888,-1.5330854188967098,-0.6475900635133888,626760.2404356535
200.6,-0.850546021739129,-1.9042705169799838,-1.2054104333622713,-1.0537244952408549,244321.27589026754,-1.5793748963222185,-1.4690785477658748,-0.7288288745830895,575517.8078682377
200.65,-0.839814500000003,-1.9621437799099304,-1.1086132100536408,-1.1223292799099274,206657.65351424227,-1.6511117825634114,-1.3994570278206526,-0.8112972825634084,522261.326057764
200.7,-0.829082978260862,-2.015045262853423,-1.0066222871127346,-1.1859622845925608,170382.3008526215,-1.7192299823450143,-1.32439905228879,-0.8901470040841524,467742.0932542521
200.75,-0.813248640287768,-2.062723950840225,-0.8997090966169842,-1.249475310552457,136111.75017498646,-1.7834639894206197,-1.2440803775855536,-0.9702153491328517,412729.5962382436
200.8,-0.794286769784179,-2.1049366306060633,-0.7880240927008701,-1.3106498608218842,104416.80170526108,-1.8435512590537355,-1.1585566678275994,-1.0492644892695564,357934.2806847441
200.85,-0.775324899280579,-2.1414535557176135,-0.6719707900393058,-1.3661286564370345,75926.29107188027,-1.8992382165355133,-1.0681463311358887,-1.1239133172549343,304249.75592508266
200.9,-0.748552782608712,-2.172064276624095,-0.5517522455106019,-1.4235114940153828,51189.34989051215,-1.950286344380816,-0.9729640865604697,-1.2017335617721039,252442.43032971982
200.95,-0.7202929999999945,-2.196561946841183,-0.42752342953263256,-1.4762689468411887,30733.44441333193,-1.9964562946838729,-0.8730816169132091,-1.2761632946838783,203272.40261114232
201.0,-0.691334776978424,-2.214757887182296,-0.29977006720697846,-1.523423110203872,15110.120436430761,-2.0375230688291546,-0.7689121414428284,-1.3461882918507304,157660.23500218563
201.05,-0.654344489208647,-2.2264835417269206,-0.16869221773771187,-1.5721390525182737,4784.995028963147,-2.0732780958431802,-0.6605783907247441,-1.4189336066345333,116363.68274466474
201.1,-0.61735420143885,-2.2315758060090105,-0.034535356226156194,-1.6142216045701605,200.5484341538902,-2.103514436494823,-0.5482552731793932,-1.486160235055973,80155.69188506961
201.15,-0.577700673913057,-2.2298939139986347,0.10221189908200312,-1.6521932400855777,1756.68668830628,-2.1280442055321727,-0.43236642857126417,-1.5503435316191156,49850.86094812536
201.2,-0.5318329202898329,-2.2213151563557254,0.2413269024019868,-1.6894822360658925,9792.709520241222,-2.1466942240354268,-0.3130662535221705,-1.614861303745594,26136.12775850878
201.25,-0.485965166666662,-2.205727616288136,0.38245924672578774,-1.719762449621474,24595.843783426193,-2.159298780146221,-0.19064182906473437,-1.6733336134795591,9691.815197105972
201.3,-0.436063410071959,-2.1830431217388706,0.5251586852055069,-1.7469797116669117,46373.780288103844,-2.1657127910547254,-0.06547993084536147,-1.7296493809827664,1143.3656916035522
201.35,-0.382725280575547,-2.1531907859012436,0.6691164429368999,-1.7704655053256966,75282.63301808052,-2.16580522900126,0.062175310694149,-1.783079948425713,1030.8718026437225
201.4,-0.329387151079167,-2.1161186616160084,0.8138442201974467,-1.7867315105368413,111371.47267964389,-2.159460775690978,0.1919010268239766,-1.8300736246118108,9820.267758959091
201.45,-0.2704063623188295,-2.071800126814957,0.95894689096422,-1.8013937644961273,154625.28256112422,-2.1465860718333065,0.32337057296691285,-1.876179709514477,27884.940656253206
201.5,-0.209643681159432,-2.020223134836924,1.104100993375767,-1.810579453677492,204978.82373029512,-2.1270989314060373,0.45632870447805896,-1.9174552502466053,55529.56974149965
201.55,-0.148881000000035,-1.9613985814166686,1.2487433881737557,-1.8125175814166337,262203.08602362376,-2.100936562999343,0.5902869665506805,-1.9520555629993082,92916.98743456112
201.6,-0.0812028115942146,-1.8953629975782362,1.3925348471341157,-1.8141601859840217,326064.51590190845,-2.0680579936336576,0.7249805518187972,-1.9868551820394431,140159.14680413005
201.65,-0.0135246231884292,-1.822164938612246,1.535137614527816,-1.8086403154238169,396265.2795902016,-2.0284306831658325,0.8601456731700434,-2.0149060599774034,197293.48775283925
201.7,0.0553448316547169,-1.7418786208886463,1.6759791960759074,-1.7972234525433632,472311.6328680625,-1.982043724793566,0.9952948410525149,-2.037388556448283,264163.15216686693
201.75,0.127986630215838,-1.6546030837362933,1.814658724771508,-1.7825897139521314,553708.6621268587,-1.9289067896441836,1.130110182985348,-2.0568934198600215,340573.07351658045
201.8,0.200628428776959,-1.5604561859201076,1.9507340990365916,-1.7610846146970667,639863.8082651552,-1.869044235255019,1.2642358995090528,-2.069672664031978,426211.30922865705
201.85,0.275612999999993,-1.4595812785585378,2.0837151909409672,-1.7351942785585308,730076.0658015837,-1.802501367337414,1.397273277389548,-2.078114367337407,520632.696455181
201.9,0.353347782608659,-1.3521422692830014,2.213242090353395,-1.7054900518916605,823662.3924365529,-1.7293396564742962,1.5289472801327808,-2.0826874390829553,623381.2761134476
201.95,0.431082565217414,-1.2383221586257809,2.3388656947193547,-1.6694047238431948,919818.1252572434,-1.6496353903547718,1.6588979839845124,-2.0807179555721858,733851.339004768
202.0,0.510277856115098,-1.1183289678669879,2.4600952190235352,-1.628606823982086,1017642.4838703757,-1.563485253122585,1.7867264701902672,-2.073763109237683,851304.3944742859
202.05,0.590099079136648,-0.9923933985536313,2.5764810919006185,-1.5824924776902793,1116208.472416309,-1.4710041759893513,1.9120704751874686,-2.0611032551259996,974936.9338889687
202.1,0.669920302158243,-0.8607699186573778,2.6875255291430427,-1.5306902208156208,1214497.4075035548,-1.3723264709146223,2.034520044585931,-2.0422467730728653,1103805.8164858504
202.15,0.75138166666662,-0.723737149099516,2.7927940058401353,-1.4751188157661361,1311502.7414250628,-1.2676063725770192,2.1537188832032013,-2.0189880392436392,1236934.674097612
202.2,0.8329856521739453,-0.5815936239409675,2.8918785804931217,-1.4145792761149127,1406214.2820095564,-1.1570144427186535,2.2693276081369347,-1.9900000948925989,1373292.7448140006
202.25,0.914347215827353,-0.43466019525012833,2.984311593410738,-1.3490074110774812,1497544.4691161772,-1.0407401840344528,2.380943600535217,-1.9550873998618057,1511704.6477145609
202.3,0.994436064748183,-0.28328176118241977,3.06958979769668,-1.2777178259306028,1584353.475402681,-0.9189940697870209,2.4881221508500917,-1.9134301345352038,1650867.1566802363
202.35,1.07452491366906,-0.127828160876071,3.1472545146906605,-1.202353074545131,1665540.2243722999,-0.7920088774063222,2.5904480205838785,-1.866533791075382,1789445.5859591826
202.4,1.15218985507243,0.0313088304896216,3.216831199554462,-1.1208810245828085,1739994.7580005156,-0.6600375729650697,2.6874776619702057,-1.8122274280374997,1926009.6489570248
202.45,1.225900000000022,0.19370984467820476,3.2777049155664666,-1.0321901553218171,1806471.4416449033,-0.5233591961391024,2.7786244878594264,-1.7492591961391244,2058867.7452085493
202.5,1.29961014492753,0.3589266432366124,3.3294219335054835,-0.9406835016909175,1863927.7231001935,-0.3822808046547005,2.8634326661245755,-1.6818909495822303,2186465.768914479
202.55,1.36321384057968,0.5264877789816963,3.371287948639889,-0.8367260615979838,1911098.5876777947,-0.23713324362215307,2.941204690607497,-1.6003470842018332,2306849.3418804114
202.6,1.42062326086955,0.6958757077183559,3.402374976499897,-0.724747553151194,1946505.9992337693,-0.08829320385356168,3.0110072998404234,-1.5089164647231117,2417643.989251285
202.65,1.47803268115938,0.8665391625236405,3.422299925165094,-0.6114935186357395,1969370.966016212,0.06382702842336757,3.072384976439066,-1.4142056527360125,2517213.1849195953
202.7,1.5123773381295074,1.0379007159838065,3.4299318575211624,-0.47447662214570085,1978164.3887674448,0.21878509508664415,3.124154178924856,-1.2935922430428632,2602757.155651638
202.75,1.54296726618705,1.2093069617181629,3.4240465548108614,-0.33366030446888706,1971381.6836965894,0.37606055100608654,3.165013046253495,-1.1669067151809633,2671282.022121288
202.8,1.57107144927536,1.3800776517012743,3.4045039411511686,-0.19099379757408563,1948942.7318209992,0.5350991666601529,3.1946414095352296,-1.035972282615207,2721528.9961379305
202.85,1.57058956521739,1.5495086097605757,3.3700448606784996,-0.02108095545681432,1909689.4967328445,0.6953136525763768,3.21161238499385,-0.8752759126410132,2750521.0963855693
202.9,1.57010768115942,1.7168166133076723,3.3196612448700167,0.14670893214825242,1853014.9878184765,0.8560289403491859,3.2147002189149885,-0.714078740810234,2755812.665997887
202.95,1.5603814388489134,1.8812101606075684,3.2534108989629105,0.32082872175865496,1779791.9159558231,1.0165482245265944,3.2036664961791814,-0.543833214322319,2736927.738330932
203.0,1.5310109352518,2.0418802731562518,3.170524303380119,0.5108693379044518,1690260.2121854767,1.1761420151236928,3.1774252871300344,-0.3548689201281072,2692275.054744902
203.05,1.50164043165469,2.1979825060948377,3.070839647769354,0.6963420744401476,1585643.9458423657,1.3340286197687983,3.13546203348113,-0.1676118118858918,2621632.576907099
203.1,1.45959021739132,2.34868939968622,2.954673387585381,0.8890991822948999,1467946.9348474261,1.4894250230045158,3.0777144655918582,0.029834805613195847,2525953.688456901
203.15,1.40673876811598,2.4931741536031593,2.8219739960188446,1.0864353854871793,1339051.9008950172,1.6415293451369604,3.0037312841225643,0.23479057702098038,2405973.767257757
203.2,1.3538873188405622,2.630622741378009,2.673436434791285,1.2767354225374468,1201797.0133672424,1.7895326845115067,2.913825815114776,0.4356453656709445,2264101.5682211434
203.25,1.28765158273382,2.760265265891773,2.5097545441667886,1.472613683157953,1059141.27722199,1.9326516684376946,2.808312635172157,0.6450000857038747,2103098.628498023
203.3,1.21764079136693,2.881356388471636,2.3315685039735667,1.663715597104706,914087.4690938207,2.0701082938518995,2.6874656389440386,0.8524675024849695,1925992.4161346373
203.35,1.14763,2.9932023972766824,2.140201157229061,1.8455723972766824,770194.8041189794,2.201159837017682,2.5523183519195607,1.053529837017682,1737154.3918787688
203.4,1.06280644927539,3.095171758931337,1.9365541062866543,2.032365309655947,630595.2081621042,2.325111767404252,2.4034758570833876,1.262305318128862,1540452.31882206
203.45,0.9779828985506914,3.186669241740155,1.7215924870419614,2.2086863431894637,498370.2539683412,2.441291065282915,2.2416533542376675,1.4633081667322236,1340002.6028173296
203.5,0.890630739130435,3.2671672002076977,1.4968012701814044,2.376536461077263,376720.8708968671,2.5490831096549926,2.068192123440181,1.6584523705245577,1140644.9758560013
203.55,0.795271318840616,3.336204770590053,1.2633337170973333,2.540933451749437,268366.04736479,2.6479332209371447,1.8841090932784401,1.8526619020965287,946631.2200998683
203.6,0.699911898550743,3.3933764971987985,1.0224176888055834,2.6934645986480557,175771.3565705304,2.7373362951787326,1.690560491138401,2.0374243966279897,762131.939786163
203.65,0.602643215827387,3.4383456738884997,0.7754455688025912,2.8357024580611125,101109.98187793267,2.816854896719651,1.4889469748900626,2.214211680892264,591190.1584091383
203.7,0.5033061654675824,3.4708408317684527,0.5236554604514703,2.96753466630087,46108.67777158721,2.8861178540784422,1.2805418656796994,2.3828116886108597,437276.65860225214
203.75,0.403969115107891,3.4906512078061165,0.2682590301254642,3.0866820926982257,12100.410270564438,2.9448174765147708,1.066635673230623,2.54084836140688,303389.77584217186
203.8,0.304301608695662,3.4976261276701237,0.010420590286585762,3.1933245189744617,18.25895998807011,2.9927110787904043,0.8485038921534609,2.6884094700947423,191989.02799988588
203.85,0.20449247826086,3.491670218029073,-0.24880631808067832,3.287177739768213,10409.124529729203,3.0296171247931727,0.6273222653794606,2.8251246465323128,104942.19323755158
203.9,0.104683347826115,3.472738450722949,-0.5084612718213857,3.3680551028968337,43471.7530744625,3.055410679137811,0.40417749408134707,2.950727331311696,43562.51912583396
203.95,0.0091764359711809,3.4408333770104567,-0.7675648753523325,3.4316569410392757,99065.30495528442,3.070020926581618,0.1801889617590149,3.060844490610437,8658.14985061113
204.0,-0.0860558661870531,3.396005994267384,-1.0252311183692728,3.4820618604544373,176740.04232899816,3.073432318481496,-0.043640458730522386,3.159488184668549,507.86390352278073
204.05,-0.180303579710111,3.338346242219647,-1.2807428741468105,3.518649821929758,275813.3554498825,3.0656727568286346,-0.2665227705778588,3.2459763365387455,18942.503263066123
204.1,-0.269382202898534,3.2679805482926274,-1.5333281402501329,3.5373627511911616,395331.67046057293,3.046809655669344,-0.4876343500909365,3.316191858567878,63409.93583696267
204.15,-0.358460826086906,3.1850737665922004,-1.7822960271340176,3.5435345926791064,534135.0451496745,3.0169503933985733,-0.7062861177420803,3.3754112194854793,133024.02136404792
204.2,-0.444265101449291,3.0898213997748982,-2.0270392491136264,3.534086501224189,690900.8248996676,2.976231249095768,-0.9219302789957943,3.4204963505450587,226654.78382113684
204.25,-0.525157855072448,2.982452047138555,-2.266852101292898,3.507609902211003,864047.7968425509,2.9248175429055823,-1.1339681398621073,3.4499753979780303,342902.3312592874
204.3,-0.606050608695606,2.863228699307839,-2.501115915529469,3.469279308003445,1051862.6517053114,2.8629020037617465,-1.3419549764401821,3.4689526124573526,480224.8423446853
204.35,-0.680707769784153,2.7324440018120257,-2.7291677356033057,3.413151771596179,1252425.3576586365,2.790696775316827,-1.54546116505322,3.47140454510098,636920.0567167083
204.4,-0.751857410071908,2.5904284168482086,-2.950230589886001,3.3422858269201168,1463535.6939683233,2.7084386087297716,-1.7440062566980479,3.46029601880168,811082.0862405167
204.45,-0.8230070503597398,2.4375482448158867,-3.1636559880435926,3.2605552951756263,1682944.9138535107,2.6163838741684593,-1.9372893754060763,3.4393909245281993,1000824.0330830041
204.5,-0.885970797101455,2.274203784073271,-3.368622807851015,3.160174581174726,1908078.1790827243,2.5148043402769615,-2.124893371229518,3.4007751373784165,1204045.8237587058
204.55,-0.947601956521722,2.1008421175174035,-3.564220817276003,3.0484440740391254,2136095.180758225,2.4039968097383237,-2.3063614968808896,3.3515987662600457,1418480.8944785756
204.6,-1.00812107913669,1.9179503935060902,-3.749698006623524,2.9260714726427803,2364198.727112166,2.2842752823162122,-2.4814042965183583,3.2923963614529024,1641964.6087412718
204.65,-1.05863187050357,1.7260588407753654,-3.923983077698765,2.7846907112789356,2589081.0555583383,2.155972700702338,-2.6494671138945334,3.214604571205908,1871913.5966956343
204.7,-1.109142661870517,1.525756721256379,-4.0859919333166586,2.634899383126896,2807284.353804441,2.01945421444963,-2.8099911708513208,3.128596876320147,2105613.434736634
204.75,-1.15631434782608,1.3176791540938608,-4.234832380748149,2.473993501919941,3015531.3350914014,1.8751060297734574,-2.962568024084495,3.031420377599537,2340482.4792874423
204.8,-1.19639043478259,1.1025122882230896,-4.369346757827064,2.2989027230056793,3210143.3028762406,1.7233408332726778,-3.1065388491215122,2.919731268055268,2573488.9656269895
204.85,-1.23646652173912,0.8810005132555377,-4.48850384299448,2.117467034994658,3387619.296925064,1.5646054335733062,-3.2413127877593313,2.801071955312426,2801628.9568245783
204.9,-1.27038834532372,0.6539341106760816,-4.591333328345134,1.9243224559998016,3544614.765718134,1.3993727336284165,-3.3662960218647955,2.6697610789521367,3021853.0418193997
204.95,-1.2994746762589964,0.4221579932745607,-4.676720480312012,1.721632669533557,3677682.4104749914,1.2281520050296673,-3.480709601493684,2.5276266812886634,3230757.154648085
205.0,-1.32856100719425,0.1865659166552059,-4.74388477463357,1.5151269238494558,3784074.3332279436,1.0514875329077629,-3.5839796412887135,2.380048540102013,3425309.3517791936
205.05,-1.3493052173913,-0.05191277862789406,-4.791995115105333,1.297392438763406,3861216.2805921547,0.8699515156283057,-3.6754027430380765,2.2192567330196056,3602289.4196084845
205.1,-1.36769652173913,-0.2923023760242705,-4.820242583970316,1.0753941457148595,3906872.025796288,0.6841577070892594,-3.7542019929366885,2.051854228828389,3758408.6943386146
205.15,-1.38587072463768,-0.5336010077088965,-4.8283392573537895,0.8522697169287835,3920007.97621985,0.49474887872917106,-3.8199513408540215,1.880619603366851,3891207.532397983
205.2,-1.3934069565217442,-0.7747917605859396,-4.8157745346887655,0.6186151959358046,3899632.5534607684,0.3023921690401534,-3.871928333941434,1.6957991255618976,3997821.0728475973
205.25,-1.4009431884058,-1.014828622367962,-4.782231301558191,0.386114566037838,3845497.6551078074,0.10779654151013002,-3.9094806229507006,1.50873972991593,4075743.6643272
205.3,-1.40562589928058,-1.2526691542853008,-4.727955397158483,0.15295674499527911,3758704.0941246445,-0.0883113097632823,-3.932363066525088,1.3173145895172975,4123594.476525492
205.35,-1.40218705035971,-1.4872791582389713,-4.652990929678513,-0.08509210787926125,3640456.175045309,-0.28518650947078117,-3.940055597069075,1.1170005408889288,4139743.4954654262
205.4,-1.39874820143885,-1.7176295980489709,-4.55771800025783,-0.31888139661012094,3492901.160724074,-0.4820587843995854,-3.932269044690892,0.9166894170392645,4123397.2906224593
205.45,-1.3899826086956415,-1.9427239832069652,-4.442836737711625,-0.5527413745113237,3319037.0783918574,-0.6781544036772834,-3.9089480043665805,0.7118282050183581,4074633.200224393
205.5,-1.37544637681159,-2.161596238595075,-4.308942947792815,-0.786149861783485,3121999.8879229743,-0.8726910524669697,-3.8698814583825265,0.5027553243446204,3993595.3338487656
205.55,-1.36091014492754,-2.373318219528973,-4.157052788659448,-1.012408074601433,2905778.287337388,-1.0648828303303006,-3.8152378331724086,0.2960273145972394,3881610.5929786926
205.6,-1.33901352517986,-2.577019415491883,-3.9882439562769907,-1.238005890312023,2674575.283501155,-1.2539586297662089,-3.7452283941468485,0.08505489541365119,3740462.8598196753
205.65,-1.31425453237411,-2.7718783447555313,-3.8035840178575495,-1.4576238123814214,2432637.6448784433,-1.4391528272962626,-3.6600543606831804,-0.12489829492215265,3572266.112841591
205.7,-1.2894955395683303,-2.9571385437048106,-3.6045703852845445,-1.6676430041364803,2184733.2376233744,-1.619722597827678,-3.560397194934881,-0.3302270582593476,3380380.8495200453
205.75,-1.25517130434783,-3.1321171135148016,-3.3924647623297495,-1.8769458091669715,1935183.2039965205,-1.7949587796193147,-3.4467201137739445,-0.5397874752714846,3167967.8780516996
205.8,-1.22023652173915,-3.296188326450802,-3.168557601380842,-2.075951804711652,1688163.8982672452,-1.964170049761176,-3.3195733145933284,-0.7439335280220261,2938551.19758937
205.85,-1.18361496402879,-3.448803469294564,-2.9344850933479982,-2.265188505265774,1447955.4863342973,-2.126708588598518,-3.179978238436459,-0.9430936245697281,2696603.092514519
205.9,-1.13930920863311,-3.5894896810250714,-2.691583021809551,-2.4501804723919616,1218167.3515883395,-2.2819729649226983,-3.028692362087759,-1.1426637562895883,2446127.313111661
205.95,-1.0950034532373825,-3.7178376489697764,-2.4412294829281302,-2.622834195732394,1002094.3373410736,-2.4293981034216263,-2.866623951908366,-1.3343946501842439,2191342.101774597
206.0,-1.0466972463768,-3.8335128302061743,-2.1848842153461154,-2.786815583829374,802690.7339601084,-2.5684742984051634,-2.6948926220353395,-1.5217770520283633,1936652.3318134688
206.05,-0.992390362318851,-3.9362459060787174,-1.9237251578637662,-2.9438555437598666,622267.9663064936,-2.6987409015476618,-2.514373940090206,-1.7063505392288107,1685887.016161266
206.1,-0.93808347826087,-4.025825816340464,-1.658987621764663,-3.087742338079594,462783.30853302847,-2.819783113348543,-2.3261381643736003,-1.8816996350876731,1442911.6692681022
206.15,-0.877689637681184,-4.102104042558467,-1.3918074336321908,-3.2244144048772827,325723.95453866455,-2.9312437292719107,-2.1312418314124075,-2.0535540915907267,1211251.1317232302
206.2,-0.8138718840579467,-4.164981527448381,-1.1231190141064284,-3.3511096433904344,212101.1166518295,-3.0328112891521073,-1.9305822549626295,-2.2189394050941607,993906.0915137577
206.25,-0.750054130434783,-4.2144076266231405,-0.8539241293822504,-3.4643534961883575,122611.15022206129,-3.1242244749579067,-1.7252692889797112,-2.3741703445231237,793747.7651990822
206.3,-0.67915090647485,-4.250378765730576,-0.5850135689005824,-3.5712278592557265,57547.07761427008,-3.2052759178477745,-1.5162156930236963,-2.5261250113729243,613042.6740723541
206.35,-0.607281482014407,-4.272924922089555,-0.31705260801265145,-3.6656434400751476,16902.621066132073,-3.27579756444059,-1.30424829127908,-2.668516082426183,453616.96141450666
206.4,-0.534746971014543,-4.282111867610145,-0.05075582028508108,-3.747364896595602,433.17471398497486,-3.3356687935971974,-1.0903583941375028,-2.800921822582654,317035.0473776304
206.45,-0.4562266811593953,-4.278036656068675,0.2133764055784319,-3.82180997490928,7655.687284554639,-3.3848137114180528,-0.8752833696367837,-2.9285870302586576,204298.92724339265
206.5,-0.377706391304336,-4.26081758355121,0.47491256723529185,-3.8831111922468744,37924.400091864656,-3.4231889857550915,-0.6597141410534733,-3.0454825944507555,116059.39944157921
206.55,-0.298284539568354,-4.230596322235145,0.7333978059262332,-3.9323117826667904,90442.09381587662,-3.4507898314099386,-0.44442217751582125,-3.1525052918415843,52669.619164774434
206.6,-0.217112597122298,-4.1875344990039105,0.9884849619183832,-3.9704219018816125,164297.71698351382,-3.4676463524203385,-0.23003449364881703,-3.2505337552980405,14110.898204871371
206.65,-0.135940654676289,-4.1318096104994595,1.2398683230856582,-3.9958689558231706,258489.27259108302,-3.4738179155298416,-0.017119974610194433,-3.3378772608535527,78.15827484098722
206.7,-0.0541856956521427,-4.063614113830639,1.4872674421852,-4.009428418178497,371937.1313428218,-3.4693916022319526,0.19380388532932458,-3.41520590657981,10015.98559166453
206.75,0.0280273478260869,-3.983153288857833,1.7304432418095512,-4.01118063668392,503507.6965980903,-3.454477859006803,0.40231203867537985,-3.4825052068328897,43161.32705683742
206.8,0.110240391304317,-3.890644027172158,1.9691663128861479,-4.000884418476475,652012.9033023006,-3.429206846931849,0.6080372574840365,-3.539447238236166,98589.14839698894
206.85,0.190493071942429,-3.7863152967344624,2.20317199317638,-3.9768083686768914,816184.2308848702,-3.3937265538558474,0.8106211766880359,-3.5842196257982764,175228.45122535893
206.9,0.270255661870453,-3.6704101172691024,2.4321807771556117,-3.9406657791395556,994679.3428007829,-3.3482022343104316,1.0097579992690262,-3.6184578961808844,271896.32455674314
206.95,0.349937492753631,-3.543184908880402,2.655928241916606,-3.893122401634033,1186107.547572168,-3.292811736431553,1.2052385666510728,-3.642749229185184,387360.0006781686
207.0,0.425662130434777,-3.4049109924763785,2.874052980146847,-3.8305731229111557,1388931.8425642909,-3.2277435017044547,1.3968142661301017,-3.653405632139232,520290.69175055326
207.05,0.501386768115923,-3.2558800420149137,3.0861511593158486,-3.7572668101308366,1601495.723301823,-3.153198977268617,1.5842715442022501,-3.65458574538454,669311.0202050619
207.1,0.575317546762596,-3.096403189788531,3.2918093349576334,-3.6717207365511273,1822051.8870010457,-3.069387442227681,1.7674643491899376,-3.644704988990277,833048.0601753092
207.15,0.644142726618683,-2.926816190169596,3.490440566107977,-3.570958916788279,2048575.10244285,-2.976527894954257,1.9461367001021328,-3.62067062157294,1009986.1481291784
207.2,0.712967906474845,-2.7474865309527003,3.681426807701106,-3.460454437427545,2278891.9605645593,-2.874852745580059,2.120070770560199,-3.587820652054904,1198586.6859156576
207.25,0.778054043478261,-2.5588118699604117,3.864109622345724,-3.3368659134386727,2510673.6957938657,-2.7646031692970077,2.2890634127185754,-3.5426572127752687,1397283.0153191497
207.3,0.839089550724615,-2.36122784933497,4.037654004216795,-3.2003174000595846,2741256.0071799573,-2.6460341634920868,2.452789730685677,-3.4851237142167015,1604313.9901218978
207.35,0.900125057971003,-2.1552121142026324,4.201259590109373,-3.055337172173635,2967907.963011287,-2.5194163842779025,2.6109840369528277,-3.4195414422489057,1817930.0376593296
207.4,0.95413195652171,-1.9412833251832313,4.353977938968676,-2.8954152817049414,3187600.187944353,-2.38503430889065,2.763263962091395,-3.33916626541236,2036167.3931181424
207.45,1.005405507246389,-1.720013873989834,4.49472394083186,-2.725419381236223,3397014.8212931454,-2.24319683848518,2.9091318075748047,-3.248602345731569,2256812.7663582535
207.5,1.056679057971,-1.4920252715288622,4.622612101493882,-2.548704329499862,3593075.137479955,-2.094233823432438,3.0482373749871523,-3.1509128814034377,2477800.2918049507
207.55,1.09700568345322,-1.2579867354442358,4.736457142827048,-2.3549924188974556,3772233.949878842,-1.9384963003407498,3.1799491923802012,-3.03550198379397,2696553.8309651986
207.6,1.13687618705036,-1.0186336877617217,4.835059483916933,-2.155509874812082,3930927.538018941,-1.7763736166758461,3.3035782927648336,-2.913249803726206,2910301.20971387
207.65,1.1746204347826,-0.7747487477747812,4.917590116309334,-1.9493691825573811,4066268.4782151114,-1.608280754464038,3.418670585423146,-2.7829011892466378,3116615.6191033167
207.7,1.202678405797116,-0.5271615409642421,4.982914711532939,-1.729839946761358,4175017.5259184935,-1.434661864054806,3.5244440367372496,-2.637340269851922,3312454.8714914024
207.75,1.2307363768116,-0.27676019759321724,5.030073042017102,-1.5074965744048172,4254416.246076098,-1.2560038691445141,3.6201679705761975,-2.4867402459561143,3494830.969382876
207.8,1.253695,-0.024467993579342928,5.058415102010801,-1.2781629935793428,4302494.523189686,-1.0728222547990236,3.705261959157395,-2.3265172547990236,3661057.6495943726
207.85,1.26961166666667,0.22875380779734483,5.067116913747323,-1.0408578588693251,4317310.112460601,-0.8856688000510543,3.7788900300830615,-2.1552804667177243,3808002.6291896435
207.9,1.28552833333333,0.4819090052724,5.055748540588005,-0.8036193280609301,4297959.568384639,-0.6951347737950488,3.8404300406184735,-1.980663107128379,3933040.772502616
207.95,1.2938007913669125,0.7339892550905148,5.0240270848775355,-0.5598115362763977,4244195.098344281,-0.5018376056162628,3.889264374862555,-1.7956383969831753,4033700.6340200063
208.0,1.29813532374101,0.9839676647879576,4.971674529963095,-0.31416765895305243,4156203.2258438678,-0.3064323543581121,3.9246616638054235,-1.604567678099122,4107458.4467583885
208.05,1.30246985611511,1.2308175081669799,4.898981399894288,-0.07165234794813014,4035552.2668216666,-0.10960115628620729,3.9462807715070025,-1.4120710124013174,4152835.180684241
208.1,1.29765579710145,1.4735304985699131,4.8061815539777015,0.17587470146846318,3884111.959505764,0.08795775079560139,3.9536263816611403,-1.2096980463058487,4168309.75087119
208.15,1.29159420289855,1.7111066186220603,4.693649502148785,0.41951241572351017,3704355.9100826792,0.28551588717316045,3.946242101058948,-1.0060783157253896,4152753.792045371
208.2,1.2844358273381211,1.9425823091802479,4.562338351866823,0.6581464818421268,3499986.553722311,0.48233664387808867,3.9241447509656058,-0.8020991834600324,4106376.5404082444
208.25,1.26923438848921,2.1670404984706972,4.413039390778503,0.8978061099814871,3274665.9446055777,0.6776818533099296,3.8871432484066006,-0.5915525351792805,4029302.035635472
208.3,1.25403294964029,2.3836030518494735,4.2467553299044845,1.1295701022091835,3032535.380064997,0.8708022266705512,3.835223480439955,-0.3832307229697388,3922383.771978123
208.35,1.23602971014493,2.591455787163378,4.064862345259981,1.3554260770184479,2778325.2208809652,1.0609614298753574,3.768743621983132,-0.17506828026957266,3787580.9301969428
208.4,1.21258768115943,2.7898494329922774,3.8685831871195613,1.5772617518328473,2516490.385315273,1.2474374052985517,3.68791905813285,0.034849724139121685,3626865.8611571966
208.45,1.1891456521739043,2.978098086147159,3.6593447228396276,1.7889524339732545,2251635.26663132,1.429522070063041,3.593223722415609,0.24037641788913677,3443001.79182141
208.5,1.16155992805756,3.1555932904779453,3.438670909775505,1.9940333624203854,1988257.4784460492,1.6065392385197306,3.4853011637115805,0.44497931046217065,3239286.4538051463
208.55,1.13097359712232,3.3217981010369875,3.2079722441445417,2.1908245039146674,1730424.2771904427,1.7778416229269207,3.3647490254940178,0.6468680258046007,3019076.2678834517
208.6,1.10038726618706,3.476249582718639,2.9688148835332555,2.375862316531579,1482032.1758290287,1.9428183364444103,3.232451254709419,0.8424310702573503,2786330.963752666
208.65,1.06398652173915,3.618562184437482,2.722611222461293,2.554575662698332,1246414.9688039215,2.100904501900088,3.0892217513114306,1.036917980160938,2544877.6076735104
208.7,1.0261321739130282,3.748415060438793,2.470664309604124,2.7222828865257647,1026405.2826277444,2.251571703150398,2.935864829620356,1.2254395292373699,2298480.6127471365
208.75,0.988017496402869,3.865556694379358,2.21439625293768,2.877539197976489,824521.6641716867,2.3943405017873545,2.773478639243668,1.4063230053844855,2051249.003290909
208.8,0.94365490647483,3.969802051894902,1.9549657166373362,3.0261471454200723,642642.8602543509,2.5287839362529483,2.6029551717574564,1.5851290297781184,1806766.833647704
208.85,0.899292316546766,4.061018496580151,1.693442034317775,3.161726180033385,482205.39658913447,2.6545156728819186,2.425208901348342,1.7552233563351525,1568436.857381129
208.9,0.853212855072488,4.139129750788926,1.430921510335943,3.2859168957164377,344288.8990257801,2.7712027894183575,2.2413381518476045,1.9179899343458695,1339625.7895807028
208.95,0.8022469130434641,4.204108066398144,1.1682405325397252,3.4018611533546794,229485.86237836082,2.878561792540583,2.0522038725759453,2.0763148794971187,1123077.5292308552
209.0,0.751280971014498,4.255964191351777,0.9061759415018346,3.5046832203372786,138075.44474495188,2.9763505621647712,1.858708922187001,2.225069591150273,921279.6953113502
209.05,0.697788467625921,4.294748167578743,0.6454559868960628,3.596959699952822,70052.66508322775,3.064375886555183,1.661802729033219,2.366587418929262,736423.5493926011
209.1,0.641769402877699,4.320541629819834,0.38664103745009437,3.678772226942135,25136.64375755228,3.142487282274541,1.462279775484491,2.5007178793968423,570203.2378109263
209.15,0.58575033812951,4.333452858463787,0.1302558697273622,3.7477025203342764,2852.8964031211417,3.210574158663858,1.2609699365243865,2.6248238205343477,424012.04821821745
209.2,0.5264254347825745,4.333614775759006,-0.12327999567489067,3.8071893409764317,2555.5043015137603,3.2685667646944445,1.0586057814750363,2.74214132991187,298838.9868192993
209.25,0.46581492753622,4.3211777109394625,-0.3736488575174393,3.8553627834032422,23475.70874441489,3.316427589514424,0.8558084791663023,2.8506126619782037,195308.8408034505
209.3,0.405204420289867,4.296308079695961,-0.6205300880086636,3.891103659406094,64746.617344223676,3.354151525955287,0.653241306653791,2.9489471056654204,113793.12125833394
209.35,0.342033217391304,4.25918686172808,-0.8636846700774232,3.917153644336776,125430.1142127376,3.381764714594765,0.45144988382619883,3.0397314972034613,54348.53269511691
209.4,0.278755318840604,4.210004999728451,-1.1029187281353465,3.9312496808878468,204540.07837645544,3.3993173801086636,0.2509059387718353,3.1205620612680596,16787.677362926926
209.45,0.2152511151078893,4.14896378686053,-1.3380270739394433,3.9337126717526405,301037.9151710766,3.4068840380356056,0.05208151389291213,3.1916329229277163,723.3290905006932
209.5,0.150841690647485,4.07627388642884,-1.5688414319521249,3.925432195781355,413856.2286011526,3.4045605524967284,-0.14464551781633814,3.253718861849243,5579.2868864950915
209.55,0.0864322661870796,3.9921539430116786,-1.7951990232842316,3.905721676824599,541896.8193537708,3.392459861842426,-0.33895377238043944,3.306027595655346,30637.242616248204
209.6,0.0217833521739315,3.8968312205465234,-2.0169231455149546,3.875047868372592,684022.0393221027,3.37071025617273,-0.5305605139938201,3.3489269039987986,75065.18906916976
209.65,-0.0431962855072032,3.7905419034671115,-2.233831039992784,3.8337381889743147,839058.1072595117,3.3394526134183593,-0.7192419907520637,3.3826488989255625,137949.0776695978
209.7,-0.1081759231884114,3.6735318824666705,-2.4457128065488236,3.781707805655082,1005778.4143058499,3.2988380085545552,-0.904808890410686,3.4070139317429664,218314.43417765782
209.75,-0.17227443884891,3.546058833099317,-2.652301299918536,3.718333271948227,1182870.256866325,3.2490268093640338,-1.087072817582644,3.4213012482129437,315127.2828605516
209.8,-0.235919043165443,3.4083952705970337,-2.853277770400361,3.644314313762477,1368924.515274093,3.1901887226920524,-1.265858577148321,3.4261077658574957,427306.11662399257
209.85,-0.299563647482013,3.2608303659387747,-3.048294570355314,3.5603940134207877,1562446.87731518,3.122501222878669,-1.4410291708259142,3.422064870360682,553750.6856456592
209.9,-0.361560130434759,3.103672261669928,-3.236923046467449,3.465232392104687,1761798.1307535905,3.0461487703716856,-1.6124226757466018,3.4077089008064445,693308.5027364882
209.95,-0.4233318695652409,2.9372526827862906,-3.4186730862511268,3.3605845523515314,1965199.0309596036,2.9613247176922988,-1.7798708307245985,3.3846565872575396,844784.0464171394
210.0,-0.484705826086957,2.761928126326646,-3.593031758886711,3.246633952413603,2170768.4818752687,2.868229837532275,-1.9432301315025926,3.352935663619232,1006971.5583945556
210.05,-0.543162710144905,2.578083334904653,-3.759359621778015,3.121246045049558,2376397.792725799,2.767073668919199,-2.102271527741097,3.3102363790641043,1178545.487026903
210.1,-0.601619594202888,2.3861373033073447,-3.916979108653697,2.987756897510233,2579846.7344404752,2.6580785702746605,-2.256759679210564,3.2596981644775487,1358123.7999228183
210.15,-0.658302748201412,2.1865419720801267,-4.065205928640317,2.8448447202815386,2778794.9178267857,2.541477350415645,-2.4064686645993203,3.199780098617057,1544291.0489862498
210.2,-0.7118326043165695,1.9797868610715077,-4.203224370756038,2.691619465388077,2970684.583472557,2.4175170007134317,-2.5510595460323344,3.129349605030001,1735441.2819740535
210.25,-0.765362460431666,1.7664026521566767,-4.330257931226304,2.5317651125883427,3152963.382313577,2.2864619000799276,-2.6902201279095763,3.051824360511594,1929942.489762618
210.3,-0.816039724637677,1.5469570269561548,-4.445536335957459,2.362996751593832,3323071.792878933,2.1485909823661413,-2.823620869324882,2.9646307070038183,2126089.2836498674
210.35,-0.864651318840584,1.3220588853401278,-4.548226174857445,2.186710204180712,3478367.797768262,2.004202761502482,-2.9508446902498764,2.868854080343066,2321995.8362602373
210.4,-0.913262913043464,1.0923558789749612,-4.637632486976592,2.005618792018425,3616463.2369179935,1.8536152712354357,-3.0715433302094,2.7668781842789,2515834.247827694
210.45,-0.9569358561151272,0.8585298601534346,-4.7129900001160525,1.815465716268562,3734946.901188378,1.6971649343024935,-3.185251573456958,2.654100790417621,2705554.0229893406
210.5,-0.999524705035973,0.6213036266380783,-4.77354873616024,1.6208283316740513,3831546.6466252157,1.535215288944318,-3.2914498425895324,2.534739993980291,2888971.2176753758
210.55,-1.04187028985506,0.38142961391566255,-4.818836613984703,1.4232999037707226,3904593.2426777105,1.3681512477579743,-3.389771064457979,2.4100215376130345,3064146.098516422
210.6,-1.07837753623188,0.13968440293341197,-4.848265047096428,1.2180619391652918,3952429.2386042746,1.1963786261649378,-3.4796662080213827,2.2747561623968178,3228820.511798909
210.65,-1.11488478260867,-0.10312458522508697,-4.86136312868489,1.011760197383583,3973813.865918664,1.0203340800207146,-3.560595644923496,2.135218862629385,3380757.6924395114
210.7,-1.1492524637681163,-0.34617654941008336,-4.857947716636103,0.8030759143580329,3968232.121155401,0.8404750263302883,-3.632168839815903,1.9897274900984045,3518040.128247895
210.75,-1.1781184057971,-0.5886387674889395,-4.837705410799966,0.5894796383081604,3935231.018783915,0.6572830952296304,-3.6937899506607885,1.8354015010267304,3638422.4532273686
210.8,-1.20698434782607,-0.8296652697350759,-4.800562615043064,0.3773190780909941,3875035.3859160687,0.4712699649917864,-3.7449778344864106,1.6782543128178564,3739962.3948785407
210.85,-1.23125683453237,-1.068415043726689,-4.746629538957038,0.16284179080568095,3788454.455196387,0.2829660808779508,-3.7853225855638772,1.5142229154103208,3820977.887141333
210.9,-1.25128920863308,-1.3040490697126728,-4.675956111168424,-0.05275986107959274,3676480.3385355338,0.09292760238805181,-3.8142772228493014,1.3442168110211319,3879656.195399195
210.95,-1.2713215827338176,-1.5357385204974185,-4.588962783682418,-0.264416937763601,3540955.4807876237,-0.09826700367436422,-3.8315578060250117,1.1730545790594533,3914889.392242987
211.0,-1.28446891304348,-1.7626803616599507,-4.486078727952639,-0.4782114486164706,3383959.6600212688,-0.2900278662269952,-3.8368242108058634,0.9944410468164848,3925658.67323361
211.05,-1.29519717391304,-1.9840889111822841,-4.367753083542899,-0.6888917372692442,3207801.9964413587,-0.4817428984962824,-3.8297039871204146,0.8134542754167575,3911102.034390934
211.1,-1.30592543478261,-2.19921328981799,-4.234890510232475,-0.89328785503538,3015614.1211234257,-0.6727923258745798,-3.8102323345912716,0.6331331089080301,3871432.118283961
211.15,-1.30697899280575,-2.4073466084507613,-4.0881535931965995,-1.1003676156450113,2810255.480167302,-0.8625564173416487,-3.778183354005857,0.44442257546410135,3806578.521729853
211.2,-1.3078351079136694,-2.6078099624561637,-3.9282993537175934,-1.2999748545424943,2594780.027471891,-1.0503987018685017,-3.7334217716195743,0.2574364060451677,3716916.833280811
211.25,-1.30672724637681,-2.7999776905739733,-3.756516837199601,-1.4932504441971632,2372805.1421533134,-1.2356921330618178,-3.676277230551731,0.07103511331499224,3604003.806899495
211.3,-1.29776347826087,-2.9832776471192894,-3.5736977246506285,-1.6855141688584194,2147469.610141133,-1.4178207256010722,-3.606795961740937,-0.12005724734020218,3469060.562568195
211.35,-1.28879971014493,-3.157180577314682,-3.38086552263084,-1.8683808671697522,1921972.5848582725,-1.5961700369649616,-3.525216951457238,-0.3073703268200316,3313907.8812910565
211.4,-1.27581884892087,-3.32121737324829,-3.1792237768323606,-2.04539852432742,1699548.6110764968,-1.770149181897294,-3.4320474750488144,-0.49433033297642415,3141053.2989303847
211.45,-1.2577253237409998,-3.474972553185014,-2.9697573454594224,-2.2172472294440144,1482973.279034969,-1.9391871549764512,-3.327623887619364,-0.6814618312354515,2952821.5299880025
211.5,-1.23963179856115,-3.6180816061632695,-2.753597782158299,-2.378449807602119,1274947.7937207385,-2.1027340363167664,-3.2125502571696214,-0.8631022377556163,2752127.7746241605
211.55,-1.21587521739131,-3.7502386632955558,-2.5318161403801605,-2.534363445904246,1077843.5414062138,-2.2602751909375502,-3.08745994804322,-1.0443999735462401,2541975.7148722783
211.6,-1.18920130434783,-3.871184851095008,-2.3053289669337405,-2.681983546747178,893628.9093500482,-2.4113222261778997,-2.952902900154523,-1.2221209218300697,2325236.143397598
211.65,-1.16252739130436,-3.9807109374554015,-2.075199712847002,-2.8181835461510416,724121.0836284597,-2.5554219390935615,-2.8097334778902217,-1.3928945477892016,2105227.2578072217
211.7,-1.1291046043165407,-4.0786584939559605,-1.8422878087251713,-2.94955388963942,570698.0015172696,-2.692163701682336,-2.6586531570935614,-1.5630590973657954,1884916.4292596166
211.75,-1.09493194244605,-4.164906230356293,-1.6073616835290445,-3.0699742879102434,434428.8094440101,-2.821166962826778,-2.500354514289395,-1.7262350203807282,1667139.3859006283
211.8,-1.05988047826089,-4.239375793900364,-1.371298479840527,-3.179495315639474,316195.28129845945,-2.942094765357038,-2.335791194993016,-1.8822142870961482,1454912.1350951737
211.85,-1.01838446376812,-4.302027557464152,-1.134720551153263,-3.283643093696032,216505.6510462404,-3.054653312324552,-2.1656614345894236,-2.036268848556432,1250690.5198047787
211.9,-0.976888449275376,-4.352848975681391,-0.8982050434737289,-3.375960526406015,135657.0516713314,-3.1585803130084664,-1.9906931730228101,-2.18169186373309,1056762.4824318998
211.95,-0.9330623478260596,-4.391859412986605,-0.6623661288052475,-3.4587970651605455,73771.33238210501,-3.2536564761160287,-1.8117531497759962,-2.320594128289969,875319.8601928649
212.0,-0.885093869565208,-4.419104061017897,-0.4276316014635792,-3.5340101914526896,30748.998726283975,-3.3397005482647346,-1.6295059305894428,-2.454606678699527,708077.2207536444
212.05,-0.837125391304357,-4.434648045493313,-0.19442076540114903,-3.597522654188956,6355.894684426186,-3.416563912938761,-1.4446652633930954,-2.579438521634404,556548.7262012379
212.1,-0.785841021582735,-4.438577802228997,0.03689393677973796,-3.6527367806462614,228.87660026744123,-3.4841354132500095,-1.257921584824989,-2.6982943916672744,421964.4569516299
212.15,-0.73234605755398,-4.430994665809217,0.26605145673098346,-3.698648608255237,11902.0748667216,-3.542333687403669,-1.069831028172298,-2.809987629849689,305210.247690719
212.2,-0.6788510935251619,-4.412013412959438,0.4927671585109714,-3.7331623194342765,40829.57945348117,-3.5911063418053395,-0.8810054801514372,-2.912255248280178,206978.84161516387
212.25,-0.62056955797102,-4.381761737405481,0.7168581770706793,-3.7611921794344605,86408.78179203275,-3.6304297691166396,-0.6919088194495344,-3.00986021114562,127663.41718187959
212.3,-0.561237311594231,-4.340373517933751,0.9381963675637717,-3.7791362063395195,148005.85280532646,-3.660299066412565,-0.5029186787020239,-3.099061754818334,67447.25263663722
212.35,-0.501664194244622,-4.2879913459448415,1.156581879744905,-3.7863271517002195,224928.33225400466,-3.6807311919848407,-0.3144978361106948,-3.1790669977402186,26375.70371154919
212.4,-0.438317431654707,-4.224766661516543,1.3718888570802537,-3.7864492298618355,316467.59937374474,-3.6917637795333693,-0.12696990546944667,-3.253446347878662,4299.028505312061
212.45,-0.3749706690647193,-4.150855883965252,1.5839914389877376,-3.7758852149005326,421887.88609013415,-3.6934478510687283,0.059381354338840536,-3.318477182004009,940.305398163983
212.5,-0.310425391304335,-4.066423976003838,1.7927070573913368,-3.755998584699503,540393.4193208184,-3.685850469041034,0.24424594924792484,-3.3754250777366988,15908.288993071968
212.55,-0.242798217391317,-3.9716437776261166,1.9979069450573814,-3.7288455602347996,671184.48445838,-3.6690511587127124,0.427438566759407,-3.4262529413213954,48720.99422755628
212.6,-0.175171043478261,-3.8666947579321462,2.1994181142450984,-3.691523714453885,813405.2861464306,-3.6431376192029994,0.6087732474571471,-3.467966575724738,98827.96448520558
212.65,-0.106050508695679,-3.7517672970141667,2.397009162051781,-3.6457167883184876,966119.3565247888,-3.6082081131996806,0.7880531315437268,-3.5021576045040015,165607.39683623318
212.7,-0.035551486956495,-3.627063000592019,2.5904502986906808,-3.591511513635524,1128345.0388228206,-3.5643688558960904,0.965141791821791,-3.5288173689395954,248399.64755226066
212.75,0.0349475347826086,-3.492796364825585,2.779445026880994,-3.527743899608194,1298995.2797157858,-3.5117330394494153,1.1398858562483278,-3.546680574232024,346490.60407332896
212.8,0.106269275539539,-3.3491983479221212,2.9636483074598052,-3.45546762346166,1476878.3554790705,-3.4504218602853447,1.3121359460052469,-3.5566911358248836,459120.1975464225
212.85,0.17785082230214,-3.196517649744348,3.1426842091807923,-3.374368472046488,1660706.4870931318,-3.380563208387613,1.4817614933011765,-3.558414030689753,585497.899474702
212.9,0.249432369064701,-3.035023283604505,3.3161183514905375,-3.284455652669206,1849061.854774603,-3.302291850176793,1.6486197413796322,-3.551724219241494,724785.8804444388
212.95,0.3217275869565431,-2.86500681790972,3.4834921889901147,-3.186734404866263,2040427.074077249,-3.2157495178834763,1.8125817501085573,-3.5374771048400193,876120.6935537602
213.0,0.394037369565226,-2.686783270408066,3.644313652374473,-3.080820639973292,2233175.6891102875,-3.1210841458251766,1.973516069538949,-3.5151215153904025,1038604.1804609234
213.05,0.465929294964022,-2.500693941172569,3.798025919080046,-2.966623236136591,2425533.3130722814,-3.018451157809288,2.13125585261431,-3.48438045277331,1211267.0691474003
213.1,0.536339726618709,-2.307109740460341,3.943994668037391,-2.84344946707905,2615556.064898751,-2.9080154249999537,2.2855837440495264,-3.444355151618663,1393038.1469502535
213.15,0.606750158273356,-2.1064343459488546,4.081571918932365,-2.7131845042222107,2801214.089284627,-2.7899533930403506,2.4362748000378387,-3.3967035513137067,1582782.6403465096
213.2,0.6757554927536482,-1.899103523974647,4.210091604057065,-2.574859016728295,2980399.5296111517,-2.664452661609664,2.5830823442961877,-3.3402081543633124,1779283.839310584
213.25,0.74297252173913,-1.6855885218529179,4.328812520536595,-2.428561043592048,3150858.85808106,-2.5317152242725953,2.725685249208462,-3.2746877460117254,1981162.687400692
213.3,0.810189550724612,-1.4663971756682987,4.437041521488456,-2.2765867263929107,3310384.0515377317,-2.3919594056713707,2.8637713725994147,-3.2021489563959826,2186983.0598719832
213.35,0.873428741007181,-1.2420720984143205,4.534009153758021,-2.1155008394215016,3456656.1515379446,-2.245420127319419,2.9969341419209607,-3.1188488683266002,2395097.1336030737
213.4,0.934796007194206,-1.0131977510895671,4.618890865765895,-1.947993758283773,3587292.5636730897,-2.0923562589460825,3.124680213812111,-3.0271522661402885,2603633.7169570397
213.45,0.9961632733812972,-0.7803950144674123,4.691056995800291,-1.7765582878487094,3700264.8871052093,-1.9330491146340503,3.246605521742992,-2.9292123880153476,2810785.977016556
213.5,1.05080869565217,-0.5443171275394153,4.749723146077948,-1.5951258231915855,3793394.3009646484,-1.7678024574138758,3.3621251171572273,-2.818611153066046,3014369.4142452
213.55,1.1047072463768,-0.3056603447661114,4.794136843806905,-1.4103675911429114,3864668.5068789064,-1.5969539156437798,3.4706063147353,-2.7016611620205797,3212028.8511681445
213.6,1.157223525179885,-0.06514838215080385,4.823861016858566,-1.222371907330689,3912739.8052833066,-1.4208670143009658,3.5715768962660377,-2.5780905394808507,3401643.073584358
213.65,1.20124870503596,0.1764692629921759,4.838202626608513,-1.024779442043784,3936039.9806609433,-1.2399339884425125,3.664282039976638,-2.4411826934784724,3580523.4315987607
213.7,1.2452738848921028,0.418406702251507,4.836641789482938,-0.8268671826405958,3933500.803684141,-1.0545884138835555,3.7480127792981133,-2.2998622987756585,3746026.6116751917
213.75,1.28535739130435,0.6598651356829791,4.818990920781007,-0.6254922556213708,3904843.309226548,-0.8652912582064425,3.822232446787424,-2.150648649510792,3895856.233939888
213.8,1.31843347826086,0.9000309706215727,4.784859342592703,-0.4184025076392873,3849725.3479452515,-0.6725369259188523,3.8861487109370927,-1.9909704041797123,4027240.480938141
213.85,1.3515095652173943,1.138075228050763,4.734185863536084,-0.21343433716663118,3768617.0090602105,-0.4768582973365246,3.9391535429190734,-1.8283678625539188,4137848.1692511705
213.9,1.37707260869564,1.3731745865238683,4.667022922694367,-0.003898022171771709,3662446.2805519057,-0.2788134244797912,3.980650189732048,-1.655886033175431,4225486.915470345
213.95,1.3976269565217418,1.6045017737167602,4.583323704314248,0.20687481719501832,3532258.3257174846,-0.07899782082281942,4.009878078720622,-1.4766247773445613,4287765.921654449
214.0,1.41818130434782,1.8312389455713376,4.4835511793720615,0.4130576412235176,3380147.549957301,0.12196363517927714,4.026465528682003,-1.2962176691685428,4323313.240977185
214.05,1.42723215827338,2.0525935106126862,4.367984206352247,0.6253613523393062,3208141.491742868,0.3234280512005015,4.029816684947316,-1.1038041070728786,4330512.6704746075
214.1,1.4340918705036034,2.2677792227328495,4.236935153046743,0.8336873522292461,3018526.754728937,0.5247144838461465,4.0193240372485945,-0.9093773866574569,4307990.857707825
214.15,1.44008434782609,2.476044638386103,4.0913480480642095,1.035960290560013,2814649.0243272404,0.7251293332417559,3.994969595686238,-0.7149550145843342,4255941.885455323
214.2,1.4324901449275358,2.676680085412532,3.9317316640547486,1.244189940484996,2599316.3320200555,0.9239726976004384,3.9562968030071226,-0.5085174473270974,4173942.504929168
214.25,1.42489594202898,2.8689949849487806,3.7587494365333156,1.4440990429198006,2375626.424548444,1.1205154293685116,3.903015046817995,-0.3043805126604684,4062273.7215167144
214.3,1.41281260869566,3.0523515937651555,3.57356439631868,1.6395389850694955,2147309.3765556025,1.314035054548313,3.8353906939944142,-0.09877755414734701,3922725.806821055
214.35,1.390254637681147,3.226160647936799,3.3769369122659234,1.835906010255652,1917508.4650216755,1.5038133494468697,3.7533044695995206,0.11355871176572263,3756611.8510708637
214.4,1.36769666666668,3.389871579627372,3.1698871535951096,2.022174912960692,1689580.9297604088,1.68912831227061,3.656992322834129,0.3214316456039299,3566291.4264714024
214.45,1.3372720143884789,3.542995008012438,2.9535774498453993,2.2057229936239593,1466858.1647034627,1.8692834153143445,3.5469363842830637,0.5320114009258656,3354868.723773604
214.5,1.30014611510792,3.6850901487530385,2.7289172830721538,2.3849440336451186,1252195.5009854056,2.04359744817089,3.423415883043074,0.7434513330629697,3125273.6822057576
214.55,1.26302021582736,3.8157679721116233,2.4971280608530386,2.5527477562842633,1048511.0826636378,2.2114134209209437,3.287203631423265,0.9483932050935837,2881522.057184614
214.6,1.2154353623188212,3.9347017333732537,2.259264986286209,2.7192663710544327,858273.5699207927,2.3721175841266424,3.138982695116443,1.1566822218078212,2627523.2960641305
214.65,1.16454768115944,4.041608495219847,2.016239578359746,2.8770608140604077,683558.4661152827,2.5251218692268678,2.979374715431636,1.3605741880674278,2367112.9853208917
214.7,1.113659999999965,4.136260042487088,1.769269588694454,3.022600042487123,526355.8094615845,2.6698847380582995,2.8095477311133634,1.5562247380583345,2104948.9209077996
214.75,1.05176107913668,4.218484622273618,1.519247263943555,3.1667235431369374,388104.18079377874,2.805920538904319,2.630357136616351,1.7541594597676389,1845007.6443062853
214.8,0.989862158273397,4.288147794416348,1.2669999500321738,3.298285636142951,269925.9203754232,2.9327793602859464,2.4426991514205594,1.9429172020125494,1591141.1051601924
214.85,0.9260290724637348,4.345164367186518,1.0135316161684524,3.4191352947227833,172729.2934982096,3.0500707951757158,2.2478594079552807,2.124041722711981,1347432.5114488176
214.9,0.855338492753657,4.389492569832489,0.7595556175021994,3.5341540770788322,97008.67112189857,3.1574619163037134,2.0468154004626378,2.3021234235500563,1117187.5422856077
214.95,0.7846479130434565,4.421122824771822,0.5057469500365146,3.6364749117283655,43008.86088314611,3.2546661968567148,1.8405988107784477,2.4700182838132583,903414.3952637429
215.0,0.711573410071951,4.440081586649375,0.252792199394988,3.7285081765774235,10745.3046299836,3.341454832464856,1.6303604020057225,2.629881422392905,708820.0107808696
215.05,0.635700388489248,4.446425090900159,0.0012153219934594173,3.810724702410911,0.24835568747063383,3.4176515687173032,1.4170777635302116,2.781951180228055,535495.836771143
215.1,0.5598273669064585,4.440234293703442,-0.248496121445163,3.880406926796984,10383.185778256915,3.4831283967650974,1.2017370158551468,2.923301029858639,385112.49474038224
215.15,0.481445376811643,4.421613481729585,-0.49593137213124483,3.940168104917942,41355.62225222158,3.537806167854037,0.9852454960121004,3.056360791042394,258855.64997656798
215.2,0.4018826956521467,4.390684430253515,-0.7407739242424007,3.988801734601368,92270.47754709172,3.5816468441953533,0.7683827086111742,3.1797641485432067,157443.19650470524
215.25,0.32232001449274,4.347584389260324,-0.9827218248844298,4.025264374767584,162387.5007683202,3.614651051438246,0.5519112050423925,3.292331036945506,81228.26086702557
215.3,0.242476366666682,4.292464948479226,-1.2215104228968294,4.049988581812544,250891.38531825723,3.636856021777135,0.3365178759329577,3.3943796551104533,30198.474885981203
215.35,0.1626082869564768,4.225489756098605,-1.456916701036341,4.062881469142128,356911.7443840707,3.648330652053559,0.12278821066284956,3.4857223650970823,4020.5185807424864
215.4,0.0831143172662168,4.146833106820394,-1.6887349954167092,4.063718789554177,479528.475811789,3.6491710898311385,-0.08877157270909153,3.5660567725649215,2101.4378989988068
215.45,0.0055844251798297,4.056679791305852,-1.916742397865732,4.051095366126022,617758.7339857788,3.639497433752517,-0.2976999438746326,3.633913008572687,23633.40175545584
215.5,-0.0719454669064691,3.95522595933842,-2.1407249240085546,4.027171426244889,770571.8264494983,3.619451091866365,-0.5036325456751947,3.691396558772834,67638.86428354055
215.55,-0.148383187050329,3.8426778893248517,-2.3604721700054423,3.9910610763751806,936891.2097990657,3.5891886591106084,-0.7063000884416774,3.7375718461609373,133029.28398205902
215.6,-0.2230389424460824,3.7192537383405,-2.575719246406631,3.9422926807865823,1115548.46161896,3.5488796389052193,-0.9054575331580103,3.7719185813513016,218627.55849402383
215.65,-0.297694697841707,3.585185632712955,-2.786185569667648,3.882880330554662,1305303.4098345465,3.498704265400185,-1.1009358040597337,3.796398963241892,323215.90524284064
215.7,-0.3701585217391703,3.440720409461337,-2.991536895405323,3.8108789312005076,1504804.642245043,3.4388497408490797,-1.2925951746483522,3.80900826258825,445547.27613978775
215.75,-0.441161057971028,3.2861241368896232,-3.191355063817974,3.7272851948606514,1712543.637501505,3.3695108086003978,-1.4802922295965464,3.810671866571426,584337.3560010439
215.8,-0.512163594202885,3.1216843355028234,-3.3852058369863522,3.6338479297057082,1926910.5629010017,3.2908879806004316,-1.6639422139393552,3.803051574803317,738320.9843545075
215.85,-0.5786617826087334,2.9477124607840546,-3.572519777265792,3.526374243392788,2146054.1634486527,3.2031864878317022,-1.8433984382906563,3.7818482704404355,906164.7472779816
215.9,-0.644301999999975,2.764552319492066,-3.75263447332496,3.4088543194920407,2367903.0836715433,3.106620907719652,-2.018488144954914,3.7509229077196267,1086478.5043529412
215.95,-0.7093672014388712,2.5725795538546734,-3.9249155739786814,3.2819467552935446,2590311.741457497,3.0014122693455496,-2.1891015355131613,3.710779470784421,1277910.8087429549
216.0,-0.767819719424458,2.372205527488026,-4.088508622307041,3.140025246912484,2810743.605578097,2.8877897215407944,-2.3549757263259186,3.6556094409652524,1478909.512422477
216.05,-0.826272237410046,2.1638885458109547,-4.242510558140666,2.9901607832210004,3026476.171869311,2.765998421742403,-2.5158254817932484,3.592270659152449,1687834.0946240616
216.1,-0.8825804130434932,1.9481279867558416,-4.386102002231948,2.830708399799335,3234810.5436690906,2.636294638545883,-2.6714261918645335,3.5188750515893763,1903071.4396212916
216.15,-0.933885123188372,1.7254686799639694,-4.518274066119273,2.6593538031523414,3432705.4248531964,2.4989496999004595,-2.8213915984603855,3.4328348230888315,2122733.48049676
216.2,-0.9851898333333352,1.49650685611552,-4.638072533752493,2.4816966894488552,3617149.5735319927,2.35425567263569,-2.965344610974679,3.3394455059690253,2344871.6431564186
216.25,-1.03124661870503,1.2618837407604706,-4.744534983709282,2.2931303594655006,3785111.7142810747,2.202522598121374,-3.1028547458606903,3.2337692168264036,2567388.686376056
216.3,-1.07283294964027,1.0222941800795706,-4.83655236330419,2.095127129719841,3933355.3495821394,2.0440875345543135,-3.233323652874072,3.1169204841945835,2787835.1584626487
216.35,-1.114419280575559,0.7784837428892017,-4.913261741140243,1.8929030234647608,4059113.5143628726,1.8793157615251963,-3.3562607786067744,2.9937350421007554,3003863.043737107
216.4,-1.14792971014492,0.5312389909821671,-4.9737179208806275,1.679168701127087,4159620.3816369628,1.70859762682997,-3.4710266181630915,2.85652733697489,3212806.875732456
216.45,-1.1788898550724776,0.28139907480579335,-5.01695471616043,1.4602889298782709,4232254.3245877465,1.5323618480244239,-3.576867810436285,2.7112517030969014,3411728.8888894045
216.5,-1.20985,0.02983904512473262,-5.042469074771295,1.2396890451247327,4275411.116687084,1.3510680799490562,-3.6732760367624673,2.5609180799490563,3598121.8246009015
216.55,-1.22892553956834,-0.2225390691434192,-5.049466364236402,1.0063864704249208,4287285.079902076,1.1652056263337145,-3.7594010330215912,2.3941311659020545,3768825.6338890153
216.6,-1.248001079136699,-0.47478802771727874,-5.037300507921363,0.7732130514194204,4266650.954685053,0.9753136551029509,-3.8343876289120327,2.2233147342396498,3920674.2636676375
216.65,-1.26457623188405,-0.7259488547361279,-5.005929392179732,0.5386273771479222,4213673.051581672,0.7819607447425614,-3.897743828314818,2.0465369766266113,4051308.5203110008
216.7,-1.2722863768115944,-0.9750559026587482,-4.95506543340107,0.2972304741528462,4128479.9816217464,0.5857466646408394,-3.9486589204291436,1.8580330414524338,4157841.9386359067
216.75,-1.27999652173913,-1.2211307052253317,-4.884730826086056,0.0588658165137983,4012108.4986967337,0.38731332618760317,-3.986469924244555,1.6673098479267332,4237851.321841704
216.8,-1.283215,-1.463211325782708,-4.795347380462608,-0.17999632578270797,3866620.438452312,0.1873251297171625,-4.010757970631844,1.4705401297171625,4289647.866396499
216.85,-1.281160652173909,-1.7003536323928412,-4.687265747769795,-0.41919298021893225,3694286.297159271,-0.013527558153457325,-4.020956466120998,1.2676330940204517,4311490.907317404
216.9,-1.27910630434783,-1.9316386131758674,-4.561235775883915,-0.6525323088280375,3498295.0812726687,-0.2145311064961965,-4.01679634012151,1.0645751978516333,4302574.090136949
216.95,-1.2716083453237343,-2.156192952162108,-4.418159073302544,-0.8845846068383738,3282268.4033311596,-0.41496491266004665,-3.99810566519942,0.8566434326636877,4262626.376026586
217.0,-1.26177741007194,-2.373185887668594,-4.258971400537799,-1.111408477596654,3050007.0475688623,-0.614096704664191,-3.964723424111915,0.6476807054077491,4191741.8212537896
217.05,-1.25194647482015,-2.5818433715927265,-4.084985395357907,-1.3298968967725764,2805901.438577398,-0.8111959617808666,-3.9168699086955896,0.4407505130392835,4091165.3017719993
217.1,-1.2357833333333303,-2.7814579813050813,-3.8974177138432258,-1.545674647971751,2554143.5652307034,-1.005544871936869,-3.8546935455970406,0.23023846139646142,3962309.9547913293
217.15,-1.2190695652174,-2.97137981648405,-3.697532436554131,-1.75231025126665,2298875.1218566233,-1.1964306375912137,-3.778442222241591,0.022638927626186245,3807100.1671514595
217.2,-1.2012786956521666,-3.1510314602421077,-3.4868617745934243,-1.949752764589941,2044376.397691567,-1.3831647201519492,-3.688733570226619,-0.18188602449978264,3628468.093897818
217.25,-1.17783304347827,-3.319908233873845,-3.266726047626292,-2.142075190395575,1794389.941949978,-1.5650874831236083,-3.586039414442904,-0.38725443964533834,3429247.6485168017
217.3,-1.15438739130436,-3.477568965215169,-3.0384817215432043,-2.3231815739108086,1552403.637260124,-1.7415625914199553,-3.4709845138784936,-0.5871752001155952,3212728.9321558196
217.35,-1.1280984172661828,-3.6236451320257568,-2.8035580950842283,-2.4955467147595742,1321631.908064934,-1.911993873925167,-3.3444090827870285,-0.7838954566589842,2982685.8968075668
217.4,-1.09754446043167,-3.7578336541745316,-2.56316393164321,-2.6602891937428614,1104699.5106766324,-2.075823153405002,-3.2070155343613895,-0.9782786929733318,2742652.9700360717
217.45,-1.06699050359711,-3.8798911796696225,-2.3185435460003503,-2.8129006760725126,903903.1700319896,-2.2325300248051114,-3.059698599957858,-1.1655395212080015,2496468.139355754
217.5,-1.03149719565217,-3.9896365658856423,-2.0708322245369266,-2.9581393702334724,721076.3045289809,-2.3816425797874463,-2.903356908512758,-1.3501453841352764,2247861.6901890025
217.55,-0.992976543478272,-4.086938773661864,-1.8209778797006035,-3.0939622301835925,557571.7169004439,-2.522728455425061,-2.738779681741814,-1.529751911946789,2000243.7720324781
217.6,-0.9544558913043256,-4.171715577275491,-1.5699905256061006,-3.2172596859711655,414462.70637183386,-2.655400419471952,-2.5669932042555312,-1.7009445281676263,1757187.7628517547
217.65,-0.909758525179879,-4.243932582254007,-1.3186840233484851,-3.3341740570741276,292396.9810731036,-2.779322314535288,-2.388878787431789,-1.8695637893554091,1521797.8296110868
217.7,-0.8640556474820037,-4.303590300646673,-1.0677508404281832,-3.439534653164669,191704.028464643,-2.8941967368307613,-2.205268288604732,-2.0301410893487577,1296855.526593505
217.75,-0.817840014492763,-4.350726451298113,-0.8179389533751084,-3.5328864368053505,112494.98917547688,-2.9997749555163375,-2.017203406446285,-2.1819349410235747,1085095.8887942657
217.8,-0.765727695652192,-4.385411710602508,-0.5697737765780668,-3.619684014950316,54587.89027476699,-3.095856208662641,-1.8254845867034908,-2.330128513010449,888638.3936778706
217.85,-0.7136153768115616,-4.407738952915353,-0.32371072915064436,-3.6941235761037916,17619.986988849916,-3.1822756255390114,-1.6308943411434789,-2.46866024872745,709284.3605263525
217.9,-0.660110856115119,-4.417825845026516,-0.08022677929358563,-3.757714988911397,1082.256270953318,-3.2589127988020827,-1.4343294530423016,-2.598801942686964,548613.5946305676
217.95,-0.6036479064747909,-4.415810210558051,0.16034632918538935,-3.8121623040832597,4323.240934622955,-3.3256876964619386,-1.2365083308469804,-2.722039789987148,407720.7606010629
218.0,-0.547184956834526,-4.401844690380687,0.39771478296445767,-3.8546597335461614,26597.135338370972,-3.382554431342049,-1.0381303114116562,-2.835369474507523,287390.54492577666
218.05,-0.488866978260887,-4.376096457398225,0.6316230545296316,-3.8872294791373374,67082.20701248516,-3.4295025210647214,-0.8398555176090436,-2.940635542803834,188095.27745556124
218.1,-0.428968789855044,-4.338742996799839,0.8618975480087245,-3.909774206944795,124911.575398811,-3.466550625169401,-0.6422147992402197,-3.037581835314357,109983.95956350821
218.15,-0.369070601449304,-4.289970139728225,1.0883683871192238,-3.920899538278921,199178.85561870373,-3.4937432257354377,-0.4457228178486646,-3.124672624286134,52978.354760254355
218.2,-0.307935152173896,-4.22997202319702,1.31088928388186,-3.922036871023124,288950.4810817672,-3.511149592997254,-0.2508278128101365,-3.2032144408233583,16777.224447764504
218.25,-0.246450731884064,-4.158949093170427,1.5293387360244814,-3.912498361286363,393277.20331645204,-3.5188587933631896,-0.05789590695385771,-3.2724080614791258,893.8496112025999
218.3,-0.184964002158302,-4.077108325124956,1.7435785630034355,-3.8921443229666544,511180.6865993088,-3.5169775544205364,0.13273750379963847,-3.3320135522622345,4698.465310655743
218.35,-0.1233641100719139,-3.984663864277805,1.9534611153194887,-3.8612997542058913,641654.045770148,-3.5056280906439885,0.32079132114140385,-3.3822639805720747,27441.88579190595
218.4,-0.0617642179856312,-3.881837564470647,2.1588224950669828,-3.820073346485016,783655.6424805163,-3.484945278272554,0.5060365916812591,-3.423181060286923,68286.14189876945
218.45,-0.000285491304313,-3.7688602037144703,2.3594679975876995,-3.768574712410157,936094.2504368328,-3.455074479600728,0.6882813347730079,-3.454788988296415,126328.3188791769
218.5,0.0608095449275478,-3.6459733065054962,2.555160107026249,-3.706782851433044,1097811.1363981122,-3.4161699739390916,0.8673582798003163,-3.4769795188666395,200616.10281017705
218.55,0.121904581159409,-3.513431339829251,2.7456223650020113,-3.63533592098866,1267573.067376665,-3.3683937723277206,1.0431294930247625,-3.4902983534871295,290165.1037914929
218.6,0.1819069784172984,-3.371503867782237,2.9305154824920385,-3.5534108461995353,1444040.7060803724,-3.3119144350939056,1.215457346921975,-3.493821413511204,393956.416583095
218.65,0.240725683453212,-3.220479559843282,3.1094212420767944,-3.461205243296494,1625737.8524036838,-3.2469080322895283,1.3841864786651445,-3.4876337157427404,510925.92205851007
218.7,0.2995443884892255,-3.060668909131227,3.2818961733097582,-3.3602132976204526,1811094.3277464637,-3.173557822714127,1.5491941375135767,-3.4731022112033525,640000.6601883827
218.75,0.3566611231884,-2.8924055554210377,3.4474334042970796,-3.2490666786094375,1998403.4292493425,-3.092052946112046,1.7103426591286977,-3.4487140693004457,780072.5364361132
218.8,0.413048442028959,-2.7160507400858402,3.605459979606487,-3.1290991821147993,2185811.738472489,-3.0025905863709252,1.8674697263865982,-3.4156390283998843,929984.8477254497
218.85,0.4694357608695787,-2.53199414152184,3.755411729805081,-3.001429902391419,2371409.264580241,-2.905375161930602,2.020445680520452,-3.374810922800181,1088586.8661156674
218.9,0.521650985611485,-2.3406558762657506,3.8965848091007924,-2.8623068618772356,2553052.006086147,-2.8006191490317045,2.169033724746318,-3.3222701346431895,1254588.6130898362
218.95,0.573599906474842,-2.1424943684392237,4.0282366855433285,-2.7160942749140657,2728483.6517902017,-2.6885493103521596,2.3129704306822094,-3.2621492168270017,1426621.9235227322
219.0,0.624796304347835,-1.9380017167884516,4.149719762875719,-2.5627980211362864,2895535.7648394876,-2.5694028604038057,2.4520616622717513,-3.1941991647516406,1603361.7054887745
219.05,0.67204195652173,-1.7277049161354983,4.260253158485446,-2.399746872657228,3051843.152429808,-2.443429308773,2.5859824755156406,-3.11547126529473,1783281.430313067
219.1,0.7192876086956774,-1.5121714235859431,4.35908842061078,-2.2314590322816206,3195087.470960592,-2.3108962991695,2.714401814167993,-3.0301839078651773,1964793.922335598
219.15,0.764046159420274,-1.2920023457301633,4.445550814437774,-2.056048505150437,3323093.438459691,-2.1720861100733395,2.8370016773079025,-2.9361322694936134,2146287.6045460943
219.2,0.8050740579710303,-1.0678357731448,4.518851362517961,-1.8729098311158303,3433582.6691504354,-2.0273008442240443,2.9533181986043866,-2.832374902195075,2325890.2352554295
219.25,0.846101956521739,-0.8403473332117464,4.578349840952184,-1.6864492897334853,3524596.0097199245,-1.8768658708697057,3.0629398497226523,-2.722967827391445,2501760.13947174
219.3,0.882726618705022,-0.6102410277501796,4.623439476093864,-1.4929676464552015,3594361.460053923,-1.7211261085347682,3.165406296383638,-2.60385272723979,2671945.8723160485
219.35,0.9168744604316654,-0.3782542374864726,4.653484544966632,-1.295128697918138,3641228.6158980806,-1.5604539124420633,3.2601527925496603,-2.4773283728737288,2834292.32820516
219.4,0.951022302158251,-0.14514917974116817,4.668140589544646,-1.0961714818994193,3664200.6687403508,-1.3952464867615064,3.3467608370195774,-2.3462687889197573,2986882.1600554623
219.45,0.9793336594202976,0.08829669094789092,4.667016353926074,-0.8910369684724067,3662435.9708772055,-1.2259226100032952,3.4246828948813293,-2.2052562694235927,3127587.448131403
219.5,1.00669489130435,0.321284070340148,4.649797340221507,-0.685410820964202,3635460.6215061005,-1.0529325967060565,3.4933429241433114,-2.0596274880104066,3254251.942843238
219.55,1.03337539568345,0.5530090203394791,4.61654249303071,-0.48036637534397086,3583645.7321197754,-0.87674864606981,3.5523856704039627,-1.91012404175326,3365185.0536777102
219.6,1.0539293525180018,0.7826699825542686,4.567196075968436,-0.27125936996373323,3507443.7035875046,-0.697863340078893,3.601272323987403,-1.7517926925968947,3458443.293738035
219.65,1.07448330935251,1.0094622526854236,4.501875520680438,-0.06502105666708635,3407833.4389602486,-0.5167985741696333,3.6395327992916844,-1.5912818835221432,3532319.7325653243
219.7,1.0930304347826183,1.2325987159066683,4.421033829577483,0.13956828112404995,3286541.129276351,-0.3340913318259039,3.666920612594645,-1.427121766608522,3585681.8077523964
219.75,1.10731304347826,1.4513130571819117,4.325045136868645,0.34400001370365163,3145376.8333108723,-0.15029406296821723,3.683059315370044,-1.2576071064464773,3617313.578809082
219.8,1.12159565217391,1.6648605969170465,4.214504919655253,0.5432649447431364,2986651.3355836873,0.03402337847362821,3.687728919770609,-1.087572273700282,3626491.8895233343
219.85,1.1323761151079146,1.8725332481498196,4.090152629977048,0.740157133041905,2813004.4852836635,0.2182856524085149,3.6808121663227946,-0.9140904626993996,3612900.854333308
219.9,1.14040489208633,2.073657272519628,3.9526900501510944,0.9332523804332982,2627101.88711053,0.4019085839051899,3.662139061769943,-0.73849630818114,3576336.6687309975
219.95,1.148433669064742,2.2675994892778313,3.803064957504094,1.1191658202130892,2431973.7449393654,0.5843047792505967,3.6317833067837997,-0.5641288898141454,3517293.3299822593
220.0,1.15161304347826,2.4537761187878426,3.642184193638603,1.3021630753095825,2230566.656754246,0.7648929461854683,3.5897937556000974,-0.3867200972927918,3436431.788732121
220.05,1.15342463768116,2.6316451300374526,3.4709382893511735,1.4782204923562925,2025746.8860650668,0.9430912666429523,3.536234865075051,-0.21033337103820782,3334655.205592631
220.1,1.1550983453237371,2.8007160294183824,3.2904575391297746,1.6456176840946453,1820555.7271941258,1.118329719917471,3.471476720069813,-0.03676862540626602,3213640.164796445
220.15,1.15001561151079,2.9605519364716844,3.101641062824396,1.8105363249608943,1617612.4124688646,1.2900551953689783,3.3956981458696083,0.14003958385818827,3074870.906096612
220.2,1.144932877697836,3.1107564162462924,2.9054000867053253,1.9658235385484564,1419395.047833122,1.4577202218039167,3.309163818631417,0.31278734410608067,2920150.714277137
220.25,1.1379552173913,3.250986597650573,2.702836715147194,2.1130313802592733,1228375.1293794995,1.6208017272103572,3.212441358032811,0.4828465098190573,2751941.194346585
220.3,1.12497695652174,3.3809485294067474,2.494778878139725,2.2559715728850076,1046539.2290429799,1.778800112129478,3.105867486064093,0.6538231556077381,2572376.757597357
220.35,1.11199869565217,3.5003875899694497,2.2821042372939337,2.3883888943172797,875714.1154530706,1.9312324568821586,2.9899341934780903,0.8192337612299887,2383921.7283545276
220.4,1.09480478260871,3.6090971421041553,2.0657185561725195,2.514292359495445,717519.4810277795,2.077647918509603,2.865266186677622,0.9828431359008929,2189266.7521381658
220.45,1.0730439130434777,3.706909130978844,1.8463113623419671,2.633865217935366,573193.5306988772,2.217621001682592,2.73231542948878,1.1445770886391144,1990812.6949926552
220.5,1.05128304347827,3.793691252523648,1.6246784710553628,2.742408209045378,443839.80289956514,2.3507528687667034,2.591769062866897,1.2994698252884334,1791271.1667290542
220.55,1.02289330935253,3.869351037719512,1.401486435230826,2.846457728366982,330270.05035628035,2.4766814967035584,2.444239047118994,1.4537881873510283,1593147.8718563116
220.6,0.9919256834532224,3.933822758801592,1.1772622401519444,2.9418970753483693,233043.94553481904,2.5950689976718166,2.2902419085909,1.6031433142185942,1398722.1332976234
220.65,0.960958057553966,3.987071579362734,0.95269248172716,3.0261135218087682,152614.87709380046,2.7056115534937617,2.1305948095018645,1.7446534959397957,1210515.7979403432
220.7,0.921147840579691,4.029093370237736,0.7282018184589619,3.107945529658045,89165.10259082803,2.8080432069582644,1.965831474798673,1.8868953663785732,1030531.5699491003
220.75,0.880773202898547,4.059899122091984,0.5041483659588226,3.1791259191934373,42737.40251362364,2.9021179818512333,1.7964623102014874,2.0213447789526864,860607.1551931908
220.8,0.838894755395698,4.079524263104236,0.28105423553044506,3.2406295077085385,13282.250433375335,2.987625991857868,1.6232835650169741,2.1487312364621696,702679.8753211244
220.85,0.7901656187050153,4.08802529827462,0.05920237865655148,3.297859679569605,589.3451420667064,3.0643913302457886,1.446802816068687,2.2742257115407734,558196.9036224755
220.9,0.741436482014415,4.085469973640504,-0.1611248656450465,3.3440334916260888,4365.324489231076,3.132260366446018,1.2675639922966409,2.3908238844316028,428458.259884533
220.95,0.6894200144927426,4.071943892740296,-0.37959011017806243,3.3825238782475533,24228.20128067842,3.1911125306023935,1.0862104215770054,2.501692516109651,314627.48798466555
221.0,0.632472550724648,4.047544832663434,-0.5960254628853241,3.4150722819387855,59733.92093079096,3.2408531864368597,0.9031611445892838,2.6083806357122117,217520.0141588867
221.05,0.575525086956554,4.0123790290683266,-0.8102023502212977,3.4368539421117728,110376.95087258887,3.2814088610584276,0.7189211083833915,2.7058837741018733,137826.01602112112
221.1,0.5146502028985301,3.966566112437441,-1.021890079268445,3.451915909538911,175589.99289378253,3.312733759808905,0.533986208822689,2.798083556910375,76037.6723234209
221.15,0.451566144927563,3.910234158963867,-1.230931101995076,3.458668014036304,254776.21753641876,3.3348022467066785,0.3487341863418359,2.8832361017791155,32430.80872626729
221.2,0.3884820869564848,3.84352126945291,-1.4370774614051862,3.4550391824964253,347257.59378520545,3.347609717400429,0.1636310337909615,2.9591276304439442,7140.030725199676
221.25,0.32130434532373,3.7665779004819036,-1.640135547997498,3.4452735551581735,452325.2984633094,3.3511738295869593,-0.02096577751181744,3.029869484263229,117.21702044667464
221.3,0.253568374100737,3.6795622054038537,-1.8399250910514735,3.4259938313031166,569235.1100040296,3.3455266276940847,-0.2047564545493995,3.0919582535933476,11180.05484790408
221.35,0.1855197586330597,3.582644578822237,-2.0361641067480547,3.3971248201891773,697135.1012733756,3.33071789983876,-0.38736724971014436,3.1451981412057,40014.236306133695
221.4,0.114657344964065,3.4760088411347936,-2.228620999262539,3.3613514961707285,835148.7435658098,3.3068139837849935,-0.5685356335506639,3.1921566388209284,86195.4044311613
221.45,0.0437949312949485,3.3598497318283482,-2.4170431982127587,3.3160548005334,982336.3618113009,3.2738923586780873,-0.7480254706425338,3.230097427383139,149211.2279279958
221.5,-0.0277802044927398,3.234377180290381,-2.601106277077828,3.262157384783121,1137647.1669570797,3.23204382237684,-0.9255745965438497,3.25982402686958,228450.22233794938
221.55,-0.100869874782567,3.0998167910550993,-2.7805085460500543,3.2006866658376665,1299989.5578360767,3.1813704203600386,-1.1009945010237245,3.2822402951426057,323250.37100919476
221.6,-0.1739595450724775,2.956409724289591,-2.9549071203842323,3.130369269362068,1468179.1912572463,3.1219829786459012,-1.2740999653754326,3.2959425237183786,432888.1924719143
221.65,-0.247073057970968,2.8044163080816316,-3.1238921211710213,3.0514893660525995,1640905.0474166237,3.0540024813268056,-1.4446835600479104,3.3010755392977735,556562.8236460545
221.7,-0.3202053043478495,2.6441180076360693,-3.2870275525499464,2.964323311983919,1816762.1957468584,2.9775598987951972,-1.6125518015263156,3.297765203143047,693419.5500282043
221.75,-0.393337550724648,2.475818773333905,-3.443849956607074,2.869156324058553,1994251.092447974,2.8927956999574174,-1.777516982499458,3.2861332506820653,842551.0994863944
221.8,-0.464692057553941,2.299847378433677,-3.593810475355608,2.764539435987618,2171709.523570285,2.7998605536336494,-1.9393415855687592,3.2645526111875904,1002945.5428043598
221.85,-0.5356021294964393,2.1165619386166243,-3.736318728785708,2.6521640681130636,2347357.456220129,2.6989181387645136,-2.0977706128083335,3.234520268260953,1173504.411723267
221.9,-0.606446862318809,1.926348953584645,-3.8708209793759467,2.532795815903454,2519402.5684940903,2.5901437230701023,-2.252585862420767,3.196590585388911,1353104.8180207764
221.95,-0.6740899782608885,1.7296244292659995,-3.9966488011774253,2.4037144075268877,2685859.98788131,2.473725004982505,-2.403473863560465,3.1478149832433937,1540449.7634182048
222.0,-0.741733094202892,1.5268399387365736,-4.11312660052773,2.2685730329394658,2844693.953410824,2.3498672827178604,-2.550104989781598,3.0916003769207525,1734142.7890424014
222.05,-0.807607194244578,1.3184780132360827,-4.219632016495537,2.126085207480661,2993922.4932805523,2.218790609880862,-2.6921697360856567,3.0263978041254402,1932740.7701054707
222.1,-0.8684464028777286,1.1050565114748463,-4.315353543472879,1.9735029143525749,3131296.2592057614,2.0807345208410233,-2.8291815089412307,2.949180923718752,2134471.4694759944
222.15,-0.929285611510774,0.887134476949669,-4.399569988020342,1.816420088460443,3254706.692905574,1.9359642626286373,-2.9606852212121386,2.8652498741394115,2337508.527761059
222.2,-0.9864433913043782,0.6653018880426539,-4.471648185328919,1.6517452793470322,3362224.047886046,1.7847650862354303,-3.0862437535038763,2.7712084775398083,2539973.4682777855
222.25,-1.03961295652175,0.4401846434870699,-4.530832321837113,1.47979760000882,3451813.916712104,1.6274488104129292,-3.2052671334693916,2.6670617669346792,2739663.3058397574
222.3,-1.09278252173912,0.21244255140393836,-4.57658877017524,1.3052250731430584,3521885.046394854,1.464355347744605,-3.3172728359018584,2.557137869483725,2934479.751416629
222.35,-1.1392769565217649,-0.01724062571135762,-4.608334866627948,1.1220363308104073,3570914.525211836,1.295848409011383,-3.421666063769393,2.435125365533148,3122079.640520302
222.4,-1.18317550724636,-0.2481470557085673,-4.625455183019196,0.9350284515377926,3597496.2512350073,1.1223272854533661,-3.5177477938340647,2.305502792699726,3299879.8776065144
222.45,-1.2270740579710295,-0.4795387940484225,-4.627741807094118,0.747535263922607,3601054.0221053264,0.9442197294506172,-3.6050652021501883,2.1712937874216465,3465732.0298011145
222.5,-1.26128007194244,-0.7106665380956338,-4.614754034958481,0.5506135338468061,3580869.6464761905,0.7619789873330777,-3.6828904682960113,2.0232590592755177,3616981.920390831
222.55,-1.29508223021581,-0.9407537702852646,-4.586148420169836,0.3543284599305454,3536613.549726395,0.5761011131517149,-3.750492370407196,1.871183343367525,3750984.8054620237
222.6,-1.3269915217391333,-1.1690234796590278,-4.54207639698012,0.1579680420801055,3468967.7694005575,0.3871067285166655,-3.807478280625252,1.7140982502557986,3865837.561982141
222.65,-1.35027775362317,-1.3947013759186284,-4.482410390298115,-0.044423622295458376,3378427.687876244,0.1955420591562293,-3.8531405751722185,1.5458198127793994,3959117.944543599
222.7,-1.3735639855072503,-1.617006062536737,-4.407244276160987,-0.24344207702948673,3266071.1405923204,0.001991121255554451,-3.88689973057508,1.3755551067628047,4028797.204145235
222.75,-1.39181388489208,-1.8351738536362419,-4.316968521622795,-0.44335996874416184,3133640.4107335033,-0.19294330743019802,-3.908386629442442,1.198870577461882,4073462.945387854
222.8,-1.40310884892086,-2.048453851864628,-4.211756407503606,-0.645345002943768,2982757.084219455,-0.3886326597740936,-3.916985368150152,1.0144761891467664,4091406.4998139692
222.85,-1.4144038129496417,-2.256109431909086,-4.092146298022378,-0.8417056189594445,2815747.445982846,-0.5844219304292657,-3.9123944818004297,0.829981882520376,4081821.488325988
222.9,-1.4177047826087,-2.4574383115948275,-3.9587325271927902,-1.0397335289861276,2635140.1274400065,-0.7796477687505026,-3.8943489677207728,0.6380570138581974,4044254.36863676
222.95,-1.4165091304347794,-2.6517606394574416,-3.8120013184762938,-1.2352515090226621,2443416.373118125,-0.9736262204753986,-3.8624730684681126,0.44288290995938084,3978319.5212377273
223.0,-1.41531347826087,-2.8384322486348808,-3.652901657487695,-1.4231187703740107,2243713.2682750686,-1.1656664189863297,-3.8168834337977042,0.24964705927454034,3884959.7725864947
223.05,-1.40336597122303,-3.01685677393852,-3.4821651358913215,-1.6134908027154902,2038872.7491880388,-1.355084526741048,-3.757498261435127,0.048281444481981906,3765011.5159168006
223.1,-1.3899523021582718,-3.186467051317477,-3.300527650930748,-1.796514749159205,1831716.0311604866,-1.5411857020887285,-3.6842860723600115,-0.1512333999304567,3619723.696796256
223.15,-1.37541804347828,-3.3467477859691535,-3.1091853549191395,-1.9713297424908736,1625491.1980554685,-1.7232917269299686,-3.597794326777904,-0.3478736834516887,3451766.4047454055
223.2,-1.350798478260866,-3.497237900555127,-2.9089839205501207,-2.146439422294261,1422898.8773990555,-1.9007474860587281,-3.498249637510637,-0.5499490077978622,3263400.1403582143
223.25,-1.32617891304347,-3.6375137022260944,-2.7008319809029273,-2.3113347891826246,1226553.5969043374,-2.072905584381922,-3.3860420504990514,-0.7467266713384519,3057408.2047327524
223.3,-1.29825543478261,-3.7672080179029868,-2.4858932794639683,-2.4689525831203767,1039097.6337812403,-2.2391539306863515,-3.261972115535443,-0.9408984959037414,2837456.55534154
223.35,-1.2639184782608504,-3.8860046658771195,-2.2650510324474067,-2.622086187616269,862675.3285249725,-2.3989144613720583,-3.1266054417899642,-1.134995983111208,2606843.0903014983
223.4,-1.22958152173914,-3.9936309169243898,-2.039272181587963,-2.76404939518525,699264.9902764957,-2.5516393097692043,-2.9807297110991082,-1.3220577880300644,2369266.562834393
223.45,-1.190580935251776,-4.089865824087332,-1.809526353770466,-2.899284888835556,550581.0001832447,-2.6968274087916577,-2.825253856050679,-1.5062464735398817,2128549.160301128
223.5,-1.14820323741007,-4.1745306659173185,-1.5766032541087593,-3.0263274285072486,417961.45521196484,-2.8340177927963897,-2.6609640743861673,-1.6858145553863197,1888194.614713022
223.55,-1.10582553956836,-4.247487770631308,-1.3413721711122177,-3.1416622310629476,302544.9995358393,-2.9627937455357785,-2.4888684851417957,-1.8569682059674184,1651857.689688538
223.6,-1.0572149275362115,-4.308641192151674,-1.1045361422217057,-3.2514262646154624,205140.42828670557,-3.0827892185854684,-2.3098473321491344,-2.025574291049257,1422771.9194230598
223.65,-1.00704608695655,-4.357924506103,-0.8666826431143307,-3.35087841914645,126302.3972369109,-3.1936766000577563,-2.1247112007418827,-2.186630513101206,1203839.3830821367
223.7,-0.9566027482014277,-4.395303921293027,-0.6284921523430198,-3.4387011730915993,66418.81361035001,-3.295175615330602,-1.9344884341693056,-2.3385728671291743,997932.1338492832
223.75,-0.899571453237411,-4.420775997340126,-0.39043504852774147,-3.521204544102715,25632.383268486643,-3.38705386273917,-1.7399692659800465,-2.487482409501759,807331.4790813712
223.8,-0.842540158273394,-4.43435665002489,-0.1529268974753365,-3.591816491751496,3932.4132520623575,-3.4691137721045067,-1.541919750529973,-2.6265736138311127,634004.4045531772
223.85,-0.7836360507245955,-4.4360857015853705,0.08356416474459324,-3.652449650860775,1174.1715372483281,-3.541201815004919,-1.341224992478699,-2.7575657642803235,479702.528119863
223.9,-0.719401630434801,-4.426021959137312,0.31875463059497045,-3.7066203287025115,17084.583686103375,-3.603202840515419,-1.1385213664958953,-2.883801210080618,345661.57385804824
223.95,-0.6551672101448958,-4.40423663324283,0.5523649896004811,-3.749069423097934,51303.10887738098,-3.6550313045277005,-0.9344539695224259,-2.9998640943828048,232854.45897499172
224.0,-0.587958876811588,-4.3708166139785645,0.7841089461196833,-3.7828577371669763,103381.82942917825,-3.6966364726159573,-0.7296765603249686,-3.1086775958043695,141980.76871671402
224.05,-0.517776630434803,-4.325859963322855,1.0138019755254262,-3.8080833328880517,172821.4567981946,-3.72799539110665,-0.5246808177322758,-3.210218760671847,73410.65613232258
224.1,-0.4475943840579363,-4.269474260753987,1.2412268078549324,-3.821879876696051,259056.02005507456,-3.749109548862993,-0.31997980441496754,-3.301515164805057,27303.220062250904
224.15,-0.374296057553994,-4.201778296275038,1.4661926474199567,-3.8274822387210445,361471.0078230592,-3.760005631300511,-0.11601047362059239,-3.3857095737465173,3588.91466391311
224.2,-0.2999028920863137,-4.12289858995669,1.6885443762055103,-3.8229956978703763,479420.2265232209,-3.7607285465233664,0.08688600865690102,-3.460825654437053,2013.114266753888
224.25,-0.225509726618719,-4.0329710101320915,1.9080680633750762,-3.8074612835133723,612179.9765483167,-3.7513409848420447,0.28834926410325157,-3.5258312582233255,22172.07949570313
224.3,-0.147491133913072,-3.9321417064741975,2.1245969996795826,-3.7846505725611257,759004.8010981599,-3.731921521451202,0.4881412885100943,-3.58443038753813,63541.84467954538
224.35,-0.0693214817390838,-3.8205641926898117,2.3379531258869615,-3.751242710950728,919100.4837114281,-3.7025579116779905,0.6860731024963242,-3.633236429938907,125519.01385838183
224.4,0.0091933594244447,-3.6984037574860986,2.54786715381181,-3.7075971169105433,1091553.3215234226,-3.663349010788817,0.8819195356179557,-3.672542370213262,207408.55128122415
224.45,0.0890889565468047,-3.565839409280423,2.754064729559788,-3.6549283658272276,1275380.2345373814,-3.614403420838383,1.0755201866546962,-3.7034923773851878,308464.9791738007
224.5,0.168984553669074,-3.423064544649795,2.9562258109293666,-3.5920490983188693,1469489.8964309888,-3.555836818565349,1.2667329991713465,-3.7248213722344232,427896.66431723593
224.55,0.249445804347803,-3.2702904474697774,3.1539687739484563,-3.5197362518175805,1672654.2327364392,-3.4877722873813104,1.4554171176511181,-3.7372180917291136,564863.729693837
224.6,0.3306881956522122,-3.1077481087279555,3.3468843119952103,-3.4384363043801676,1883531.1068796173,-3.4103391386308024,1.641460287380554,-3.7410273342830145,718504.5000126536
224.65,0.411930586956483,-2.9356902950087065,3.5345021831529326,-3.3476208819651894,2100621.9723445955,-3.323672288091305,1.8247424306692064,-3.735602875047788,887915.9835425502
224.7,0.4924752661870715,-2.7543954523681977,3.7162654820318823,-3.246870718555269,2322228.006115949,-3.2279134707920734,2.0051105656191375,-3.720388736979145,1072124.9014286662
224.75,0.572660517985599,-2.5641715605276834,3.8915594546886387,-3.136832078513282,2546471.003239547,-3.1232125921373433,2.182397321642307,-3.6958731101229425,1270095.4852030708
224.8,0.652845769784127,-2.36535796432046,4.059745926964596,-3.0182037341045866,2771335.4994247137,-3.009727839611889,2.356438078051449,-3.6625736093960164,1480746.7775175488
224.85,0.7318693913043769,-2.1583270892393815,4.220125292591616,-2.8901964805437586,2994622.5148533373,-2.8876262248779456,2.5270322375314227,-3.6194956161823226,1702904.5145394853
224.9,0.810734608695623,-1.9434878115660172,4.371962940504941,-2.75422242026164,3213988.653703465,-2.7570858306567407,2.69395318870378,-3.5678204393523636,1935302.3421139375
224.95,0.8891218260869995,-1.7212853998485096,4.5145256598758685,-2.610407225935509,3427012.1725677005,-2.6182960797962838,2.8569632053443614,-3.5074179058832833,2176597.0017844075
225.0,0.964003710144942,-1.4922042415989025,4.646950005787325,-2.4562079517438447,3631009.5875841333,-2.4714605391562006,3.015710539807964,-3.4354642493011425,2425202.682642358
225.05,1.03888559420288,-1.256773617309606,4.768383987183063,-2.2956592115124863,3823260.0354018756,-2.316802333200855,3.1698186553513232,-3.355687927403735,2679400.082083539
225.1,1.111498489208669,-1.0155623878773534,4.878028253737704,-2.1270608770860226,4001105.6414588117,-2.1545624026084615,3.3189019436498617,-3.2660608918171308,2937362.6964167547
225.15,1.18007762589925,-0.7691829546517392,4.9749462598932555,-1.9492605805509893,4161675.2046087007,-1.9850048307292376,3.462422381079916,-3.165082456628488,3196898.332000831
225.2,1.2486567625899463,-0.5182934650543597,5.058327048779434,-1.766950227644306,4302344.735068029,-1.8084214897901467,3.599862585720262,-3.057078252380093,3455736.1696182857
225.25,1.31235246376811,-0.2635892426933403,5.127373370002486,-1.5759417064614505,4420600.640692005,-1.625129663507424,3.730636125846935,-2.9374821272755343,3711372.2409264613
225.3,1.37251188405794,-0.005809847240151711,5.181202830161887,-1.3783217312980918,4513906.755327723,-1.4354812280656484,3.8540079578651967,-2.8079931121235884,3960900.6238102037
225.35,1.4326713043478387,0.25426762405122,5.219234772111857,-1.1784036802966187,4580417.453950119,-1.2398624015554698,3.9693680895534595,-2.6725337059033087,4201568.808097408
225.4,1.48300748201436,0.5158374261367362,5.240702067994391,-0.9671700558776237,4618174.481751294,-1.038692143395472,4.075864202649571,-2.521699625409832,4430045.066250727
225.45,1.5311873381295171,0.7780491428621423,5.24485717866047,-0.7531381952673748,4625500.459394823,-0.8324395278286808,4.172548876372977,-2.363626865958198,4642710.433525705
225.5,1.57877623188406,1.0400315111084595,5.2315238277781475,-0.5387447207756004,4602012.678437795,-0.6216110444725602,4.2588084926937855,-2.2003872763566203,4836653.273984191
225.55,1.6121820289855,1.3008997941906615,5.2000968338649045,-0.3112822347948385,4546888.005892774,-0.40675025432298917,4.333574855345152,-2.018932283308489,5007965.607167935
225.6,1.6455878260869763,1.5597326650714929,5.150168567438971,-0.0858551610154834,4459994.090143368,-0.1884622063232505,4.395826541532137,-1.834050032410227,5152877.595530237
225.65,1.67419151079136,1.815611783279563,5.081958734600026,0.141420272488203,4342638.3558092285,0.032613746734683174,4.444963335857567,-1.6415777640566769,5268719.748564809
225.7,1.690446906474829,2.067620227894048,4.995261650891243,0.3771733214192188,4195733.334349381,0.2557977230097924,4.479920459170219,-1.4346491834650368,5351916.6187978415
225.75,1.70670230215827,2.314833312755334,4.890295906734503,0.6081310105970643,4021255.543611388,0.4803564527044913,4.499923612338434,-1.2263458494537787,5399816.671168262
225.8,1.71458,2.5563549428279635,4.767647543901173,0.8417749428279635,3822079.175492237,0.7055323415115584,4.504468707921662,-1.0090476584884416,5410730.224172119
225.85,1.7140799999999998,2.791309133560646,4.627672491161018,1.0772291335606463,3600946.1472234875,0.9305327085124894,4.4927842416979,-0.7835472914875105,5382696.064653061
225.9,1.71358,3.0188485789082993,4.471286770459494,1.3052685789082992,3361680.5754981698,1.1545360865963463,4.46462663786743,-0.5590439134036538,5315437.604148115
225.95,1.7022035971223013,3.23817972406725,4.299423517220959,1.5359761269449486,3108220.7161827674,1.3767169439452154,4.419771558154508,-0.3254866531770859,5209168.167005742
226.0,1.68700575539568,3.4485476538755306,4.112968107663291,1.7615418984798505,2844474.7260199585,1.5962306827528154,4.357970957767911,-0.09077507264286466,5064509.564999618
226.05,1.67180791366907,3.6492575739702144,3.913376585243891,1.9774496603011444,2575103.4442273118,1.8122388241585756,4.27966459475034,0.14043091048950562,4884141.078282558
226.1,1.644146086956504,3.8396853743917205,3.7017932939932536,2.195539287435216,2304176.399439967,2.0239247207654385,4.185021700038492,0.3797786338089344,4670508.434611485
226.15,1.61596492753624,4.0192567139605355,3.4793976006007163,2.4032917864242958,2035633.149830249,2.2304738133723676,4.074354327138536,0.6145088858361276,4426763.515486004
226.2,1.585380144927517,4.187471409466067,3.2477766660601595,2.60209126453855,1773632.792818942,2.431108702982731,3.9486056618457575,0.8457285580552141,4157729.779402766
226.25,1.54518086956522,4.343901074941225,3.008157431600426,2.7987202053760045,1521572.0355030473,2.625093477883872,3.8084097250868045,1.079912608318652,3867729.2357695336
226.3,1.50498159420291,4.4881754678991115,2.761832290817306,2.9831938736962016,1282584.5418767761,2.8117234645899347,3.654644377214,1.3067418703870248,3561713.473040508
226.35,1.4598986330935109,4.619995857728639,2.510196629289792,3.1600972246351278,1059514.4386863713,2.9903515708798656,3.4885018181717067,1.5304529377863547,3245238.6494366145
226.4,1.40860007194248,4.739125482956456,2.2543781853588842,3.3305254110139755,854564.6857903631,3.160383753389517,3.3109685463983327,1.7517836814470369,2923336.724063757
226.45,1.3573015107913566,4.845383920187952,1.9955673409375978,3.488082409396595,669613.4537824485,3.3212796318138147,3.1233070278220527,1.963978121022458,2601345.8106780336
226.5,1.29877021739131,4.938650134077743,1.7348269254784285,3.6398799166864326,506061.9718911113,3.472566377908753,2.9267616852436014,2.173796160517443,2284249.0565893245
226.55,1.23651297101451,5.018849085098733,1.4730285396662053,3.782336114084223,364849.4685378289,3.613826219216906,2.722439904004767,2.377313248202396,1976447.7415779964
226.6,1.1742557246376395,5.0859509359201365,1.21109918675262,3.911695211282497,246632.7925672722,3.7447038303020825,2.5117216113910805,2.5704481056644433,1682332.1208344018
226.65,1.10356000000002,5.139968727573787,0.9497484641271879,4.036408727573766,151673.11114881773,3.864911123086719,2.2957662733683395,2.7613511230866985,1405478.0751828144
226.7,1.0319266666666287,5.180945296687191,0.6895612575634363,4.149018630020562,79953.43031342878,3.9742113176179084,2.0756569992003158,2.9422846509512794,1148893.8608878027
226.75,0.959196733812943,5.208954258607811,0.4311314791827929,4.249757524794868,31254.3782381703,4.072428638161759,1.852650572373239,3.113231904348816,915283.7715506374
226.8,0.879730546762616,5.224094315121098,0.17484913101927446,4.344363768358482,5140.653738570906,4.159444449323525,1.627724584137155,3.279713902560909,706529.9524811932
226.85,0.8002643597121973,5.226480186604998,-0.07897853536464183,4.4262158268928005,1048.8407359166636,4.235184607609358,1.4018021806567582,3.4349202478971606,524013.160985078
226.9,0.718196478260919,5.216241814742805,-0.3300898449483052,4.498045336481886,18321.276234128367,4.2996236963385766,1.1758155316917434,3.5814272180776574,368677.91055134323
226.95,0.6315033623188238,5.193518671384558,-0.5783567704413797,4.562015309065734,56244.886309978116,4.352776913297058,0.9504689817374392,3.721273550978234,240904.34273200124
227.0,0.544810246376828,5.158455011602216,-0.8236952620947221,4.613644765225388,114083.94516484736,4.394692462220199,0.7264278707960398,3.849882215843371,140719.32039180477
227.05,0.455504942446086,5.111198659520609,-1.0660656819199574,4.655693717074523,191099.39911261346,4.425451529947996,0.5042912668346283,3.9699465875019104,67815.91514817982
227.1,0.3644581798560732,5.05189758330804,-1.3054899588124216,4.687439403451967,286575.10945008695,4.445161024389225,0.2845155947886707,4.0807028445331515,21586.432980786954
227.15,0.273411417266216,4.980698129192043,-1.5420080304408457,4.7072867119258275,399820.1393832544,4.453949211016205,0.06750190576594514,4.1805377937499895,1215.0686085425434
227.2,0.1797838635506804,4.897744103127208,-1.775687663947866,4.717960239576528,530181.4767976013,4.451962125390551,-0.14646120511574007,4.272178261839871,5720.23589438797
227.25,0.085589794710136,4.803175341762237,-2.0066090596558412,4.717585547052101,677044.0609414581,4.439357213772393,-0.35718112071102415,4.353767419062257,34020.89413130219
227.3,-0.0085360480575273,4.697128112756511,-2.2348354597518036,4.705664160814038,839812.82504933,4.416300556617923,-0.5645122971703003,4.42483660467545,84979.76897506384
227.35,-0.1015930156834939,4.579736052165304,-2.4604058076366733,4.6813290678487975,1017899.4561348611,4.382963918394904,-0.7683709390691683,4.484556934078398,157438.37333494282
227.4,-0.194649983309302,4.451131614469503,-2.6833300728834457,4.645781597778805,1210708.4994232436,4.33952157887239,-0.9687453541735946,4.534171562181692,250258.01632877957
227.45,-0.2869776086956694,4.311447627725776,-2.90357768058058,4.598425236421445,1417614.9811325714,4.286146666484556,-1.1656850663306764,4.573124275180225,362352.4463643609
227.5,-0.377429782608679,4.160820081010433,-3.12104885207984,4.538249863619113,1637919.4056530674,4.223009024337874,-1.359269473664814,4.600438806946553,492696.93387653894
227.55,-0.467881956521688,3.999391698146541,-3.3355801809457457,4.4672736546682295,1870829.3077945344,4.15027368055853,-1.5496171976213642,4.618155637080218,640350.2557770374
227.6,-0.5541675755395908,3.827315472124702,-3.5469031591230022,4.381483047664293,2115388.103296095,4.068099239697096,-1.736849395827503,4.622266815236687,804438.8863430301
227.65,-0.636607143884851,3.6447616590316967,-3.7546052781291106,4.281368802916548,2370390.882697017,3.9766390048407483,-1.9210654636436137,4.613246148725599,984131.3374944674
227.7,-0.7190467122302469,3.451923235590791,-3.9582064189146817,4.170969947821038,2634439.7634206894,3.8760409740342023,-2.1023837624991666,4.595087686264449,1178671.329285374
227.75,-0.794367478260877,3.249020084665404,-4.1570578032229815,4.043387562926281,2905785.297697547,3.76644780397934,-2.280869608443315,4.560815282240217,1387297.6455254294
227.8,-0.86718704347824,3.0363102694543818,-4.35033604805861,3.903497312932622,3182269.872919769,3.648001172540852,-2.456523575400049,4.515188216019093,1609202.153732331
227.85,-0.9400066086956802,2.8140931620457192,-4.5372102567009405,3.7540997707413997,3461538.8140564454,3.5208425743389498,-2.6293474604303637,4.46084918303463,1843591.4847124277
227.9,-1.00185532374098,2.5827146408247064,-4.71655426273235,3.584569964565686,3740598.2458460634,3.385116013654619,-2.799191598585617,4.3869713373955985,2089459.6281579474
227.95,-1.063480143884904,2.3425843027924302,-4.887102562779384,3.406064446677334,4016005.5302447123,3.2409770524112194,-2.9658144131875037,4.3044571962961236,2345614.7022588635
228.0,-1.12313579710144,2.0941702279852517,-5.047699034355691,3.2173060250866916,4284284.477269384,3.0885920712479518,-3.128983884168875,4.211727868349392,2610810.705970277
228.05,-1.17491478260868,1.8380041048501612,-5.196911202563705,3.0129188874588415,4541318.77421169,2.928143172767494,-3.288278000242148,4.103057955376174,2883405.9218337336
228.1,-1.2266937681159773,1.5746927947444913,-5.333304597319325,2.8013865628604684,4782821.482634618,2.7598370430895525,-3.443203021491225,3.9865308112055295,3161505.8792550135
228.15,-1.27463550724637,1.3049094882062868,-5.455550157341107,2.5795449954526566,5004589.971008373,2.5839043542760525,-3.593235505559538,3.8585398615224227,3443024.3729103226
228.2,-1.3176934782608944,1.029398246636102,-5.562171926000218,2.3470917248969965,5202118.1641304875,2.4006066115204856,-3.73767734555382,3.71830008978138,3725395.183857667
228.25,-1.36075144927537,0.7489742716252652,-5.651882620324632,2.1097257209006353,5371278.398247531,2.2102414995102593,-3.8758247293435266,3.570992948785629,4005871.288690886
228.3,-1.39835446043165,0.46451232332743675,-5.723460630714031,1.8628667837590869,5508188.51100248,2.0131421381452363,-4.0068894044435615,3.4114965985768864,4281376.719851221
228.35,-1.43339043165469,0.17695063155733037,-5.775703293822454,1.6103410632120203,5609202.836370229,1.8096857625137208,-4.129960588842559,3.2430761941684105,4548419.857438074
228.4,-1.46842640287768,-0.11272195940827662,-5.807794878545197,1.3557044434694032,5671708.920690839,1.600292828859042,-4.244226904493806,3.068719231736722,4803589.871154421
228.45,-1.4954408695652248,-0.4034782373834067,-5.818860939484317,1.091962632181818,5693343.042425903,1.3854264659978854,-4.348688230168948,2.88086733556311,5042957.152855983
228.5,-1.52156405797101,-0.6942455710362693,-5.808191639329687,0.8273184869347406,5672483.8752452275,1.165604908388817,-4.4422969218978325,2.6871689663598266,5262400.517947456
228.55,-1.54600712230215,-0.983931749645341,-5.775597009790406,0.5620753726568091,5608996.398061897,0.9413916553227868,-4.524214887338922,2.4873987776249367,5458272.092485104
228.6,-1.560129424460438,-1.2714329015022718,-5.720674248666759,0.28869652295816617,5502826.656482326,0.7133974749172538,-4.5932908028358685,2.273526899377692,5626218.773177755
228.65,-1.5742517266187,-1.5556256178881105,-5.643352268246659,0.018626108730589452,5355076.958185507,0.48229426106422746,-4.648470351118104,2.0565459876829273,5762207.094726419
228.7,-1.5832143478260898,-1.8354017324413106,-5.544060421744324,-0.2521873846152207,5168295.121537828,0.24879538646871988,-4.6889579045574665,1.8320097342948096,5863020.328189854
228.75,-1.58300420289855,-2.109669126576464,-5.4230306682205836,-0.5266649236779142,4945104.986557295,0.01366150392751056,-4.713668992398995,1.5966657068260606,5924980.098641003
228.8,-1.58279405797101,-2.3773545174885786,-5.280995728376773,-0.7945604595175686,4689462.073059828,-0.22229583939127961,-4.721847611388142,1.3604982185797305,5945558.630712508
228.85,-1.5734294244604212,-2.6374344155826446,-5.118916018820538,-1.0640049911222234,4406029.539389917,-0.45823712637895797,-4.712866300416886,1.1151922980814633,5922962.337494706
228.9,-1.55796179856116,-2.8889266672684997,-4.937679555349563,-1.3309648687073397,4099559.5454521417,-0.6932838686432299,-4.685978201046901,0.8646779299179301,5855571.120183134
228.95,-1.5424941726618546,-3.130908035107438,-4.7387895251006,-1.5884138624455835,3775950.0007626326,-0.9265339133161893,-4.641037868343366,0.6159602593456653,5743795.332105903
229.0,-1.51544572463768,-3.3625346402116327,-4.523649253741592,-1.8470889155739527,3440877.75387199,-1.157082905838244,-4.577822813925764,0.3583628187994361,5588389.790853121
229.05,-1.48585514492755,-3.5830258220796054,-4.293684119368015,-2.0971706771520555,3099927.786593271,-1.384009105364374,-4.496192412004273,0.10184603956317617,5390865.654870614
229.1,-1.4555847826086867,-3.791688670003333,-4.050856379847103,-2.3361038873946463,2759212.107691703,-1.6064048499875025,-4.39673320531523,-0.15082006737881581,5155003.4343257435
229.15,-1.41466449275365,-3.987924781905554,-3.7968305006869985,-2.573260289151904,2424006.6932503013,-1.8233914096299102,-4.27982288147335,-0.40872691687626017,4884502.372475426
229.2,-1.3737442028985454,-4.171213524890664,-3.533308928140021,-2.7974693219921187,2099203.863396833,-2.0341062060668667,-4.146063711673072,-0.6603620031683213,4583958.480333945
229.25,-1.33034820143886,-4.341129983612886,-3.262241200755203,-3.0107817821740257,1789466.3335420927,-2.237736133180866,-3.996611761060493,-0.9073879317420059,4259441.484972549
229.3,-1.28117553956837,-4.497339683224572,-2.9852911962413846,-3.2161641436562025,1498527.770977826,-2.4335225728681684,-3.8324768765957526,-1.1523470332997985,3916767.7359043034
229.35,-1.23200287769782,-4.6395884410991215,-2.70409307060543,-3.4075855634013017,1229517.3622559225,-2.620759725845437,-3.6548987318533954,-1.3887568481476171,3562209.264027616
229.4,-1.1791386956522,-4.767704219714346,-2.420201244142408,-3.5885655240621466,984905.0291976843,-2.79881184625415,-3.4652866643362783,-1.61967315060195,3202189.7776071606
229.45,-1.122866956521718,-4.881585677878727,-2.134928095043093,-3.758718721357009,766404.2427001973,-2.9671095528752365,-3.2649448617991537,-1.8442425963535185,2842630.653490319
229.5,-1.0665952173913,-4.981194817653043,-1.8495125378226407,-3.9145996002617434,575182.8850436679,-3.1251523109272483,-3.0553597694858015,-2.0585570935359483,2489392.885597955
229.55,-1.00607656521741,-5.066552184922343,-1.5650043973520136,-4.060475619704933,411834.3050161813,-3.272515454660617,-2.8379686386134733,-2.266438889443207,2147750.9316676296
229.6,-0.9442167826086718,-5.13772484492808,-1.2822628362295427,-4.193508062319408,276468.40435223636,-3.40884166457539,-2.6141232101719183,-2.464624881966718,1822304.0421225429
229.65,-0.882357000000035,-5.194820793899438,-1.002052181760428,-4.312463793899402,168838.7278763875,-3.5338445640997067,-2.385279962335577,-2.651487564099672,1517216.1329918967
229.7,-0.8158548417265953,-5.237981660025418,-0.7249309611996748,-4.422126818298823,88365.89741669966,-3.6473073141500016,-2.1526920332625488,-2.8314524724234063,1235755.4640192124
229.75,-0.749352683453227,-5.267372491261848,-0.4513185361248748,-4.518019807808621,34249.77612029061,-3.7490709237320075,-1.9175271489336403,-2.9997182402787805,980509.4311726869
229.8,-0.681705884057978,-5.283177523490167,-0.18154056188241635,-4.601471639432189,5541.645570119734,-3.839036816546163,-1.6809632767038294,-3.157330932488185,753503.3433671667
229.85,-0.6100008115941552,-5.285593417190911,0.08422995909960201,-4.675592605596756,1192.9564097510035,-3.917159659183694,-1.4439385543918457,-3.307158847589539,555988.9463624569
229.9,-0.538295739130455,-5.274822833184572,0.3459071493229893,-4.736527094054117,20119.189066606905,-3.983437497888795,-1.2073163595869227,-3.44514175875834,388696.7445669919
229.95,-0.4649202877697492,-5.251071247251451,0.603475546805357,-4.786150959481701,61236.55481548522,-4.037911600277973,-0.9719061287495575,-3.572991312508224,251893.73949358708
230.0,-0.389583956834529,-5.214542715243824,0.8570009276876758,-4.824958758409295,123496.30946730897,-4.080659043528239,-0.7383457684046126,-3.6910750866937097,145374.52632559947
230.05,-0.314247625899308,-5.1654366965098655,1.1065964783882059,-4.851189070610557,205906.45563201472,-4.111786482001741,-0.5071972344006035,-3.7975388561024332,68599.74255563218
230.1,-0.2362845173912739,-5.103946024696882,1.3524163294470601,-4.867661507305608,307547.5043388715,-4.13142631003893,-0.2788960576341907,-3.895141792647656,20742.13625703835
230.15,-0.157085278260915,-5.030255014638374,1.5946402671355018,-4.873169736377459,427579.4736939995,-4.139728805256653,-0.053752743677135895,-3.982643526995738,770.4953207519661
230.2,-0.0778860391304189,-4.944538939588182,1.8334481064469463,-4.866652900457763,565234.4714769406,-4.136858778657712,0.16796383361938097,-4.0589727395272925,7523.159841098425
230.25,0.0027147820143857,-4.84696426916219,2.0690117000251074,-4.849679051176576,719809.026532788,-4.122992595073974,0.3860739322183848,-4.12570737708836,39747.4883036176
230.3,0.0834374798560956,-4.737689358372692,2.3014788512319333,-4.821126838228787,890646.5136022075,-4.098313295172344,0.6004729652118712,-4.18175077502844,96151.4085200899
230.35,0.1643445797101996,-4.616866221033883,2.5309539606297915,-4.781210800744082,1077109.5729078604,-4.063008236683344,0.8110985010860303,-4.227352816393544,175434.87425706806
230.4,0.246384434782585,-4.484642889113445,2.7574911601772927,-4.73102732389603,1278555.7011672063,-4.017266357954876,1.017951248876901,-4.263650792737461,276326.59869067796
230.45,0.3284242898551111,-4.341166224407105,2.981078225629038,-4.669590514262216,1494301.1824947915,-3.961275476568714,1.2210636504990051,-4.289699766423825,397599.0502853218
230.5,0.409578280575546,-4.186585868128192,3.2016136072757884,-4.596164148703737,1723571.203714685,-3.89522185368857,1.420465436688643,-4.304800134264116,538059.2151538818
230.55,0.489286913669038,-4.0210590725833555,3.418892372923316,-4.510345986252394,1965451.1497003792,-3.819290354271771,1.616182435080522,-4.308577267940809,696545.5102567483
230.6,0.5689955467626202,-3.844755859741113,3.632613473840668,-4.413751406503733,2218859.352211848,-3.733664351959064,1.8082548875213975,-4.302659898721684,871942.8635320059
230.65,0.646713999999957,-3.6578638656018816,3.8423616295350898,-4.304577865601838,2482492.063841406,-3.638525185813513,1.9967077036830303,-4.28523918581347,1063157.7743859093
230.7,0.7231056666666814,-3.4605949153103217,4.047592396381401,-4.1837005819770035,2754767.42066964,-3.5340540622497225,2.1815308718416726,-4.257159728916404,1269087.1852795435
230.75,0.799497333333319,-3.253190397646671,4.2476732405640965,-4.05268773097999,3033846.45035918,-3.420432758242821,2.3627134282333007,-4.21993009157614,1488643.9317210552
230.8,0.870729999999972,-3.0359268053601687,4.441796240878731,-3.9066568053601407,3317482.646671988,-3.297845042555485,2.5401548388901345,-4.168575042555457,1720636.428143191
230.85,0.9409800000000396,-2.809125787948935,4.629015291354168,-3.7501057879489745,3603036.205550715,-3.166482288322774,2.713693700207006,-4.107462288322814,1963768.932944851
230.9,1.01062870503596,-2.573156401636452,4.808364533995977,-3.583785106672412,3887641.1080737067,-3.0265431296443164,2.883183281929358,-4.037171834680276,2216732.223252518
230.95,1.073362517985646,-2.328440330980575,4.978650229762103,-3.401802848966221,4167874.4506206885,-2.878236470572242,3.0483191575330246,-3.9515989885578877,2477933.24964876
231.0,1.13609633093526,-2.0754636308179557,5.138600578325465,-3.211559961753216,4439981.067375182,-2.721789813554138,3.2087369302370536,-3.857886144489398,2745598.0499912295
231.05,1.19659043478259,-1.8147727582332718,5.287001914335059,-3.0113631930158618,4700134.983801737,-2.5574472085111792,3.364086265500833,-3.754037643293769,3017887.0404616906
231.1,1.2518585507246611,-1.5469793092052808,5.422451465413674,-2.798837859929942,4944048.726355754,-2.38547437278372,3.513841240190111,-3.6373329235083816,3292554.736336208
231.15,1.30712666666664,-1.2727660181538176,5.543600309172136,-2.5798926848204573,5167437.303006305,-2.2061654696507573,3.6574511634444598,-3.5132921363173972,3567186.403461662
231.2,1.357920287769797,-0.9928794916936372,5.649140140614868,-2.350799779463434,5366067.020333172,-2.01984168222327,3.7943128701685285,-3.3777619699930668,3839149.3751270766
231.25,1.40490230215827,-0.7081355621715008,5.73767227769421,-2.1130378643297707,5535576.702463007,-1.8268593133418156,3.9236646343173067,-3.2317616155000857,4105371.7766912975
231.3,1.45188431654674,-0.41941495846177645,5.80805119586835,-1.8712992750085164,5672209.554531473,-1.6276119688097126,4.044810769695065,-3.079496285356453,4362798.443370983
231.35,1.4923869565217518,-0.12765209315325543,5.859139639882956,-1.6200390496750072,5772435.548643833,-1.4225285553474583,4.156936328039415,-2.91491551186921,4608031.902766351
231.4,1.53084347826085,0.16615938674048752,5.889862135101151,-1.3646840915203624,5833129.980446039,-1.212083791637487,4.259134998409987,-2.742927269898337,4837394.915914891
231.45,1.5693000000000152,0.46098432491510344,5.899609474245508,-1.1083156750849117,5852452.85850947,-0.996792275814721,4.350702189704847,-2.566092275814736,5047629.211600679
231.5,1.59627101449276,0.7557565955310359,5.887544998875025,-0.8405144189617242,5828541.248901084,-0.7772079326673624,4.4306081275465266,-2.3734789471601223,5234743.567968357
231.55,1.6232420289855,1.0493648753282752,5.853058130762947,-0.5738771536572249,5760458.73878246,-0.5539427623693104,4.4978399036792815,-2.1771847913548106,5394817.01310124
231.6,1.6464896402877764,1.340688459039621,5.796148798342237,-0.30580118124815536,5648985.339092557,-0.32764661435011455,4.551715321861239,-1.9741362546378909,5524829.96567103
231.65,1.65794647482014,1.6286005541364594,5.716502549967435,-0.029345920683680582,5494803.908241836,-0.09901214407590861,4.591139751236316,-1.7569586188960487,5620950.45743527
231.7,1.6694033093525118,1.9119617713684085,5.61425406718693,0.2425584620158967,5299995.732772347,0.13121200341341627,4.615249309617698,-1.5381913059390955,5680140.317313771
231.75,1.67237666666667,2.189658284639812,5.489959348671042,0.5172816179731419,5067918.8563437555,0.3622469313849871,4.623413887033055,-1.310129735281683,5700254.925549362
231.8,1.66539115942029,2.4605955738091727,5.343950763639256,0.7952044143888828,4801935.160909825,0.5932716206961971,4.614679534248596,-1.0721195387240927,5678737.921016758
231.85,1.6584056521739086,2.7237078806589508,5.1772239012499135,1.0653022284850422,4506976.465874522,0.8234259726463141,4.5886189058454905,-0.8349796795275944,5614779.590155378
231.9,1.63826611510793,2.9779902453787046,4.990846160293333,1.3397241302707745,4188319.0948607097,1.051837454819097,4.5448036537256,-0.5864286602888331,5508064.06691135
231.95,1.612489136690635,3.2224818772767785,4.78583987614765,1.6099927405861434,3851303.3135166964,1.277601625592448,4.482715003446025,-0.33488751109818704,5358595.680565358
232.0,1.58671215827338,3.45629354656366,4.563996699895722,1.86958138829028,3502531.411305412,1.4998092444114854,4.402652393925332,-0.08690291386189464,5168892.827129723
232.05,1.54510666666667,3.678625397041267,4.326792894453927,2.133518730374597,3147919.450458284,1.7175668805005542,4.3046011180838,0.1724602138338842,4941224.209548882
232.1,1.5021247826086743,3.888742547922791,4.07577246086656,2.3866177653141163,2793259.3196866433,1.9299714877998404,4.188686064388495,0.4278467051911661,4678690.918933968
232.15,1.45706690647484,4.086008226486464,3.8130856573325964,2.6289413200116236,2444806.649733087,2.136153945275681,4.055885822081181,0.679087038800841,4386722.613802437
232.2,1.4011100719424283,4.269886502633083,3.5405231557098977,2.868776430690655,2107784.825415271,2.335289874666592,3.9068824330633842,0.9341798027241637,4070328.0922078053
232.25,1.34515323741008,4.439926895217809,3.2599358771986626,3.094773657807729,1786938.1076820828,2.5265878540194437,3.742623616826641,1.1814346166093637,3735261.743260941
232.3,1.28520376811597,4.595779865466571,2.9733295822694323,3.3105760973506007,1486543.077671216,2.7093211865306572,3.564506088954362,1.4241174184146872,3388187.642184726
232.35,1.2187399999999822,4.737187983776292,2.6824056896585473,3.51844798377631,1209874.486590946,2.8828273059421403,3.3737229588089366,1.6640873059421581,3035201.7607452073
232.4,1.1522762318841,4.8639767831086855,2.388853078918408,3.7117005512245855,959555.8906337764,3.046506537806021,3.1717230745692446,1.894230305921921,2682620.6031346624
232.45,1.0811022608695475,4.97605586795763,2.0942471180665683,3.894953607088082,737474.9078917151,3.1998386280993603,2.96006424776503,2.118736367229813,2336528.0935724676
232.5,1.00704139130434,5.073406417557014,1.799927298027612,4.066365026252674,544755.1222805546,3.342376024432628,2.740187190591932,2.335334633128288,2002300.2238624282
232.55,0.93298052173914,5.156074308521833,1.5071394721095888,4.223093786782693,381942.7614759623,3.4737471233987702,2.513692191704028,2.54076660165963,1684972.9159023466
232.6,0.8544251366905969,5.224163103693137,1.2169075130604077,4.36973796700254,249004.12413570305,3.5936595704418854,2.2820531089063474,2.7392344337512884,1388737.7044984335
232.65,0.775138086330963,5.277821587268852,0.9300574446197475,4.502683500937889,145449.0678082378,3.7018895901253734,2.0466371517812787,2.9267515037944105,1116992.9682803694
232.7,0.6955744892086019,5.317236822513716,0.6472765679538618,4.621662333305114,70448.40522128828,3.798283846513926,1.8088477699387162,3.1027093573053244,872514.7346166045
232.75,0.61283060431655,5.3426252452175165,0.3690483020850755,4.729794640900966,22901.17779818601,3.882754863419104,1.5698819574834746,3.269924259102554,657207.8294485724
232.8,0.530086719424498,5.354223071279415,0.09569747859873762,4.824136351854918,1539.8995283534512,3.955270500588011,1.3308159314943684,3.425183781163513,472285.6116051263
232.85,0.4467459999999758,5.352279572076654,-0.17258503398433384,4.905533572076678,5008.384469392648,4.015851707736111,1.0926576131834174,3.5691057077361354,318373.509239382
232.9,0.362012666666723,5.337050046450677,-0.43574401394759016,4.975037379783954,31926.716416793734,4.064565287731871,0.8562340684534577,3.702552621065148,195503.14132809616
232.95,0.277279333333326,5.308789776290835,-0.6938341692038806,5.031510442957509,80947.37368802718,4.101515872729899,0.6222491312666876,3.824236539396573,103251.72836323931
