t,eta,x_grid,xdot_grid,x_minus_eta_grid,P_abs_grid
60.0,-0.504543016129032,0.0,0.0,0.504543016129032,0.0
60.05,-0.492534951612902,-0.001803504921155835,-0.07145459330503709,0.4907314466917462,2042.3035617553005
60.1,-0.480526887096774,-0.007075893449447595,-0.13873714249990038,0.4734509936473264,7699.197883615065
60.15,-0.468626810660743,-0.015606096580403255,-0.20175430708238967,0.4530207140803398,16281.920170518077
60.2,-0.456740081066074,-0.02717901746144956,-0.2604350990366156,0.4295610636046244,27130.576324084708
60.25,-0.444853351471405,-0.041576397725640084,-0.31472538693993957,0.4032769537457649,39620.827673797874
60.3,-0.433595742904841,-0.05857830360159767,-0.36462235374289653,0.3750174393032433,53179.78433960398
60.35,-0.42389346132443,-0.07796689557602486,-0.4102165960172272,0.34592656574840513,67311.0622591844
60.4,-0.414191179744017,-0.09952945283309585,-0.45158189452056186,0.31466172691092115,81570.48298351195
60.45,-0.404488898163605,-0.1230548117667783,-0.4887323215834592,0.2814340863968267,95543.7128641431
60.5,-0.397562193996665,-0.14833514186293253,-0.5218309635739928,0.24922705213373245,108923.02181782475
60.55,-0.391859303501945,-0.1751741449310531,-0.5511047525960588,0.21668515857089188,121486.5793335853
60.6,-0.386156413007226,-0.20338347249158192,-0.5766509325142994,0.18277294051564405,133010.51918784445
60.65,-0.380945781354051,-0.2327782828084499,-0.5985406920698162,0.1481674985456011,143300.3840253658
60.7,-0.380370587125416,-0.26318166110615066,-0.6170776163691579,0.11718892601926534,152313.91384953665
60.75,-0.379795392896781,-0.2944347221132164,-0.6325360872514527,0.08536067078356457,160040.76067015095
60.8,-0.379220198668146,-0.32638484001035917,-0.644969673805195,0.052835358657786824,166394.35205135186
60.85,-0.381123929883139,-0.3588843259376364,-0.6545618455546378,0.022239603945502562,171380.4838623574
60.9,-0.385587202003339,-0.39179881744228195,-0.6616219265878114,-0.006211615438942941,175097.4294967069
60.95,-0.390050474123539,-0.4250074290367067,-0.666337440383217,-0.03495695491316769,177602.2337825829
61.0,-0.39451374624374,-0.4583946299334056,-0.6687778045234268,-0.06388088368966555,178905.50072926996
61.05,-0.40225227888889,-0.49185122379357765,-0.6691789712940133,-0.08959894490468767,179120.19824884553
61.1,-0.410362834444445,-0.5252827064814397,-0.6677912766277205,-0.11491987203699472,178378.0756560323
61.15,-0.418473390000001,-0.5586020521045946,-0.6647059174999518,-0.14012866210459357,176733.58270378108
61.2,-0.426973663333334,-0.5917265872529709,-0.6600179584877732,-0.16475292391963692,174249.48221054717
61.25,-0.436391996666667,-0.6245794748220177,-0.653867408696002,-0.1881874781553507,171017.03526192982
61.3,-0.445810330000001,-0.6570909229840671,-0.6463724149635145,-0.21128059298406615,167118.9195303063
61.35,-0.455228663333334,-0.6891955126198291,-0.6376049891134105,-0.23396684928649514,162616.0488569249
61.4,-0.463688780122156,-0.7208306329733241,-0.6275901911337206,-0.2571418528511681,157547.779202904
61.45,-0.471734310383121,-0.7519338709669348,-0.6163356165602633,-0.28019956058381373,151947.83689628795
61.5,-0.479779840644087,-0.7824444772901611,-0.6038978252182018,-0.30266463664607407,145877.03332130951
61.55,-0.48748716,-0.8123049612670693,-0.5903384494976037,-0.32481780126706933,139399.79398209392
61.6,-0.49200966,-0.8414581436069007,-0.5755689749378908,-0.34944848360690073,132511.85796442174
61.65,-0.49653216,-0.8698407139441794,-0.5595308283948393,-0.3733085539441794,125229.899169686
61.7,-0.50105466,-0.897391794365869,-0.5423267730635998,-0.39633713436586904,117647.33151263089
61.75,-0.503230551724138,-0.924053843117251,-0.5239503143673974,-0.42082329139311303,109809.57277027781
61.8,-0.503021986651835,-0.9497654439392061,-0.5042913971301742,-0.4467434572873712,101723.92528780123
61.85,-0.502813421579533,-0.9744618810136308,-0.4833662311804564,-0.47164845943409783,93457.16537823937
61.9,-0.50260485650723,-0.9980832180762508,-0.4613098506836901,-0.4954783615690208,85122.71133512339
61.95,-0.497791837687604,-1.0205725773758012,-0.43803673232014895,-0.5227807396881972,76750.47154468553
62.0,-0.492467212896053,-1.0418650079676495,-0.41345025093049187,-0.5493977950715965,68376.44399779467
62.05,-0.487142588104502,-1.0618978774992394,-0.3876796983476393,-0.5747552893947374,60118.219404366646
62.1,-0.480259943951165,-1.0806145186761291,-0.3608012962903549,-0.6003545747249641,52071.030161920185
62.15,-0.469776314650387,-1.0979579696374333,-0.33272078693662394,-0.6281816549870463,44281.24882389052
62.2,-0.45929268534961,-1.1138664060655745,-0.3034282192931832,-0.6545737207159645,36827.47370537283
62.25,-0.448809056048834,-1.12828331710694,-0.2730866408923845,-0.6794742610581059,29830.52537355447
62.3,-0.434764570951584,-1.14115743370576,-0.24168716262490172,-0.706392862754176,23365.073831070276
62.35,-0.419179429048413,-1.152433195728718,-0.20915737519422228,-0.733253766680305,17498.72303925467
62.4,-0.40359428714524,-1.1620560896014287,-0.17560235420800116,-0.7584618024561887,12334.47472135692
62.45,-0.387525082731815,-1.169978942328535,-0.14117777293429065,-0.7824538595967199,7972.465428274451
62.5,-0.367285493614658,-1.1761586826762078,-0.10584268131988775,-0.8088731890615498,4481.069275593326
62.55,-0.347045904497499,-1.1805479391116365,-0.06959092410391303,-0.8335020346141375,1937.1586870546332
62.6,-0.326806315380343,-1.1831057203928017,-0.03261539156156977,-0.8562994050124587,425.50550668580667
62.65,-0.304792012784876,-1.183799158402782,0.004979567192021091,-0.879007145617906,9.918435767941125
62.7,-0.281017137854361,-1.1825977942587307,0.043173031327921656,-0.9015806564043697,745.5642536166819
62.75,-0.257242262923846,-1.1794736287624548,0.08186089694901817,-0.9222313658386088,2680.4825797191093
62.8,-0.233467387993328,-1.1744064669783556,0.12086391103359545,-0.9409390789850276,5843.23399613475
62.85,-0.20837055111111,-1.1673837775508897,0.16007518313689736,-0.9590132264397797,10249.625702524492
62.9,-0.183133328888886,-1.1583970502514742,0.1994012433843573,-0.9752637213625882,15904.342345291077
62.95,-0.157896106666665,-1.1474441952225938,0.23869565008563165,-0.9895480885559288,22790.24534792092
63.0,-0.132999018222222,-1.134530667014916,0.2778000126780415,-1.001531648792694,30869.138817568008
63.05,-0.108880657111109,-1.1196704358544267,0.31653072458004583,-1.0107897787433178,40076.679841267534
63.1,-0.0847622959999992,-1.1028864326864702,0.35473176490562897,-1.018124136686471,50333.85001322497
63.15,-0.060643934888886,-1.084207943487137,0.3922922950942731,-1.023564008598251,61557.297916132906
63.2,-0.0391549028904937,-1.0636716455259048,0.4289873043916976,-1.0245167426354111,73612.04293170199
63.25,-0.0187713842690389,-1.0413279946347729,0.46455614246581145,-1.022556610365734,86324.96380108612
63.3,0.0016121343524188,-1.017236878532706,0.4988746781243639,-1.0188490128851246,99550.37778947508
63.35,0.0213654345918929,-0.9914629167469544,0.5318505208463388,-1.0128283513388474,113145.99060980872
63.4,0.035803496779568,-0.9640796900451185,0.5631562301798334,-0.9998831868246865,126857.9758361446
63.45,0.050241558967241,-0.9351796616167474,0.5925206397079228,-0.9854212205839884,140432.2833919544
63.5,0.064679621154914,-0.9048600953283129,0.6199377060754306,-0.9695397164832269,153729.10376562682
63.55,0.075587346718577,-0.8732210115334305,0.6452490349065497,-0.9488083582520075,166538.52681913352
63.6,0.0830207727474976,-0.8403752763917589,0.6681567824361088,-0.9233960491392565,178573.39436614944
63.65,0.0904541987764192,-0.8064471862445837,0.6885541603475221,-0.8969013850210029,189642.7326927525
63.7,0.0978876248053398,-0.7715605299198681,0.7065120531057749,-0.869448154725208,199663.71247349493
63.75,0.0991987468037799,-0.7358401072527399,0.7218240536510244,-0.8350388540565198,208411.9857716788
63.8,0.0998895472484714,-0.6994257301039878,0.73428031150147,-0.7993152773524592,215667.0303434783
63.85,0.100580347693163,-0.6624581074943713,0.7439750082816615,-0.7630384551875343,221399.52517907933
63.9,0.0996279275402551,-0.6250734018755008,0.750959838863085,-0.7247013294157558,225576.27183410825
63.95,0.0950180163797889,-0.5874091822585122,0.7551219378462012,-0.6824271986383011,228083.65640664086
64.0,0.0904081052193226,-0.5496085790578197,0.756441867878508,-0.6400166842771423,228881.71979181044
64.05,0.0857981940588564,-0.5118096748633343,0.7550810874377826,-0.5976078689221906,228058.97944248968
64.1,0.0789584846496091,-0.47414419455554474,0.7510973306318419,-0.5531026792051539,225658.8800329114
64.15,0.0711991409343705,-0.43674327917498845,0.744513614227,-0.507942420109359,221720.20870774006
64.2,0.0634397972191317,-0.39973386586747905,0.7354680723062359,-0.4631736630866108,216365.31415274026
64.25,0.0555838937743189,-0.3632344750994647,0.7241425028490522,-0.4188183688737836,209752.94577299585
64.3,0.0469624096164541,-0.32735515125335346,0.7106850684320031,-0.37431756086980755,202029.30659688034
64.35,0.0383409254585868,-0.29219887745521866,0.6952531632794151,-0.33053980291380547,193350.78442001322
64.4,0.029719441300722,-0.257859470958103,0.6780430843005252,-0.28757891225882504,183896.96966710765
64.45,0.021676658917268,-0.22442047511328161,0.65927838616514,-0.2460971340305496,173859.19618580458
64.5,0.0141810536979457,-0.19195344430521213,0.6392045677761016,-0.20613449800315783,163432.99178633312
64.55,0.0066854484786233,-0.16051832553686257,0.618031870216486,-0.16720377401548586,152785.35704131494
64.6,-0.000810156740701,-0.13016562664925405,0.5959364298185443,-0.12935546990855304,142056.09135394913
64.65,-0.0057951149333338,-0.10093523418978233,0.5732066815533944,-0.09514011925644852,131426.3599109818
64.7,-0.0105378177111112,-0.07285081980396675,0.5501244119313953,-0.06231300209285555,121054.74744114539
64.75,-0.0152805204888885,-0.04592624392295071,0.5268342781843818,-0.03064572343406221,111021.74266802342
64.8,-0.0187930046136742,-0.02016783259722759,0.5035166726626386,-0.0013748279835533901,101411.61585970188
64.85,-0.0195926988882714,0.004429919703782707,0.48046755011789216,0.024022618592054106,92339.62668651568
64.9,-0.0203923931628684,0.027886991941357502,0.4579019276063116,0.0482793851042259,83869.67012223034
64.95,-0.0211920874374654,0.050229343569733895,0.4358896088216261,0.07142143100719929,75999.90043146808
65.0,-0.0186718940433811,0.0714888757257641,0.41465149594270573,0.0901607697691452,68774.34523500949
65.05,-0.0148218857007784,0.09171183955904583,0.3944534439144652,0.10653372525982423,62237.40776639285
65.1,-0.0109718773581747,0.11095302780561254,0.3753834396767438,0.12192490516378725,56365.09071341742
65.15,-0.0065481148415767,0.12926968362805857,0.3574829199030534,0.13581779846963526,51117.61520896516
65.2,0.0021642170094508,0.14672480129577245,0.34098995424944,0.14456058428632165,46509.659559614076
65.25,0.0108765488604786,0.16339525702783916,0.32609113631656705,0.15251870816736057,42534.17167369197
65.3,0.0195888807115063,0.17935988085015692,0.3127497059961474,0.15977100013865062,39124.95144027065
65.35,0.0307034699944564,0.19469734884973122,0.30103444560067105,0.16399387885527483,36248.69497524135
65.4,0.0440355276760971,0.20949306739875545,0.2911026011875495,0.16545753972265836,33896.28976726299
65.45,0.0573675853577379,0.22383767307543814,0.28297397113200196,0.16647008771770025,32029.707335286028
65.5,0.0706996430393787,0.23781885050358728,0.27654794927590887,0.16711920746420858,30591.507299484267
65.55,0.0877303921067244,0.2515220127233644,0.27189339863256773,0.16379162061664,29570.408087987355
65.6,0.105109158087829,0.26503882917141447,0.26907676159906313,0.15992967108358547,28960.92145305562
65.65,0.122487924068928,0.2784582533150052,0.2679738132768187,0.15597032924607718,28723.985840847716
65.7,0.140819907777778,0.29186312866245195,0.2684857446838062,0.15104322088467395,28833.838039367187
65.75,0.161215185555555,0.3053336876872867,0.27060896077119134,0.1441185021317317,29291.68385986567
65.8,0.181610463333332,0.3189499224023805,0.2742862465159947,0.13733945906904851,30093.17801113321
65.85,0.202005741111116,0.3327855727495688,0.2793594455828067,0.13077983163845283,31216.679934533247
65.9,0.223404848720805,0.34690734630952924,0.28572151745737984,0.12350249758872425,32654.714215259122
65.95,0.245202123470525,0.36137773563126907,0.2932844764486279,0.11617561216074407,34406.3136502983
66.0,0.266999398220246,0.3762535341319984,0.30191211151336417,0.10925413591175243,36460.369231383214
66.05,0.288707803779878,0.3915840627886106,0.3114469475239837,0.1028762590087326,38799.68044880283
66.1,0.30976450194553,0.40741024427584355,0.3217030274161108,0.09764574233031353,41397.13513947637
66.15,0.330821200111176,0.423763436819918,0.3325035560349173,0.09294223670874202,44223.44591034616
66.2,0.351877898276822,0.44066731369498174,0.34370709149041945,0.08878941541815977,47253.825896321425
66.25,0.371300016657413,0.4581372409570554,0.355096889744349,0.08683722429964236,50437.52044244414
66.3,0.389225335924486,0.4761754471912544,0.3663939919137599,0.08695011126676838,53697.82292420013
66.35,0.407150655191564,0.494771980563852,0.37741195176960557,0.087621325372288,56975.91253541723
66.4,0.425075974458637,0.5139102469384403,0.38804671866120505,0.08883427247980336,60232.10234549137
66.45,0.438172202447165,0.5335647799457721,0.3979707827748386,0.09539257749860713,63352.29757696711
66.5,0.450848509454951,0.5536901146432672,0.40686307111266745,0.10284160518831625,66215.02345409259
66.55,0.463524816462737,0.574232763335544,0.41465673661087277,0.11070794687280694,68776.08368671148
66.6,0.474015950000001,0.5951351460251592,0.4212131083803138,0.12111919602515814,70968.1930685624
66.65,0.479947894444445,0.6163277774767804,0.4261933942821968,0.13637988303233534,72656.32373191204
66.7,0.485879838888889,0.6377248234953755,0.4293946741165321,0.1518449846064865,73751.91446385712
66.75,0.491811783333333,0.6592381743721926,0.43085229148854537,0.1674263910388596,74253.47883237219
66.8,0.492208144444445,0.6807772696592247,0.43034452436119014,0.1885691252147797,74078.56385906358
66.85,0.490494255555555,0.7022349083665068,0.4275744566876592,0.21174065281095183,73127.96640469879
66.9,0.488780366666666,0.7234968880991142,0.42253500850443726,0.23471652143244814,71414.33336473795
66.95,0.486073253192669,0.7444515178848717,0.4152824423205362,0.25837826469220276,68983.80275988378
67.0,0.476349488617435,0.7649836773397637,0.4055441862659207,0.2886341887223287,65786.43480563512
67.05,0.4666257240422,0.7849612615903947,0.39312561218579056,0.3183355375481947,61819.09878258104
67.1,0.456901959466962,0.8042542286069395,0.3781866018159096,0.3473522691399775,57210.042317226136
67.15,0.443171345,0.822737451073162,0.3607003795600661,0.379566106073162,52041.905525910304
67.2,0.425771622777778,0.8402787396570871,0.34048356333338897,0.4145071168793091,46371.62276008076
67.25,0.408371900555556,0.8567408592942538,0.3175701085094309,0.4483689587386978,40340.30952747669
67.3,0.390972178333334,0.8719944982564848,0.29218170365242346,0.4810223199231508,34148.05917969304
67.35,0.367714423248049,0.8859168708202413,0.2642651443047945,0.5182024475721922,27934.426597773538
67.4,0.343961086206893,0.8983779847879882,0.23376705975406864,0.5544168985810953,21858.81529042492
67.45,0.320207749165738,0.909254550576423,0.20092727304942773,0.589046801410685,16148.707622031716
67.5,0.29510687659811,0.9184350150137437,0.16594563905256937,0.6233281384156337,11015.182048226256
67.55,0.267219994997222,0.9258145729273562,0.12889163701904424,0.6585945779301343,6645.221637379623
67.6,0.239333113396327,0.931291987206333,0.08990551584859387,0.691958873810006,3233.2007120007047
67.65,0.21144623179544,0.9347774356852325,0.04925728919435542,0.7233312038897926,970.5122155105455
67.7,0.182578702165463,0.9361936074312601,0.0071618787698226605,0.7536149052657971,20.51700300545462
67.75,0.153344776568573,0.935472701871866,-0.03618967137957728,0.782127925303293,523.876925824718
67.8,0.124110850971684,0.9325575483177627,-0.08056766351527354,0.8084466973460787,2596.4593617241358
67.85,0.0950618993385158,0.92740293803958,-0.1257264414605422,0.8323410387010641,6322.855232932459
67.9,0.0672960210728148,0.9199768230276426,-0.17137121472482839,0.8526808019548278,11747.237294505294
67.95,0.0395301428071137,0.9102622559385254,-0.21723043536248543,0.8707321131314116,18875.624819109984
68.0,0.0117642645414127,0.8982535470568394,-0.26310436481874977,0.8864892825154267,27689.562714671105
68.05,-0.0139510190383522,0.8839563626675123,-0.30870687355980075,0.8979073817058645,38119.97351322672
68.1,-0.0378331952473621,0.8673933264852137,-0.35368252869675126,0.9052265217325758,50036.53244213131
68.15,-0.0617153714563653,0.8486025769688078,-0.3977909834551918,0.9103179484251731,63295.06660729948
68.2,-0.0855975476653685,0.8276310454469779,-0.4408912897646129,0.9132285931123464,77754.05175612154
68.25,-0.104307855833332,0.8045364521290254,-0.482613357264659,0.9088443079623574,93166.26104410614
68.3,-0.12262888361111,0.7793986799488963,-0.5225983875444212,0.9020275635600064,109243.62986561163
68.35,-0.140949911388892,0.7523071498439058,-0.5607523812197504,0.8932570612327978,125777.29321744808
68.4,-0.157163183333335,0.7233566301576314,-0.5969166579444749,0.8805198134909664,142523.7986126405
68.45,-0.169097072222223,0.6926542982158094,-0.6307540869855316,0.8617513704380324,159140.28729958064
68.5,-0.181030961111111,0.6603234788921948,-0.6620572250154615,0.8413544400033057,175327.90767806937
68.55,-0.192964849999998,0.6264906055185248,-0.6908396131204859,0.8194554555185227,190903.74842258505
68.6,-0.200321568965518,0.591284700664493,-0.7169127852976243,0.791606269630011,205585.576689279
68.65,-0.205985362068966,0.554848550110892,-0.7400336890455568,0.760833912179858,219059.94436895032
68.7,-0.211649155172414,0.5173306490008628,-0.7601962155729175,0.7289798041732768,231159.31446855425
68.75,-0.216581953888889,0.4788774106796154,-0.7774504638957621,0.6954593645685044,241771.6895246943
68.8,-0.216790565,0.43963683378451907,-0.7916321481078079,0.6564273987845191,250672.58316711293
68.85,-0.216999176111111,0.399767216954007,-0.8026329686552423,0.616766393065118,257687.87294893083
68.9,-0.217207787222222,0.3594244134201158,-0.8105815539132764,0.5766322006423378,262816.9822177847
68.95,-0.215195240421987,0.31875946386333287,-0.8155067709953727,0.5339547042853199,266020.5174157197
69.0,-0.211244379789006,0.2779249853626986,-0.8173578049959482,0.4891693651517046,267229.5125551178
69.05,-0.207293519156024,0.23707374652070448,-0.8162054712370506,0.44436726567672846,266476.54851091834
69.1,-0.203342658523042,0.19635161505411153,-0.812222940705504,0.39969427357715354,263882.4421633187
69.15,-0.196997847523649,0.15589755264696217,-0.80547525127019,0.35289540017061116,259516.15216351033
69.2,-0.190478370617696,0.1158490133978042,-0.7960325367859943,0.3063273840155002,253467.11984877812
69.25,-0.183958893711742,0.07633598025999061,-0.7840891836877705,0.2602948739717326,245918.3391904617
69.3,-0.177175768718803,0.03747854217700965,-0.7698391488167635,0.21465431089581266,237060.9260203676
69.35,-0.169876267886854,-0.0006123471771653233,-0.7534539038367994,0.16926392070968868,227077.1140827652
69.4,-0.162576767054907,-0.03783435797987537,-0.7351190100833113,0.12474240907503165,216159.983594347
69.45,-0.15527726622296,-0.07409523396663076,-0.7150428629981203,0.08118203225632925,204514.51836981942
69.5,-0.148627289049471,-0.10931354815907374,-0.6934602742647694,0.03931374089039727,192354.8607933477
69.55,-0.142215115619788,-0.14342012518688968,-0.6706088153196739,-0.001205009567101678,179886.47327378258
69.6,-0.135802942190104,-0.17635657047597392,-0.6466851007647398,-0.04055362828586992,167280.6478204407
69.65,-0.129701113952195,-0.2080739660470937,-0.6218804594457055,-0.07837285209489869,154694.12233616068
69.7,-0.125604949416342,-0.23853459495926874,-0.5964734227494424,-0.11292964554292673,142312.217618574
69.75,-0.121508784880489,-0.26771541608485216,-0.5707121990614812,-0.14620663120436317,130284.9656630367
69.8,-0.117412620344636,-0.2956022618278197,-0.5447372129640327,-0.17818964148318367,118695.45247512874
69.85,-0.115068311111111,-0.3221892162430104,-0.5187660671511892,-0.2071209051318994,107647.29297100486
69.9,-0.114240533333333,-0.34748357945705505,-0.49307675072161783,-0.23324304612372204,97249.87284087538
69.95,-0.113412755555556,-0.371504578291518,-0.467848144549559,-0.258091822735962,87552.754543386
70.0,-0.112584977777778,-0.3942776854450754,-0.44317650554260124,-0.2816927076672974,78562.1660259805
70.05,-0.115288491384102,-0.4158358379669606,-0.41932008541168525,-0.30054734658285864,70331.73361186522
70.1,-0.118233460811562,-0.4362274502398595,-0.3965282971558262,-0.3179939894282975,62893.87617811969
70.15,-0.121178430239022,-0.4555074760273273,-0.3748642488644217,-0.33432904578830525,56209.28203067483
70.2,-0.125423277685032,-0.4737343991111135,-0.35443054719479516,-0.34831112142608145,50248.405113920766
70.25,-0.132214040066779,-0.49097454097190196,-0.33543605458236975,-0.35876050090512296,45006.938685514615
70.3,-0.139004802448526,-0.5073040712255542,-0.3180046717443483,-0.36829926877702823,40450.788500492294
70.35,-0.145795564830275,-0.5228008343431374,-0.3021220292424698,-0.3770052695128624,36511.08822143511
70.4,-0.155229775804664,-0.5375437954756992,-0.28788937468606624,-0.3823140196710352,33152.11682285369
70.45,-0.165573560488347,-0.5516193898868341,-0.27543297212574525,-0.3860458293984871,30345.328853608622
70.5,-0.17591734517203,-0.565116433980455,-0.2647365473382961,-0.38919908880842496,28034.175798640757
70.55,-0.186681727777775,-0.5781215850177739,-0.2557521157675989,-0.39143985723999886,26163.65788784132
70.6,-0.200029783333335,-0.5907213479843967,-0.24854908164494321,-0.3906915646510617,24710.65839461786
70.65,-0.21337783888889,-0.6030067924344013,-0.24316387170693934,-0.38962895354551125,23651.46740140354
70.7,-0.226725894444445,-0.6150664590959466,-0.23950204686185136,-0.3883405646515016,22944.492180406578
70.75,-0.241288737896495,-0.6269850837335278,-0.2375251514780334,-0.38569634583703283,22567.27903386509
70.8,-0.25688640066778,-0.6388471449479225,-0.23723825218548458,-0.3819607442801425,22512.79532000943
70.85,-0.272484063439069,-0.6507360601364824,-0.23858035611212614,-0.37825199669741344,22768.23452903557
70.9,-0.288081726210354,-0.6627304104830528,-0.24143615595664916,-0.3746486842726988,23316.566961249366
70.95,-0.304941428412877,-0.6749039391689505,-0.24574737255933035,-0.3699625107560735,24156.708447925725
71.0,-0.3218731709212,-0.6873283617732897,-0.2514512654076694,-0.3654551908520897,25291.095550047277
71.05,-0.338804913429523,-0.7000701221022217,-0.2584184182276801,-0.36126520867269873,26712.031551718468
71.1,-0.355826025000004,-0.7131890575388881,-0.26651673051272506,-0.3573630325388841,28412.46705727701
71.15,-0.373019080555558,-0.7267385379638177,-0.2756196157616524,-0.3537194574082597,30386.46903704036
71.2,-0.390212136111112,-0.7407655477206245,-0.28559438176478774,-0.35055341160951253,32625.660358244528
71.25,-0.407405191666666,-0.7553101565151626,-0.2963002745405761,-0.34790496484849665,35117.54107712831
71.3,-0.423952767519465,-0.7704049244542978,-0.3075676997277628,-0.3464521569348328,37839.15596633091
71.35,-0.440275904338156,-0.7860733657255912,-0.3192220921124065,-0.34579746138743517,40761.09763704869
71.4,-0.456599041156842,-0.8023312916723522,-0.33112661463988957,-0.34573225051551015,43857.93396914957
71.45,-0.472637466111111,-0.8191879564723162,-0.34314764150876015,-0.3465504903612052,47100.12154920983
71.5,-0.487010521666667,-0.8366445364053191,-0.35507853949970725,-0.34963401473865213,50432.30768529806
71.55,-0.501383577222222,-0.8546912762023682,-0.3667380495806321,-0.35330769898014613,53798.71880408247
71.6,-0.515756632777781,-0.8733122524764239,-0.3780328156149061,-0.3575556196986428,57163.52387269343
71.65,-0.528540233203778,-0.8924857108902907,-0.38879760632502086,-0.36394547768651275,60465.43147362636
71.7,-0.540002198778457,-0.9121795030606233,-0.39881251642301674,-0.37217730428216633,63620.5693022636
71.75,-0.551464164353137,-0.9323522279050142,-0.40794374563962676,-0.3808880635518771,66567.2398425954
71.8,-0.562926129927816,-0.9529580490743889,-0.4161256220392223,-0.39003191914657287,69264.21332701188
71.85,-0.570987692992214,-0.9739451821852246,-0.4231321060673462,-0.40295748919301067,71616.31167399517
71.9,-0.578847537263626,-0.9952479728321135,-0.4287418679119122,-0.4164004355684875,73527.83572023823
71.95,-0.586707381535039,-1.0167952839148855,-0.4329070284670186,-0.4300879023798465,74963.39811845763
72.0,-0.593190709677419,-1.038512944245489,-0.4355291652041075,-0.44532223456806996,75874.26149735472
72.05,-0.597095047830923,-1.0603189516777987,-0.43639757952252745,-0.4632239038468756,76177.13896524828
72.1,-0.600999385984427,-1.0821213562654524,-0.4353859660075121,-0.4811219702810253,75824.37575851781
72.15,-0.604903724137931,-1.1038263659640386,-0.43250414258604086,-0.49892264182610757,74823.93334163455
72.2,-0.605828526959422,-1.1253385173419936,-0.4276284583626896,-0.5195099903825716,73146.43936066022
72.25,-0.605770717065036,-1.1465534322257407,-0.4206068631532212,-0.5407827151607046,70764.05333263702
72.3,-0.60571290717065,-1.1673635348705922,-0.4114456833389564,-0.5616506276999422,67715.02013530432
72.35,-0.605078654636312,-1.1876629023108864,-0.40017912706508885,-0.5825842476745744,64057.33349543061
72.4,-0.601277710716268,-1.2073445267713891,-0.38669825370635025,-0.6060668160551211,59814.21576781633
72.45,-0.597476766796224,-1.2262947251118734,-0.37093736925167686,-0.6288179583156495,55037.812762941954
72.5,-0.59367582287618,-1.2444018193274113,-0.352989835855179,-0.6507259964512313,49840.72968682649
72.55,-0.587901884936076,-1.2615572965860045,-0.33285792232963857,-0.6736554116499285,44317.758583041476
72.6,-0.580526676486936,-1.2776501208280737,-0.3104768052771522,-0.6971234443411377,38558.33864604268
72.65,-0.573151468037797,-1.2925681522096588,-0.2858860896223943,-0.7194166841718618,32692.34249583347
72.7,-0.565776259588659,-1.306203918863445,-0.25920662123959454,-0.7404276592747859,26875.22899777865
72.75,-0.554803797665368,-1.3184532371690227,-0.23039322707738522,-0.7636494395036547,21232.415633252636
72.8,-0.543657883268482,-1.3292070613618614,-0.19940905312215093,-0.7855491780933794,15905.588186829125
72.85,-0.532511968871593,-1.338360370966356,-0.1663985842554738,-0.805848402094763,11075.395536890404
72.9,-0.519769423333331,-1.3458145349077124,-0.13144533158150054,-0.8260451115743814,6911.15007782825
72.95,-0.504138589999999,-1.351471830358435,-0.09450819324353449,-0.8473332403584359,3572.7194360629032
73.0,-0.488507756666667,-1.355233143520402,-0.05563825885685261,-0.8667253868537349,1238.2463394488552
73.05,-0.472876923333335,-1.3570067012311908,-0.015030727352131484,-0.8841297778978559,90.36910589364543
73.1,-0.452968931149359,-1.356707215754952,0.027316377455187307,-0.903738284605593,298.47379090970617
73.15,-0.431680480288727,-1.3542452226109196,0.0714542101806737,-0.9225647423221925,2042.2816610175573
73.2,-0.410392029428095,-1.349534622330891,0.1172230994034177,-0.9391425929027961,5496.502013497418
73.25,-0.388047914396887,-1.3424986605831286,0.16444773204014568,-0.9544507461862416,10817.222629259022
73.3,-0.359904501389663,-1.333064024842781,0.21322151047286234,-0.973159523453118,18185.365011331578
73.35,-0.331761088382431,-1.3211502584001233,0.2635712602616883,-0.9893891700176923,27787.923694373858
73.4,-0.303617675375207,-1.3066847908036887,0.31524841063790643,-1.0030671154284816,39752.62416389043
73.45,-0.271269120133482,-1.2896041421594309,0.36820209210034127,-1.0183350220259488,54229.11225082728
73.5,-0.235562501668523,-1.2698417553219081,0.4225254683196645,-1.0342792536533851,71411.10855150071
73.55,-0.199855883203564,-1.247330732239741,0.47810139283719044,-1.047474849036177,91432.3767331446
73.6,-0.164149264738595,-1.2220153533307578,0.534653834119615,-1.057866088592163,114341.8889355219
73.65,-0.121375778666663,-1.1938482118137765,0.5922337988189719,-1.0724724331471136,140296.3489854202
73.7,-0.0783078397777752,-1.1627741312728848,0.6508849865124069,-1.0844662914951095,169460.50626690243
73.75,-0.035239900888887,-1.1287467252374346,0.7103162976717788,-1.0935068243485475,201819.69709525726
73.8,0.010039522,-1.091732829042631,0.77032847546249,-1.101772351042631,237362.3840433456
73.85,0.0592504720000093,-1.0517045334289035,0.8309015928288788,-1.1109550054289128,276158.98278622713
73.9,0.108461422000005,-1.0086355005875842,0.8919060511246325,-1.1170969225875893,318198.56161309424
73.95,0.157672372,-0.9625118689288287,0.9530353905441493,-1.1201842409288287,363310.5822518557
74.0,0.20982992222222,-0.9133325638426083,1.0141294135759946,-1.1231624860648284,411383.3869919963
74.05,0.262917977777775,-0.8611014423216696,1.0750738012037409,-1.1240194200994447,462313.47121386416
74.1,0.316006033333345,-0.8058317623120106,1.1356249087346961,-1.1218377956453556,515857.57333547476
74.15,0.369212829349649,-0.7475500117203531,1.1955137794660202,-1.1167628410700021,571701.2787572512
74.2,0.423043012784887,-0.6862952361231524,1.254512760129981,-1.1093382489080392,629520.9061315773
74.25,0.476873196220124,-0.6221172973971499,1.3123992857817866,-1.0989904936172739,688956.7541282175
74.3,0.530703379655362,-0.5550778692172667,1.3689332736058901,-1.0857812488726286,749591.3230341355
74.35,0.58286362763597,-0.4852516248588026,1.423809379634,-1.0681152524947726,810893.2598135022
74.4,0.633722395671483,-0.4127304009399788,1.4766786161093797,-1.0464527966114618,872231.894109885
74.45,0.684581163706996,-0.337621465529277,1.5272867904868956,-1.022202629236273,933041.976158305
74.5,0.73543993174251,-0.26004242162169855,1.575454078874579,-0.9954823533642085,992822.2218570194
74.55,0.779440813125694,-0.18012485136732503,1.6206961346917708,-0.959565664493019,1050662.3844019386
74.6,0.823141035595114,-0.09802931436479131,1.6625491740092089,-0.9211703499599053,1105627.902399481
74.65,0.866841258064522,-0.013928406137447641,1.7008952449511183,-0.8807696642019696,1157217.85371893
74.7,0.90658433777778,0.07199722191720077,1.7354641320271498,-0.8345871158605792,1204734.3014210993
74.75,0.939353226666666,0.159545557567715,1.7656887539475727,-0.779807669098951,1247062.7103267729
74.8,0.972122115555552,0.2484880681921692,1.791233161326204,-0.7236340473633828,1283406.4952938668
74.85,1.00489100444445,0.3385912336605065,1.8121205999910672,-0.6662997707839434,1313512.4275647942
74.9,1.02707015564202,0.42961482361246617,1.8278929780027955,-0.5974553320295539,1336477.095612771
74.95,1.04594175097276,0.521285830431371,1.8379852140405608,-0.524655920541389,1351275.8588126905
75.0,1.0648133463035,0.6133183709477779,1.842380176922972,-0.45149497535572225,1357745.8865274887
75.05,1.08109531701891,0.70542955255392,1.8411188494213402,-0.3756657644649899,1355887.4470778238
75.1,1.08417651835373,0.7973264770903219,1.8336341418307878,-0.2868500412634081,1344885.6664350117
75.15,1.08725771968854,0.8886828630496127,1.8195441147256197,-0.19857485663892727,1324296.3141730558
75.2,1.09033892102336,0.9791756279295147,1.7991391647363695,-0.11116329309384532,1294760.6936353126
75.25,1.08406567147614,1.0684891023023457,1.7722760901450925,-0.015576569173794352,1256385.0158799903
75.3,1.07067776914539,1.1562882408622874,1.7385154190523542,0.08561047171689751,1208974.3449131132
75.35,1.05728986681465,1.2422268028189274,1.6979249271597558,0.1849369360042774,1153179.6233081848
75.4,1.0439019644839,1.3259742275512056,1.650944565128434,0.2820722630673056,1090247.1828508456
75.45,1.01568489432703,1.407210424138079,1.5973178634205187,0.39152552981104893,1020569.7427209163
75.5,0.986914037819797,1.485591636538207,1.5368290797583963,0.4986775987184099,944737.4481564157
75.55,0.958143181312568,1.5607879189773153,1.470015642341141,0.6026447376647472,864378.395491055
75.6,0.924891626666656,1.6324937972230353,1.3972389216425416,0.7076021705563793,780910.641661125
75.65,0.883944959999993,1.7004127403610456,1.318519478174728,0.8164677803610526,695397.4457304629
75.7,0.84299829333333,1.7642512425586974,1.2341291753491184,0.9212529492253674,609229.9285791579
75.75,0.802051626666667,1.8237418959483385,1.144712039368775,1.0216902692816716,524146.26123032806
75.8,0.755052480000003,1.8786445768327829,1.050622873352974,1.12359209683278,441523.3688049838
75.85,0.70622497999999,1.9287310169451872,0.9521425056784472,1.2225060369451972,362630.1404478527
75.9,0.65739747999999,1.9737949877464904,0.8498297795253879,1.3163975077465004,288884.2616672677
75.95,0.607928953307384,2.0136600363356565,0.7442775250642624,1.4057310830282725,221579.6137263135
76.0,0.555285818232346,2.0481759058410076,0.6359137531621686,1.4928900876086617,161754.52058431818
76.05,0.502642683157309,2.077211957576738,0.5251803706368268,1.574569274419429,110325.7686808939
76.1,0.449999548082256,2.1006637850602536,0.41263512464767355,1.6506642369779976,68107.09843720043
76.15,0.397064917732065,2.1184538739695102,0.29879180938043776,1.7213889562374454,35710.61814113434
76.2,0.343910387437461,2.1305292719975566,0.1841245603450616,1.7866188845600957,13560.741488904892
76.25,0.290755857142857,2.1368602482165175,0.06909008628122415,1.8461043910736605,1909.376008938799
76.3,0.237601326848253,2.1374394555926832,-0.04587618520007787,1.8998381287444301,841.8497474047375
76.35,0.186313265038838,2.1322818340925376,-0.16029291940933843,1.9459685690536996,10277.528005107466
76.4,0.135078969811316,2.1214267995775153,-0.27371379893792563,1.9863478297661994,29967.69749161247
76.45,0.0838446745837933,2.1049326963284893,-0.38580244784148404,2.021088021744696,59537.41150419241
76.5,0.0340888769059543,2.082874872847894,-0.49619462460590535,2.0487859959419397,98483.64219511814
76.55,-0.013127761936559,2.0553487598034144,-0.6044580326621779,2.0684765217399734,146147.8052999322
76.6,-0.060344400779086,2.0224701696766196,-0.7102576628311472,2.0828145704557057,201786.37904414543
76.65,-0.107561039621599,1.984367487256123,-0.813389812341155,2.091928526877722,264641.1947281518
76.7,-0.150375132704059,1.9411816073352564,-0.9134996049520734,2.0915567400393154,333792.61129903764
76.75,-0.191903727928932,1.8930741420122366,-1.0102145376367797,2.0849778699411687,408213.36482107703
76.8,-0.233432323153818,1.840219588839333,-1.1033650124650265,2.073651911993151,486965.7402927793
76.85,-0.273760881732381,1.782799560017457,-1.1928019712341256,2.056560441749838,569110.6170320063
76.9,-0.308312519711278,1.7210074052740396,-1.2781601903419026,2.0293199249853178,653477.3888699395
76.95,-0.342864157690175,1.6550564103697876,-1.35914735700662,1.9979205680599625,738912.6152232321
77.0,-0.377415795669071,1.5851662864426144,-1.435718495050224,1.9625820821116853,824515.038811712
77.05,-0.407685800000005,1.5115617308372975,-1.5076608650346028,1.9192475308373025,909216.5135827548
77.1,-0.434725800000005,1.4344828763334567,-1.5746439205934468,1.8692086763334617,991801.3906647605
77.15,-0.461765800000004,1.3541822931775267,-1.6365306321708142,1.8159480931775307,1071293.0040133619
77.2,-0.488805800000004,1.270914627840901,-1.6933294170062283,1.7597204278409049,1146945.8057994612
77.25,-0.508805250834262,1.1849388607066054,-1.7447594486357554,1.6937441115408673,1217674.213441498
77.3,-0.528586952725256,1.096532615666429,-1.7905546727254542,1.625119568391685,1282434.4144075834
77.35,-0.548368654616245,1.0059764326311595,-1.830768697494548,1.5543450872474045,1340685.6094903536
77.4,-0.565723291111114,0.9135492650174352,-1.8653729956527088,1.4792725561285491,1391846.5651641442
77.45,-0.579015513333335,0.8195358018025971,-1.8941787658865503,1.3985513151359321,1435165.278854198
77.5,-0.592307735555555,0.7242289981047882,-1.9171290402751977,1.3165367336603433,1470153.5028266003
77.55,-0.60559995777778,0.6279181285465332,-1.9343664140033847,1.2335180863243131,1496709.3694497256
77.6,-0.614579374652586,0.5308882428077557,-1.9458519754318688,1.1454676174603418,1514535.9641168425
77.65,-0.622299496942746,0.43343004347744785,-1.9515116673970618,1.0557295404201938,1523359.1151947442
77.7,-0.630019619232907,0.3358318004145703,-1.9514884698100625,0.9658514196474772,1523322.8991206477
77.75,-0.636874592880978,0.2383730133932576,-1.9459568163569945,0.8752476062742356,1514699.1724504998
77.8,-0.639679097886541,0.1413279785525482,-1.934914543814651,0.7810070764390892,1497557.7167461833
77.85,-0.642483602892102,0.044972406558012226,-1.9184217676641129,0.6874560094501143,1472136.8314589998
77.9,-0.645288107897664,-0.05042779539578847,-1.8967451084820266,0.5948603125018755,1439056.8026201979
77.95,-0.645363935627081,-0.14461815417695298,-1.8700321630945567,0.500745781450128,1398808.1164032426
78.0,-0.64346382463929,-0.2373482491029319,-1.8383540832916507,0.4061155755363581,1351818.2942220343
78.05,-0.641563713651498,-0.328374493137926,-1.8019320854219592,0.313189220513572,1298783.6961892522
78.1,-0.639663602663707,-0.41746786662387114,-1.7610947742254823,0.2221957360398359,1240581.921521721
78.15,-0.633295417777778,-0.5044123965382017,-1.715963939503738,0.1288830212395763,1177812.8966708754
78.2,-0.626817362222222,-0.5889949851147994,-1.6666765520962918,0.03782237710742253,1111124.2917230334
78.25,-0.620339306666667,-0.6710168506183829,-1.6135968361099566,-0.050677543951715864,1041477.8998016249
78.3,-0.612240526403555,-0.7502963524388309,-1.5570179968577502,-0.13805582603527589,969722.0170155684
78.35,-0.601452032795996,-0.8266631234814753,-1.497107437625852,-0.2252110906854793,896532.2719178577
78.4,-0.590663539188437,-0.8999557944643097,-1.434117884838528,-0.3092922552758728,822677.6430454935
78.45,-0.579875045580878,-0.9700299346494016,-1.3684285875217796,-0.3901548890685236,749038.7196587411
78.5,-0.566182133963314,-1.0367574982981274,-1.3002693923253157,-0.4705753643348134,676280.1970472183
78.55,-0.551660455252916,-1.1000188648546134,-1.2298285055706129,-0.5483584096016975,604991.2612456188
78.6,-0.537138776542522,-1.1597077037286319,-1.157427505395499,-0.6225689271861099,535855.3720984191
78.65,-0.522096908838243,-1.2157343556071867,-1.0833896068108024,-0.6936374467689437,469493.21605826606
78.7,-0.504685291272929,-1.2680226988768595,-1.0079129236281192,-0.7633374076039304,406355.3846466331
78.75,-0.487273673707615,-1.3165053124914645,-0.9312147535422445,-0.8292316387838495,346864.36688589724
78.8,-0.469862056142296,-1.3611291461679556,-0.8536135655699779,-0.8912670900256596,291462.4477300364
78.85,-0.451310906006669,-1.4018558104902232,-0.7753598156133779,-0.9505449044835542,240473.13746720453
78.9,-0.43194132869855,-1.4386576321482591,-0.6966552105995147,-1.006716303449709,194131.3929821817
78.95,-0.412571751390431,-1.4715179151935964,-0.617744281008167,-1.0589461638031654,152643.1986873189
79.0,-0.393202174082312,-1.5004331109062996,-0.538894984311448,-1.1072309368239877,116163.1216464143
79.05,-0.372794731517503,-1.5254118552382607,-0.460310940036463,-1.1526171237207579,84754.46460690089
79.1,-0.352372552529178,-1.5464718002651998,-0.38218106330595547,-1.194099247736022,58424.9460598683
79.15,-0.331950373540853,-1.563641219477803,-0.3047250334844116,-1.2316908459369502,37142.938412830306
79.2,-0.311408270960575,-1.5769588246005217,-0.22813861940118604,-1.2655505536399467,20818.891864911686
79.25,-0.290677010549693,-1.5864724082566344,-0.1525901845022056,-1.2957953977069414,9313.505762566858
79.3,-0.269945750138805,-1.5922377659228362,-0.07823549167820558,-1.3222920157840312,2448.3168632522297
79.35,-0.249214489727923,-1.5943183240592667,-0.005221251600226295,-1.3451038343313437,10.904587309146262
79.4,-0.228626770428011,-1.5927845347758718,0.06631582123711223,-1.3641577643478608,1759.11525854105
79.45,-0.208078132295717,-1.5877134401120856,0.13625229249908075,-1.3796353078163686,7425.874884502022
79.5,-0.187529494163423,-1.5791877368865166,0.20448401278076705,-1.3916582427230937,16725.48459316996
79.55,-0.167068888013313,-1.567295063910877,0.2709152374927123,-1.400226175897564,29358.026362293083
79.6,-0.146988505105434,-1.5521279638279109,0.3354423749748051,-1.4051394587224768,45008.634771495104
79.65,-0.126908122197555,-1.5337840902525286,0.39797448830475823,-1.4068759680549736,63353.47733657366
79.7,-0.106827739289676,-1.5123648927158504,0.4584447095901986,-1.4055371534261745,84068.62070049663
79.75,-0.087018524151362,-1.4879752086479159,0.5167803946689934,-1.400956684496554,106824.79052569623
79.8,-0.0674024696160205,-1.460723676986023,0.5729074989872313,-1.3933212073700025,131289.20095832174
79.85,-0.0477864150806846,-1.4307221866058983,0.6267717866202318,-1.3829357715252137,157137.14900124696
79.9,-0.0281703605453487,-1.398084861107258,0.6783352052784624,-1.3699145005619093,184055.46028806947
79.95,-0.0089552396781318,-1.3629278342071307,0.7275495317023207,-1.3539725945289989,211731.32843210647
80.0,0.0102558313540536,-1.3253697313696875,0.7743753755860313,-1.335625562723741,239862.88892560283
80.05,0.0294669023862444,-1.2855303401481295,0.8187994906440875,-1.314997242534374,268173.0423516069
80.1,0.0485864747222278,-1.2435299942263842,0.8608117095700308,-1.292116468948612,296398.71973315167
80.15,0.0675605025000038,-1.1994895547750422,0.9004015152566397,-1.267050057275046,324289.15547058114
80.2,0.0865345302777798,-1.153530246207676,0.937567683581444,-1.2400647764854558,351613.2645185099
80.25,0.105508558055556,-1.105773041220208,0.9723190103855119,-1.211281599275764,378161.70318282454
80.3,0.124260515286274,-1.0563385878377503,1.0046561510077203,-1.1805991031240242,403733.59270305897
80.35,0.142952010561426,-1.0053476760822098,1.0345785601789226,-1.1482996866436357,428141.118872757
80.4,0.161643505836577,-0.9529208072553571,1.062096655615866,-1.114564313091934,451219.7223481629
80.45,0.180222461624026,-0.8991779458521468,1.0872188601258146,-1.079400407476173,472817.93992531026
80.5,0.198315342602891,-0.8442390733287256,1.1099322693893419,-1.0425544159316167,492779.85705270985
80.55,0.21640822358176,-0.7882249480036192,1.1302322449750606,-1.0046331715853791,510969.97103254613
80.6,0.234501104560625,-0.7312557265005681,1.1481399433501633,-0.9657568310611931,527290.1318064466
80.65,0.251866257777779,-0.6734509818663135,1.1636465283710644,-0.9253172396440925,541629.2971960121
80.7,0.26872986888889,-0.614931525059128,1.17672662406054,-0.883661393948018,553874.2191091663
80.75,0.285593480000001,-0.5558184954395381,1.1873966835676677,-0.841411975439539,563964.3536589984
80.8,0.302457091111116,-0.4962312595511079,1.195703064572023,-0.798688350662224,571882.327450771
80.85,0.317226065519159,-0.4362883765789142,1.2015989969506882,-0.7535144420980733,577536.0597891599
80.9,0.331978147695726,-0.3761121530798621,1.205047695196128,-0.7080903007755881,580855.9790790001
80.95,0.346730229872293,-0.31582325100649955,1.206117989375211,-0.6625534808787925,581888.2417178006
81.0,0.36027270617696,-0.2555397495096308,1.2048248953587275,-0.6158124556865908,580641.2113904675
81.05,0.371923234835839,-0.19538132112186765,1.2010985946663983,-0.5673045559577067,577055.1336438388
81.1,0.383573763494714,-0.1354705124740297,1.1949349060811216,-0.5190442759687437,571147.7719084396
81.15,0.39522429215359,-0.07592696612787977,1.186422983528987,-0.47115125828146975,563039.7983383292
81.2,0.403720388117712,-0.01686838209476752,1.1755014856381751,-0.42058877021247953,552721.4970950228
81.25,0.411408061632426,0.041581526788599776,1.1620807696953266,-0.3698265348438262,540172.6861182731
81.3,0.419095735147142,0.09929921604381446,1.1462313363896015,-0.3197965191033275,525538.5106085967
81.35,0.425892170650362,0.15616535360677178,1.1280237299672273,-0.26972681704359025,508975.0141476705
81.4,0.428985833796554,0.2120605864989587,1.1073568321448224,-0.21692524729759527,490495.66147912655
81.45,0.432079496942746,0.26685936766396506,1.0841899741387595,-0.16522012927878094,470187.16000920156
81.5,0.435173160088938,0.32044039060509766,1.0586716776832175,-0.11473276948384037,448314.28845143935
81.55,0.43534424,0.3726875423260282,1.030814495748222,-0.0626566976739718,425031.40985786443
81.6,0.43353424,0.4234816958124694,1.0005491053632363,-0.010052544187530599,400439.4048972689
81.65,0.43172424,0.47270375195360914,0.9679615897688504,0.04097951195360916,374779.8557071361
81.7,0.42991424,0.5202422692933958,0.9332387106279424,0.09032802929339578,348373.7964058017
81.75,0.423160055030572,0.5659911661721742,0.8963290882174791,0.14283111114160213,321362.333753911
81.8,0.416386013896607,0.6098381198290848,0.8571955160991938,0.19345210593247775,293913.6611282252
81.85,0.409611972762645,0.6516771121675151,0.8160450251357176,0.24206513940487012,266371.7932195016
81.9,0.400920295555554,0.6914108846526921,0.7729900264177004,0.2904905890971381,239005.43237649486
81.95,0.389328073333333,0.7289439676903215,0.7280061632378882,0.3396158943569885,211997.18948494032
82.0,0.377735851111112,0.7641806495052098,0.6811705750776139,0.3864447983940978,185597.3409406269
82.05,0.366143628888887,0.7970338059615243,0.6327012105676203,0.43089017707263727,160124.32874149288
82.1,0.350910600222098,0.8274242179197485,0.582638903129721,0.4765136176976505,135787.23657608175
82.15,0.334755963908939,0.8552712679629147,0.5309905886163517,0.5205153040539757,112780.40207965588
82.2,0.31860132759578,0.8804999942482407,0.4779448203198336,0.5618986666524606,91372.50050822321
82.25,0.301628212020034,0.9030456857368809,0.42369484534187934,0.601417473716847,71806.92878771161
82.3,0.281297661101832,0.9228499770132049,0.3682749254435757,0.641552315911373,54250.56828418849
82.35,0.260967110183636,0.9398550730546129,0.3117680496689387,0.678887962870977,38879.72671774952
82.4,0.24063655926544,0.9540127413302173,0.25441796151824314,0.7133761820647773,25891.3996572393
82.45,0.218056243063261,0.9652850158275879,0.1963562550960845,0.7472287727643269,15422.311566143446
82.5,0.193988540510543,0.9736375469639199,0.13764466457618066,0.7796490064533769,7578.421474515713
82.55,0.169920837957818,0.979041468506602,0.07845112749052845,0.809120630548784,2461.831761814059
82.6,0.1458531354051,0.9814784885901059,0.019006119001345453,0.8356253531850059,144.49302379732188
82.65,0.118738796444441,0.9809391835844088,-0.040613278543380364,0.8622003871399678,659.77535761688
82.7,0.0916183519999992,0.9774155460921042,-0.10033075747099493,0.885797194092105,4026.504357881442
82.75,0.0644979075555573,0.9709080548823982,-0.15993257866746718,0.9064101473268409,10231.371887690231
82.8,0.0365328567612645,0.9614269812045176,-0.21925373766989875,0.9248941244432531,19228.880592888312
82.85,0.0072902858096796,0.9489890322959129,-0.2781945615322791,0.9416987464862333,30956.885626454812
82.9,-0.0219522851419051,0.9336161629058115,-0.33661803255273737,0.9555684480477166,45324.6799358703
82.95,-0.0511948560934899,0.9153390626136659,-0.3943323542128357,0.9665339187071559,62199.20223161492
83.0,-0.0811153206666669,0.8941973259846888,-0.45118346745443105,0.9753126466513558,81426.60852168145
83.05,-0.111201042888897,0.8702374892576963,-0.5070289912031064,0.9814385321465933,102831.3591681759
83.1,-0.141286765111119,0.8435140164233516,-0.5617000355834745,0.9848007815344706,126202.77198979059
83.15,-0.171217563646477,0.814090021273156,-0.6150199449345242,0.985307584919633,151299.81306690606
83.2,-0.200543856031133,0.7820378237465245,-0.6667929220966105,0.9825816797776575,177845.12038325457
83.25,-0.229870148415789,0.7474394795886146,-0.7168420119774032,0.9773096280044036,205544.98805432458
83.3,-0.259196440800453,0.7103846647691252,-0.7650297739266759,0.9695811055695782,234108.22199772036
83.35,-0.287007791666672,0.6709708252616595,-0.811159681362805,0.9579786169283315,263192.01146744296
83.4,-0.313834180555558,0.6293067866200304,-0.8550056189364923,0.9431409671755884,292413.84336518974
83.45,-0.340660569444445,0.5855106660604756,-0.8964285893485088,0.9261712355049206,321433.68632054294
83.5,-0.367461807115062,0.5397056952493297,-0.9353466118698587,0.9071675023643917,349949.31373456965
83.55,-0.390096326292389,0.492022224755739,-0.9714932172991624,0.882118551048128,377519.628503311
83.6,-0.41273084546971,0.44260664508152464,-1.0046244412873722,0.8553374905512346,403708.1072127859
83.65,-0.435365364647031,0.39161063544979857,-1.0347051638739142,0.8269760000968296,428245.91045893746
83.7,-0.455721173333336,0.3391892362997028,-1.0616005460683913,0.7949104096330388,450798.2877650826
83.75,-0.472770617777779,0.28550830656900766,-1.0850336558910825,0.7582789243467867,470919.21376654715
83.8,-0.489820062222227,0.23074608267749308,-1.1048547128673454,0.72056614489972,488281.57461807365
83.85,-0.50686950666667,0.1750827378827599,-1.1210822738991861,0.6819522445494299,502730.1859403879
83.9,-0.518613084444446,0.1187015119538031,-1.1334921185403863,0.6373145963982491,513921.7531172693
83.95,-0.529095862222223,0.06180148189652514,-1.1418256479019044,0.5908973441187482,521506.3240826416
84.0,-0.539578640000001,0.004586632929679049,-1.1460988675549617,0.5441652729296801,525417.0456843062
84.05,-0.54854461354803,-0.05274101577497397,-1.1463298640494948,0.495803597773056,525628.8628846932
84.1,-0.551735063298168,-0.10997494649760053,-1.1422783753281245,0.4417601168005675,521919.9546969039
84.15,-0.554925513048307,-0.16689522171406598,-1.1338098224945674,0.38803029133424094,514209.88543406496
84.2,-0.558115962798445,-0.2232850336988184,-1.1210882584801782,0.3348309290996266,502735.55332084757
84.25,-0.556565065108514,-0.27893228917406065,-1.104062653748871,0.27763277593445335,487581.7373611997
84.3,-0.551931509181969,-0.33361665935934504,-1.0825596908767352,0.21831484982262395,468774.193724453
84.35,-0.547297953255425,-0.38711499351699263,-1.0566610858910142,0.16018295973843233,446613.0601745509
84.4,-0.542565760399333,-0.43921348642511304,-1.0266056371288392,0.10335227397421998,421567.65367388393
84.45,-0.529712460343871,-0.4897038245081907,-0.9922477590569128,0.04000863583568026,393822.24614138604
84.5,-0.516859160288409,-0.5383647462469061,-0.9534787501899615,-0.021505585958497164,363648.69082552445
84.55,-0.504005860232943,-0.5849832099031174,-0.9106000635110452,-0.08097734967017434,331676.9902665278
84.6,-0.487765584863659,-0.6293586335576657,-0.8637545693685018,-0.14159304869400674,298428.78244198643
84.65,-0.466569981079575,-0.6712912041048458,-0.8128619916837875,-0.2047212230252708,264297.8470096535
84.7,-0.445374377295491,-0.7105792168534629,-0.7580320918289443,-0.2652048395579719,229845.06089702598
84.75,-0.424178773511408,-0.7470348197660659,-0.6996261428257011,-0.3228560462546579,195790.69589006735
84.8,-0.396515926707377,-0.7804831299568702,-0.6376990512813324,-0.3839672032494932,162664.03200204458
84.85,-0.367355737923369,-0.8107461892268792,-0.5722596404329815,-0.44339045130351024,130992.43842739413
84.9,-0.338195549139362,-0.8376561974920226,-0.5036457930189356,-0.4994606483526606,101463.63393026903
84.95,-0.307496570951581,-0.8610635257772543,-0.43219689895272034,-0.5535669548256733,74717.66378573919
85.0,-0.271008813578185,-0.8808297609241076,-0.3579807245062626,-0.6098209473459226,51260.079647211474
85.05,-0.234521056204779,-0.8968181673215243,-0.28115754413126104,-0.6622971111167453,31619.8258487688
85.1,-0.198033298831383,-0.9089094098487741,-0.20216665675376966,-0.7108761110173911,16348.542841198607
85.15,-0.157609427524973,-0.9170027908873065,-0.12125256430458319,-0.7593933633623335,5880.873740174832
85.2,-0.114731874805774,-0.9210048271352123,-0.038546995884949836,-0.8062729523294383,594.3483567017358
85.25,-0.0718543220865755,-0.9208329966501542,0.04562998067007146,-0.8489786745635787,832.8380543804379
85.3,-0.0289116569760922,-0.9164243781779611,0.1308558448703182,-0.8875127212018689,6849.300854689913
85.35,0.0193919283490885,-0.9077325735754473,0.21697268558243293,-0.9271245019245359,18830.85851554132
85.4,0.0676955136742693,-0.8947150377338929,0.30381563179966825,-0.9624105514081622,36921.57525033264
85.45,0.11599909899945,-0.8773457612965319,0.3909752820895064,-0.9933448602959819,61144.66848198764
85.5,0.166018851749032,-0.855617512390106,0.4781360984329758,-1.021636364139138,91445.65144988333
85.55,0.218467769017226,-0.8295354027667275,0.5651029696774704,-1.0480031717839535,127736.54653531843
85.6,0.270916686285404,-0.7991150004971913,0.6516043653091065,-1.0700316867825954,169835.2995559534
85.65,0.323365603553583,-0.7643889729441938,0.737267007042168,-1.087754576497777,217425.05586916648
85.7,0.37754755370061,-0.7254069438364441,0.8218123392037803,-1.1029544975370542,270150.2083470357
85.75,0.432130747913185,-0.6822305487666999,0.9049907555557737,-1.1143612966798848,327603.307056564
85.8,0.486713942125775,-0.6349359430681215,0.9864865164915738,-1.1216498851938965,389262.25888787204
85.85,0.541156745696842,-0.5836153446743868,1.0659773632253189,-1.1247720903712288,454523.0955635214
85.9,0.595095946141038,-0.5283770668035467,1.1431386772004484,-1.1234730129445847,522706.4141246363
85.95,0.649035146585234,-0.46934525490534246,1.217675314582981,-1.1183804014905765,593093.2686979048
86.0,0.70297434702943,-0.406657470655735,1.2893378160926119,-1.109631817685165,664956.8016025864
86.05,0.754489226918812,-0.3404650611053234,1.3577874291376613,-1.0949542880241354,737434.6810897038
86.1,0.804492842046729,-0.2709386352926971,1.4226447127394186,-1.0754314773394262,809567.1914741691
86.15,0.854496457174646,-0.19826447931459068,1.4836703504691309,-1.0527609364892365,880511.0835444774
86.2,0.904340578098948,-0.12263807242062222,1.5407092593630074,-1.0269786505195702,949514.0087547627
86.25,0.946369483046138,-0.04426833498923831,1.5932641036350463,-0.9906378180353763,1015396.201572795
86.3,0.988398387993339,0.036606086879140576,1.6408852771458557,-0.9517923011141984,1077001.7971016127
86.35,1.03042729294053,0.11973696244284701,1.6835139171576663,-0.910690330497683,1133687.64370542
86.4,1.06688208217657,0.20486921259700908,1.7208487938081007,-0.862012869579561,1184528.2284603182
86.45,1.09570218212105,0.29172314568005053,1.7522644925451485,-0.8039790364409994,1228172.3407338029
86.5,1.12452228206552,0.37999171344771554,1.7774446448360868,-0.7445305686178045,1263723.786182593
86.55,1.15334238201,0.46936489721356117,1.796463359216193,-0.6839774847964388,1290912.2404025313
86.6,1.16679612903226,0.5595247605278928,1.8086888017995097,-0.6072713685043671,1308542.0727019785
86.65,1.17687677419355,0.6501084287285783,1.8133955012399297,-0.5267683454649716,1315361.2975668863
86.7,1.18695741935484,0.7407399972254208,1.8106449290869748,-0.4462174221294192,1311374.0236913504
86.75,1.19206914032169,0.8310488702936109,1.8004535846881051,-0.36102027002807924,1296653.2442464991
86.8,1.17996708818635,0.9206484455444802,1.7820522099530967,-0.25931864264186977,1270284.0315994862
86.85,1.16786503605102,1.009109806775319,1.7549951701863418,-0.15875522927570107,1232003.2189509547
86.9,1.15576298391569,1.0960109323960312,1.71971737217596,-0.05975205151965879,1182971.1360655157
86.95,1.13027090605892,1.1809413678781766,1.6760325251786907,0.05067046181925661,1123634.0101827434
87.0,1.09650214563647,1.2634653589172988,1.6234205757769846,0.16696321328082875,1054197.7463424304
87.05,1.062733385214,1.3431379001931896,1.5620775445328567,0.2804045149791896,976034.5020535196
87.1,1.02860711345939,1.419537746862955,1.4926126295211994,0.39093063340356515,891156.9847224758
87.15,0.976962786429364,1.4922601566637828,1.4148112780719528,0.5152973702344188,800676.381023837
87.2,0.925318459399334,1.5608779130731327,1.3285519759199993,0.6355594536737987,706020.1410883738
87.25,0.873674132369303,1.6249870004976663,1.2345908265168906,0.7513128681283633,609685.8035678637
87.3,0.816406027808667,1.6842168619601339,1.133422200753763,0.8678108341514669,513858.3540646015
87.35,0.751498074527247,1.7382117365783223,1.025205486305854,0.9867136620510752,420418.51566064905
87.4,0.686590121245827,1.7866276358216309,0.9104009639271717,1.100037514575804,331531.96604780934
87.45,0.621682167964406,1.8291557321290577,0.7898287296993497,1.2074735641646517,249531.76890339534
87.5,0.54937833296338,1.8655222020197755,0.6639581945355638,1.3161438690563956,176336.19363637024
87.55,0.475538155382897,1.8954701282668174,0.533200466338977,1.4199319728839204,113721.09492164102
87.6,0.401697977802434,1.9187731684820382,0.39829536659716985,1.5170751906796043,63455.67962110957
87.65,0.326781714349273,1.9352427815386124,0.2599746902230752,1.6084610671893393,27034.73582263356
87.7,0.248137581979979,1.9447227299797747,0.11877746156563204,1.6965851479997958,5643.234150390079
87.75,0.169493449610684,1.9470820232271069,-0.024733379384557524,1.777588573616423,244.69602231218207
87.8,0.090849317241367,1.9422223297488483,-0.16987145265985523,1.8513730125074814,11542.524171507774
87.85,0.0117735812881642,1.9300781895043273,-0.3160142826779819,1.918304608216163,39946.010742591774
87.9,-0.0675578179344871,1.9106136721215976,-0.46259435571748825,1.9781714900560847,85597.41517667122
87.95,-0.146889217157139,1.8838205560004773,-0.6090697589439467,2.0307097731576165,148386.3885040149
88.0,-0.226137374652586,1.8497170450274119,-0.7549275531560915,2.075854419679998,227966.24420569732
88.05,-0.302267168982785,1.8083480929795117,-0.899571592838737,2.110615261962297,323691.620256969
88.1,-0.378396963312962,1.7597892500779315,-1.0424566299575184,2.1381862133908935,434686.3301369546
88.15,-0.45452675764314,1.704138186725027,-1.1831988991583713,2.1586649443681667,559983.8539878327
88.2,-0.528160782463929,1.6415126710482526,-1.3213454106349056,2.1696734535121815,698381.4776823709
88.25,-0.598459339622638,1.5720561403876703,-1.4563450578964343,2.1705154800103084,848376.3710637474
88.3,-0.668757896781367,1.495937632343423,-1.5877787878208744,2.1646955291247902,1008416.59162157
88.35,-0.739056453940075,1.4133421461158602,-1.7153814738253341,2.1523986000559354,1177013.4402972702
88.4,-0.803937563160829,1.3244710671622875,-1.8386919515416331,2.1284086303231167,1352315.2370655918
88.45,-0.867661547579302,1.229552505590057,-1.9572312293976224,2.097214053169359,1532301.6341317312
88.5,-0.931385531997774,1.1288315346372313,-2.070756995168131,2.0602170666350053,1715213.8132150983
88.55,-0.993402613674277,1.0225645569699293,-2.179019789972671,2.015967170644206,1899250.8980370176
88.6,-1.04970528182324,0.9110250519221659,-2.2815552585770464,1.9607303337454058,2082197.7591762294
88.65,-1.10600794997221,0.7945106932151001,-2.3779928037987887,1.90051864318731,2261939.90996753
88.7,-1.16231061812118,0.6733294292789488,-2.468212603570387,1.8356400474001289,2436829.382569483
88.75,-1.21212094947251,0.5477994211265902,-2.551835345048197,1.7599203705991002,2604745.4512949004
88.8,-1.25815093281511,0.4182644962707942,-2.628343920651722,1.6764154290859041,2763276.7060907464
88.85,-1.3041809161577,0.28508728051863763,-2.697518939376422,1.5892681966763376,2910643.3713177987
88.9,-1.34979041666667,0.14863582811048123,-2.7593019077306145,1.4984262447771513,3045498.8072023233
88.95,-1.38180430555556,0.009291056079002102,-2.813049636812917,1.391095361634562,3165299.3036693134
89.0,-1.41381819444444,-0.1325254350075688,-2.858177015146887,1.281292759436871,3267670.339965587
89.05,-1.44583208333334,-0.27638379305031524,-2.8947349502665105,1.1694482902830248,3351796.172917783
89.1,-1.47119448026682,-0.4218522675303442,-2.922495641012142,1.0493422127364758,3416392.3086939887
89.15,-1.4877397832129,-0.5684767574234575,-2.9408633782717493,0.9192630257894425,3459470.9638639707
89.2,-1.50428508615898,-0.7157781331636112,-2.9496050019585955,0.7885069529953689,3480067.8670316665
89.25,-1.52083038910506,-0.8632805153168478,-2.948944261075518,0.6575498737882123,3478508.9019720936
89.3,-1.52666005002779,-1.0105116872723834,-2.9386349669245377,0.5161483627554067,3454230.1875326317
89.35,-1.53032597554197,-1.1569784408394734,-2.9183940336427447,0.3733475347024966,3406809.494240628
89.4,-1.53399190105614,-1.3021903393589023,-2.8885100874606136,0.23180156169723776,3337396.2101446884
89.45,-1.5355325,-1.4456742563334124,-2.849316682004512,0.08985824366658757,3247442.2217396805
89.5,-1.53011583333333,-1.5869674834647147,-2.8008546876320963,-0.05685165013138471,3137914.792492275
89.55,-1.52469916666667,-1.7256085851027776,-2.7433254545105994,-0.20090941843610755,3010333.8197463145
89.6,-1.5192825,-1.8611584988488716,-2.677305081658665,-0.34187599884887154,2867185.0001101247
89.65,-1.50854459399333,-1.9932032552214336,-2.6031359345924234,-0.48465866122810364,2710526.677586548
89.7,-1.49473480533927,-2.121340116068776,-2.521048896285424,-0.626605310729506,2542275.014984782
89.75,-1.48092501668521,-2.2451848042725127,-2.4315609497989437,-0.7642597875873027,2364995.4610348567
89.8,-1.4666968573015,-2.3643837494667768,-2.3353245530527036,-0.8976868921652768,2181496.3072363236
89.85,-1.44187731260411,-2.478607417022248,-2.232499458763176,-1.036730104418138,1993621.5333511499
89.9,-1.41705776790672,-2.5875275580426442,-2.1233048509395345,-1.1704697901359242,1803369.3960093434
89.95,-1.39223822320933,-2.690843790513639,-2.0084619570565576,-1.298605567304309,1613567.7731773828
90.0,-1.36146806451613,-2.7882869212967045,-1.8884090712316628,-1.4268188567805746,1426435.5281240125
90.05,-1.32300032258064,-2.8795996364623537,-1.7632528844417972,-1.5565993138817138,1243624.293796927
90.1,-1.28453258064516,-2.9645338026545436,-1.6333900275450541,-1.6800012220093836,1067185.1928334532
90.15,-1.24606483870967,-3.042872249489576,-1.4995412354614817,-1.7968074107799061,899449.5667397388
90.2,-1.19669568257492,-3.114425346637666,-1.3619383213735596,-1.917729664062746,741950.3964903317
90.25,-1.14525006659268,-3.1790062329153526,-1.2207421015113415,-2.0337561663226724,596084.5113609306
90.3,-1.09380445061042,-3.236449791326416,-1.0765566357790828,-2.1426453407159958,463589.6760159906
90.35,-1.0398580901001,-3.286621220887341,-0.9299278942441987,-2.246763130787241,345906.3553973799
90.4,-0.977816098998881,-3.3294051863966554,-0.7810543635572313,-2.3515890873977745,244018.3675327167
90.45,-0.915774107897661,-3.36469408379785,-0.6302226489769149,-2.448919975900189,158872.23491339188
90.5,-0.853732116796441,-3.3924041508685496,-0.4779891365924195,-2.5386720340721087,91389.44588014665
90.55,-0.78639006666665,-3.4124748950123807,-0.3246673478048001,-2.6260848283457308,42163.55469224122
90.6,-0.716066733333317,-3.4248558190170835,-0.17043883473462648,-2.708789085683766,11619.758554278927
90.65,-0.645743399999985,-3.4295094183783443,-0.015645301053975158,-2.7837660183783592,97.91017802780648
90.7,-0.57515255530849,-3.426417529456633,0.13932051305970386,-2.851264974148143,7764.082143687645
90.75,-0.498141438021114,-3.4155769030628833,0.2943154632270537,-2.9174354650417693,34648.63675782208
90.8,-0.421130320733716,-3.3969878390464485,0.44920184640824096,-2.9758575183127327,80712.91952662915
90.85,-0.34411920344634,-3.3706638797659796,0.6036611093807769,-3.0265446763196397,145762.6939915321
90.9,-0.264820499066134,-3.336632475230007,0.757477416712036,-3.071811976163873,229508.81473149575
90.95,-0.182633845369642,-3.2949286900994923,0.9105422572560163,-3.1122948447298504,331634.88089955255
91.0,-0.10044719167315,-3.245593551862115,1.062691105098472,-3.145146360188965,451724.95394216466
91.05,-0.0182605379766351,-3.1886787374853527,1.2136924872348802,-3.1704181995087177,589219.781428156
91.1,0.0668324595108521,-3.124245592001124,1.3634179466334706,-3.191078051511976,743563.3988808917
91.15,0.152462648504731,-3.052359978498028,1.5117629655597917,-3.204822627002759,914170.9056152544
91.2,0.23809283749861,-2.973095325697593,1.6585477791367436,-3.211188163196203,1100312.2942717697
91.25,0.324102046614866,-2.8865341579069392,1.8035965128806348,-3.2106362045218053,1301184.1525100744
91.3,0.411272967813554,-2.7927669428783415,1.946770202213329,-3.2040399106918955,1515965.6880902904
91.35,0.498443889012218,-2.691890931486137,2.087917223941588,-3.190334820498355,1743759.333612779
91.4,0.585614810210881,-2.584012164310718,2.2268483306171163,-3.169626974521599,1983541.3950288952
91.45,0.672589103390771,-2.469246416460811,2.363360854090441,-3.141835519851582,2234189.81065884
91.5,0.75945375041689,-2.3477200089515886,2.4972378719121466,-3.1071737593684787,2494478.795564923
91.55,0.846318397443034,-2.2195703064638233,2.6282544084083215,-3.0658887039068574,2763088.49412711
91.6,0.933070904391332,-2.0849462572114335,2.7561696745329813,-3.0180171616027653,3038588.509926096
91.65,1.01738691328516,-1.9440105739815703,2.880650949617583,-2.9613974872667304,3319259.957413073
91.7,1.10170292217899,-1.796944135757783,3.001353899005941,-2.898647057936773,3603250.0908312663
91.75,1.18601893107282,-1.643942873661124,3.1179956656735692,-2.829961804733944,3888758.788463666
91.8,1.26765633685383,-1.4852186666724159,3.2301919214969783,-2.752875003526246,4173655.9398817364
91.85,1.34596650917178,-1.3210062330583916,3.337435559204312,-2.666972742230172,4455390.444736559
91.9,1.42427668148973,-1.1515647251800638,3.4393030029909184,-2.575841406669794,4731522.058552939
91.95,1.50258685380768,-0.9771707387748954,3.5354829257294402,-2.479757592582575,4999855.807249761
92.0,1.57232595555555,-0.7981216699543743,3.625349516007577,-2.3704476255099243,5257263.64528655
92.05,1.6405287333333594,-0.6147523328201789,3.7082245583027573,-2.2552810661535383,5500371.749919872
92.1,1.70873151111112,-0.42742157431512096,3.7837593407585044,-2.136153085426241,5726733.899510893
92.15,1.77359390338701,-0.23650552955497134,3.851547745171155,-2.0100994329419812,5933768.013333203
92.2,1.82832738478623,-0.042409258694945384,3.9107903200216962,-1.8707366434811754,6117712.370870161
92.25,1.88306086618545,0.15442045382694852,3.9608519729306177,-1.7286404123585015,6275339.340587347
92.3,1.9377943475847028,0.35351988316499566,4.001552416576837,-1.584274464419707,6404968.697044771
92.35,1.98283754171302,0.5544102478067525,4.032328666836716,-1.4284272939062674,6503869.790957267
92.4,2.02257057842047,0.7565748707061715,4.052435173946138,-1.2659957077142987,6568892.335614348
92.45,2.06230361512792,0.9594716719148074,4.061619098346712,-1.1028319432131126,6598699.880021904
92.5,2.10120013888889,1.1625549336777823,4.059895363525499,-0.9386452052111078,6593100.145110335
92.55,2.1242029166666767,1.36526832501498,4.046603541193524,-0.7589345916516967,6550000.087839987
92.6,2.14720569444445,1.5670137489599971,4.021223135327698,-0.5801919454844529,6468094.201637889
92.65,2.17020847222223,1.7671944439590377,3.9840745823075405,-0.4030140282631922,6349140.110955602
92.7,2.18327102165464,1.9652237036747484,3.935080789502102,-0.2180473179798914,6193944.327963395
92.75,2.18418440310938,2.1604956916400346,3.8736827853040747,-0.023688711469345147,6002167.328464453
92.8,2.1850977845641304,2.3523859750839073,3.7999275651171587,0.16728819051977695,5775779.800054887
92.85,2.18601116601888,2.54029455860026,3.714541429132677,0.35428339258138,5519127.211497212
92.9,2.16599761268781,2.723642647477138,3.617314388028851,0.5576450347893278,5233985.352736217
92.95,2.14223300500835,2.9018244919119014,3.5079998490406252,0.7595914869035516,4922425.17634762
93.0,2.11846839732888,3.0742555389103177,3.3874605630547014,0.9557871415814376,4589955.6265003495
93.05,2.088893490828217,3.2403970396478172,3.256512586716584,1.1515035488196004,4241949.690977415
93.1,2.04225369093941,3.3997348128473717,3.115250844040798,1.3574811219079619,3881915.128518762
93.15,1.99561389105058,3.5517581999332903,2.9641524284040632,1.5561443088827103,3514479.8475254825
93.2,1.94897409116176,3.696007563380938,2.804502300351706,1.7470334722191783,3146093.261071204
93.25,1.88732108153079,3.8320764537858825,2.63693680592894,1.9447553722550925,2781374.287385088
93.3,1.8177952911813304,3.9595756045241606,2.4618329441543,2.14178031334283,2424248.5779693713
93.35,1.74826950083193,4.07815160450407,2.2802364419949748,2.3298821036721398,2079791.2925607609
93.4,1.67764070116859,4.18751237499055,2.0934233381782197,2.5098716738219595,1752968.5091316963
93.45,1.58605472454089,4.287414736835705,1.901862587391405,2.701360012294815,1446832.520527652
93.5,1.49446874791319,4.377629080536432,1.7061230212792222,2.8831603326232425,1164342.3054955765
93.55,1.4028827712854317,4.457978583287391,1.5074700392349416,3.0550958120019587,908986.3676763985
93.6,1.30293479467258,4.528342630563913,1.3068073286873676,3.2254078358913336,683098.1577244055
93.65,1.19301109877913,4.588635366730375,1.1047056884325772,3.395624267951245,488149.8632221177
93.7,1.08308740288569,4.638802363614849,0.9019469981315336,3.5557149607291594,325403.35497539386
93.75,0.97316370699224,4.6788349588354725,0.6994749979475652,3.7056712518432326,195706.10910149853
93.8,0.8527235633332763,4.708764471146046,0.4978774762540641,3.85604090781277,99152.79254444645
93.85,0.730456618888869,4.728645516894638,0.2976427884241767,3.998188898005769,35436.49180036768
93.9,0.608189674444426,4.738561753557694,0.09938212338410807,4.130372079113268,3950.722579333632
93.95,0.484832944382632,4.738625059718805,-0.09640391467353487,4.253792115336173,3717.485905752877
94.0,0.358241453837589,4.728968393237029,-0.28937191491875947,4.3707269393994395,33494.44205749991
94.05,0.231649963292474,4.709739347967173,-0.47925561140542233,4.478089384674699,91874.37642543406
94.1,0.105058472747468,4.681097796852004,-0.6658452200994793,4.576039324104536,177339.94285172963
94.15,-0.0192848156579849,4.643211995255795,-0.8490084543653507,4.66249681091378,288326.1422335367
94.2,-0.142449168795117,4.5962549149668135,-1.028696603095736,4.73870408376193,423286.6804882826
94.25,-0.265613521932249,4.540399585665357,-1.2049515406868392,4.806013107597606,580763.286161435
94.3,-0.3882962971619795,4.475815306895498,-1.377875164634196,4.864111604057478,759415.9877262851
94.35,-0.502542540901508,4.402665487195455,-1.5475958711345512,4.905208028096963,958021.1921410841
94.4,-0.61678878464107,4.321106096587031,-1.7142941833026046,4.937894881228101,1175521.8187620577
94.45,-0.731035028380631,4.231282731116555,-1.878192672591651,4.962317759497186,1411043.0861507873
94.5,-0.838939088888883,4.1333297411219405,-2.039516329721583,4.972268830010823,1663850.7436803984
94.55,-0.9393979777778276,4.02737029316158,-2.1984873225052772,4.966768270939408,1933338.6028865692
94.6,-1.03985686666669,3.9135166715454286,-2.355317125648315,4.9533735382121185,2219007.5049488964
94.65,-1.14031575555557,3.791871103547608,-2.510193865621033,4.932186859103178,2520429.297200586
94.7,-1.22753258476933,3.662527590120453,-2.6632488464667547,4.890060174889783,2837157.7672826
94.75,-1.31259372984992,3.525575517696527,-2.814542936449034,4.838169247546447,3168660.7764460607
94.8,-1.397654874930563,3.3811023502471182,-2.964090910356584,4.7787572251776815,3514333.9699434093
94.85,-1.47910440621533,3.2291964286198254,-3.1118349993103016,4.708300834835155,3873406.825173018
94.9,-1.55038076581577,3.0699520733680594,-3.257580099786891,4.620332839183829,4244731.242611028
94.95,-1.62165712541621,2.903476391648273,-3.4010433497285923,4.525133517064483,4626838.346693234
95.0,-1.69293348501665,2.729890719739689,-3.541924342956972,4.422824204756338,5018091.220492471
95.05,-1.7551404280155964,2.5493347223525666,-3.6797536881040678,4.304475150368163,5416234.882046196
95.1,-1.81263347971096,2.3619766831722697,-3.813898662224312,4.17461016288323,5818329.202286558
95.15,-1.87012653140634,2.168016549729565,-3.9437393572225394,4.038143081135905,6221232.0470824195
95.2,-1.92664074527252,1.9676848848986155,-4.068649302807785,3.8943256301711355,6621562.85969531
95.25,-1.96781983314794,1.7612500067208514,-4.187649559154464,3.7290698398687914,7014563.532114629
95.3,-2.0089989210233816,1.5490360553031235,-4.299681263212245,3.558034976326505,7394903.586087381
95.35,-2.05017800889878,1.3314110962461925,-4.403959681882941,3.3815891051449727,7757944.351860197
95.4,-2.08280213333334,1.1087861141857411,-4.499474369278175,3.191588247519081,8098107.839916493
95.45,-2.1055438,0.8816316888272849,-4.584905790160946,2.987175488827285,8408544.441860545
95.5,-2.12828546666667,0.6504818775939764,-4.659158940577947,2.7787673442606464,8683104.813426966
95.55,-2.151027133333342,0.4159145765287263,-4.721488146012575,2.5669417098620686,8916980.125174906
95.6,-2.15936691495275,0.17855161795265115,-4.770704875583759,2.337918532905401,9103850.003967458
95.65,-2.1654397331851,-0.060917051137952455,-4.805594674185418,2.1045226820471474,9237496.0690237
95.7,-2.17151255141745,-0.3017593651283392,-4.825581143541138,1.8697531862891106,9314493.349159917
95.75,-2.17363011673152,-0.5432182041865451,-4.830155777187304,1.6304119125449752,9332161.932758356
95.8,-2.164833563090597,-0.7845040718229607,-4.818484425881193,1.3803294912676365,9287116.864983846
95.85,-2.15603700944969,-1.0247873689969893,-4.79006408475688,1.1312496404527006,9177885.574431106
95.9,-2.14724045580878,-1.2632338957867681,-4.745056237786887,0.884006560022012,9006223.479904098
95.95,-2.12633224444444,-1.4990126555076642,-4.683236491470445,0.6273195889367758,8773081.61401616
96.0,-2.09940446666667,-1.7312719657973477,-4.604290422080705,0.36813250086932237,8479796.116345648
96.05,-2.072476688888872,-1.9591638270883416,-4.508679325965626,0.11331286180053057,8131275.705755941
96.1,-2.0442513207547,-2.1818764746122943,-4.397269161167743,-0.1376251538575941,7734390.430302746
96.15,-1.99824133185349,-2.3986300441857744,-4.270226598118022,-0.40038871233228446,7293934.079709846
96.2,-1.95223134295227,-2.6086457363216673,-4.127984759173284,-0.6564143933693973,6816103.268786766
96.25,-1.90622135405105,-2.8111991158740848,-3.9719815355165022,-0.9049777618230348,6310654.927393612
96.3,-1.8534658064515728,-3.005634636782328,-3.8034267706588185,-1.1521688303307551,5786422.079905667
96.35,-1.79291797552835,-3.1913483380787286,-3.6232676721507433,-1.3984303625503787,5251227.449621066
96.4,-1.7323701446051,-3.3677904417048556,-3.432849355143843,-1.6354202970997556,4713781.878044599
96.45,-1.67182231368186,-3.534490817718811,-3.2338806632985637,-1.8626685040369508,4183193.657782543
96.5,-1.60245791782343,-3.691057848705554,-3.0276721966742293,-2.088599930882124,3666719.5722056613
96.55,-1.5317527540255098,-3.837158353887494,-2.8154781825844597,-2.3054055998619845,3170766.9586436367
96.6,-1.46104759022764,-3.9725320335112104,-2.5988601089633994,-2.51148444328357,2701629.546384501
96.65,-1.38800840289371,-4.096994488108477,-2.3792438821612447,-2.7089860852147667,2264320.5803206842
96.7,-1.30852871452421,-4.210424958676986,-2.157735938987523,-2.9018962441527765,1862329.7529593473
96.75,-1.22904902615471,-4.3127551418058845,-1.9354442504376865,-3.0837061156511743,1498377.7786209194
96.8,-1.1495693377851557,-4.403976384537618,-1.7135652048635475,-3.254407046752462,1174522.2845276205
96.85,-1.06376121488061,-4.48413324930842,-1.49297700944433,-3.4203720344278103,891592.1402917339
96.9,-0.97486421321487,-4.553307328295317,-1.274377548302572,-3.5784431150804474,649615.2542470698
96.95,-0.885967211549132,-4.611616893542625,-1.0585244054256193,-3.7256496819934934,448189.56675266434
97.0,-0.796434089494159,-4.659216981330414,-0.8460976089524582,-3.8627828918362552,286352.4655500268
97.05,-0.6984496536964452,-4.696290252368113,-0.6374839089375899,-3.9978405986716683,162554.29366173974
97.1,-0.600465217898815,-4.723034340128703,-0.4330022823698914,-4.122569122229888,74996.39061501407
97.15,-0.502480782101157,-4.739665547440606,-0.2330192542737122,-4.23718476533945,21719.18914491078
97.2,-0.401558616435309,-4.746414762397919,-0.03774228955501044,-4.34485614596261,569.7921683417
97.25,-0.297350176679621,-4.743519565338828,0.15275045069344131,-4.446169388659207,9333.080074819778
97.3,-0.1931417369238743,-4.731220183178335,0.33841883435540515,-4.5380784462544606,45810.92297858846
97.35,-0.0889332971682159,-4.709758055375339,0.5192676732563221,-4.620824758207123,107855.56659561377
97.4,0.0157934733333482,-4.6793723910010465,0.6953800277583803,-4.6951658643343945,193421.35320209828
97.45,0.120597695555561,-4.6402966368179746,0.866898816974522,-4.760894332373535,300605.4235487303
97.5,0.225401917777773,-4.592755959709419,1.0340114839732073,-4.818157877487192,427671.89959538967
97.55,0.3287029355197782,-4.53696526857402,1.196937955352681,-4.865668204093798,573064.1875855428
97.6,0.427939733740984,-4.473127913157655,1.3559198593413866,-4.901067646898639,735407.4659825462
97.65,0.527176531962218,-4.401434499353597,1.511228125573726,-4.928611031315815,913524.1790100312
97.7,0.626413330183453,-4.322061518567312,1.6631504119920075,-4.948474848750766,1106427.7171636738
97.75,0.718265784641077,-4.235171237318596,1.8119650299377619,-4.953437021959673,1313286.9078869417
97.8,0.8065139760712781,-4.140912313086035,1.9579402062620774,-4.947426289157312,1533411.9405190344
97.85,0.894762167501404,-4.039420246422428,2.101331816462009,-4.934182413923832,1766238.161150211
97.9,0.981898415000003,-3.9308183131438397,2.2423705504832694,-4.912716728143843,2011290.2742698563
97.95,1.055890915,-3.8152194937952912,2.3812276402694863,-4.871110408795291,2268098.0299133547
98.0,1.129883415,-3.692729972527362,2.518016752921817,-4.822613387527362,2536163.3471979727
98.05,1.2038759150000389,-3.5634508159962834,2.6528233240912327,-4.767326730996322,2814988.635536983
98.1,1.27037669444446,-3.4274806367462025,2.785645875632836,-4.697857331190662,3103929.177772092
98.15,1.3286961388889,-3.2849213491740206,2.9163562791025996,-4.61361748806292,3402053.5786644644
98.2,1.38701558333333,-3.1358832037839393,3.0447717023774272,-4.522898787117269,3708253.8878393346
98.25,1.44533502777777,-2.980485682664458,3.1706936421086653,-4.425820710442228,4021319.2688433253
98.3,1.489416625971162,-2.8188622605692553,3.293703286165716,-4.308278886540418,4339392.534919534
98.35,1.5315198446171,-2.651173126476508,3.4132429092497567,-4.182692971093608,4660090.863017497
98.4,1.57362306326304,-2.4776036989101087,3.528835990954012,-4.051226762173148,4981073.380420954
98.45,1.6109904727475,-2.2983648615954624,3.639905255398117,-3.9093553343429623,5299564.107309933
98.5,1.6358097163515,-2.113703185531429,3.7455681108301127,-3.749512901882929,5611712.189146983
98.55,1.660628959955517,-1.92391288916928,3.8449394671898163,-3.584541849124797,5913423.802541563
98.6,1.68544820355951,-1.7293251191152836,3.9373574559171645,-3.414773322674794,6201113.494266594
98.65,1.69812906006674,-1.5303093245835226,4.021841314507504,-3.2284383846502624,6470083.023631779
98.7,1.70504507786429,-1.3272928460320794,4.097213195499119,-3.0323379238963692,6714862.38774884
98.75,1.71196109566185,-1.1207540583400544,4.162623811694595,-2.8327151540019044,6930974.7990747355
98.8,1.717565310765807,-0.9112076584743123,4.217405066934229,-2.6287729692401194,7114602.199441004
98.85,1.70848373473918,-0.6992094628653471,4.260431952649864,-2.407693197604527,7260512.169263974
98.9,1.69940215871254,-0.4853776245380592,4.290673559044491,-2.1847797832505993,7363951.836113406
98.95,1.6903205826859,-0.27036194766039245,4.307729531652154,-1.9606825303462925,7422613.487147235
99.0,1.67575562534742,-0.05483282668687797,4.311100811679757,-1.730588452034298,7434236.083386344
99.05,1.6552025403001542,0.16050948707723423,4.300158654506679,-1.4946930532229201,7396545.781571476
99.1,1.63464945525292,0.3749400575790277,4.274643752365021,-1.2597093976738925,7309031.683853323
99.15,1.61409637020567,0.58773345614327,4.234710512911454,-1.0263629140624002,7173109.251265117
99.2,1.5873259376739,0.7981709944508385,4.180376655657542,-0.7891549432230615,6990219.593266616
99.25,1.55970768503061,1.005533232401817,4.111775378870072,-0.5541744526287931,6762678.70651285
99.3,1.5320894323873018,1.209120219801188,4.029480677888162,-0.3229692125861139,6494685.813389617
99.35,1.50302616879511,1.4082643117790343,3.9341715427260047,-0.09476185701607576,6191082.291038045
99.4,1.47035543031649,1.6023308313033087,3.8264744718509,0.1319754009868186,5856762.753490649
99.45,1.43768469183787,1.790718751246742,3.707200006226507,0.3530340594088719,5497332.754466326
99.5,1.40501395335924,1.9728757144134974,3.577420470854985,0.5678617610542573,5119174.890116921
99.55,1.3690903220432893,2.148301982715336,3.4381138500448807,0.7792116606720465,4728250.738348173
99.6,1.33166389228206,2.316544308691887,3.2902401677593085,0.984880416409827,4330272.144614721
99.65,1.29423746252081,2.4772023133217242,3.134944169963499,1.1829648508009143,3931149.979515252
99.7,1.25646173888888,2.629935011682647,2.9734232988932616,1.373473272793767,3536498.4457605146
99.75,1.21477562777778,2.774457622852173,2.806679629547033,1.559681995074393,3150980.217165708
99.8,1.1730895166666482,2.910532628501768,2.635711523763039,1.7374431118351197,2778790.094598912
99.85,1.13140340555555,3.037977169559262,2.4616428190049198,1.906573764003712,2423874.1473433953
99.9,1.08825408217656,3.1566618837762297,2.2854684092537823,2.06840780159967,2089346.3398788057
99.95,1.04353226096613,3.266503372166916,2.1080513971660837,2.222971111200786,1777552.277237551
100.0,0.99881043975569,3.3674605735300025,1.930242368115628,2.3686501337743127,1490334.2398674511
100.05,0.9540886185452268,3.459534945982024,1.7528685390912124,2.5054463274367973,1229019.2461343044
100.1,0.907663399999991,3.5427660158197876,1.5766057106919236,2.6351026158197968,994274.2267945543
100.15,0.861005899999996,3.6172238885262007,1.4020404671808386,2.756217988526205,786286.9886450657
100.2,0.8143484,3.6830078143717544,1.2297357365143886,2.8686594143717543,604899.9926642344
100.25,0.767514655555559,3.7402431852947586,1.0601700725111718,2.9727285297391997,449584.2330593373
100.3,0.7202277111110885,3.7890769057804325,0.8937254547893122,3.068849194669344,319498.0754153452
100.35,0.672940766666658,3.8296729943070065,0.7307127422729139,3.156732227640348,213576.44468800077
100.4,0.625653822222214,3.8622096252881173,0.5713831048631985,3.236555803065903,130591.46100924358
100.45,0.578710536312844,3.8868759382491604,0.4159280294050034,3.3081654019363165,69198.45025789175
100.5,0.531928972067037,3.903869244829,0.2644788803825067,3.3719402727619627,27979.63126735372
100.55,0.4851474078212038,3.913391709685008,0.11710005720504027,3.428244301863804,5484.969358969482
100.6,0.438590555555547,3.915647401892431,-0.02619203418196908,3.4770568463368843,274.4090618357747
100.65,0.394056111111107,3.9108410505954025,-0.16537375063406604,3.5167849394842956,10939.390959511302
100.7,0.349521666666667,3.8991781848092515,-0.30046742270740506,3.5496565181425845,36112.26884337218
100.75,0.304987222222226,3.8808607858755884,-0.4315734747728266,3.5758735636533623,74502.26565099663
100.8,0.2621845027624143,3.856086012425,-0.5587699172916815,3.5939015096625857,124889.52818806103
100.85,0.22111350828729,3.8250480787581553,-0.6821097695552116,3.6039345704708654,186109.49508906555
100.9,0.180042513812153,3.7879375868706573,-0.8016965026953443,3.607895073058504,257086.9129735785
100.95,0.138971519337017,3.7449385686395056,-0.9176745832236481,3.6059670493024885,336850.65627787856
101.0,0.100941111486036,3.696229117765867,-1.030113142063685,3.595288006279831,424453.2341809271
101.05,0.0633253290837827,3.6419853182137074,-1.139067365397329,3.5786599891299247,518989.7851652848
101.1,0.0257095466815614,3.582378488821846,-1.2446545617471656,3.5566689421402846,619665.9912312115
101.15,-0.0106969843425419,3.5175745373959346,-1.3469607041958451,3.5282715217384766,725721.2554591068
101.2,-0.0442819288176787,3.447737018814765,-1.4459902963882747,3.4920189476324435,836355.1748996201
101.25,-0.0778668732928154,3.373029755888085,-1.5417643904235976,3.4508966291809005,950814.9742312989
101.3,-0.1114518177679709,3.2936135627029506,-1.63435889754482,3.4050653804709214,1068451.6023935678
101.35,-0.142991614525143,3.209646734748981,-1.723780641045081,3.352638349274124,1188567.8793767162
101.4,-0.173568988826817,3.1212889522741905,-1.8099944534453065,3.2948579411010073,1310431.9686011095
101.45,-0.204146363128491,3.0287007127638224,-1.8930021061195939,3.2328470758923133,1433382.789509287
101.5,-0.234415861111109,2.9320421351059083,-1.972805334651571,3.166457996217017,1556784.3553718787
101.55,-0.2619144722222348,2.8314751936927562,-2.0493067811514436,3.093389665914991,1679863.3133093163
101.6,-0.289413083333338,2.727168252229153,-2.122399651195768,3.016581335562491,1801832.1117583672
101.65,-0.316911694444449,2.619292725167981,-2.192041903018772,2.93620441961243,1922019.0818360634
101.7,-0.343104472222225,2.5080232095010206,-2.258134533475542,2.851127681723246,2039668.6285099215
101.75,-0.367991416666667,2.3935410139778295,-2.3205220107299995,2.7615324306444964,2153928.96091296
101.8,-0.392878361111123,2.276034819618868,-2.3790804106818997,2.668913180729991,2264009.4401961425
101.85,-0.417765305555558,2.155698239307417,-2.433722627903534,2.573463544862975,2369202.3318278734
101.9,-0.440682250000002,2.03273050828791,-2.484287755599968,2.4734127582879117,2468674.2610495705
101.95,-0.463380305555557,1.9073402250462534,-2.530607452947282,2.3707205306018104,2561589.6323649324
102.0,-0.486078361111112,1.7797420713874856,-2.5725890794832846,2.2658204324985975,2647285.8287506616
102.05,-0.508292416666679,1.6501552199355942,-2.610137114963824,2.1584476366022733,2725126.30356467
102.1,-0.529377138888893,1.5188044335421358,-2.6431214301772887,2.048181572431029,2794436.3578649745
102.15,-0.550461861111113,1.3859207948474108,-2.6714434139394942,1.9363826559585238,2854643.96555228
102.2,-0.571546583333333,1.2517384708727441,-2.6950634257995887,1.8232850542060772,2905346.747633046
102.25,-0.592276249999999,1.1164934992504203,-2.7139413683030993,1.7087697492504192,2946191.1002347595
102.3,-0.6128537500000109,0.9804239038987014,-2.728045836112372,1.5932776538987121,2976893.6335720206
102.35,-0.633431250000004,0.843768497903389,-2.7373760492278065,1.4771997479033931,2997291.0539544136
102.4,-0.654102222222226,0.7067654540857555,-2.741957614111288,1.3608676763079814,3007332.6230331464
102.45,-0.675614444444447,0.5696505685163035,-2.7418698458119257,1.2452650129607505,3007140.100549085
102.5,-0.697126666666667,0.4326548006352736,-2.7372028879368506,1.1297814673019406,2996911.859891934
102.55,-0.7186388888888995,0.2960054735957549,-2.7280250244216053,1.0146443624846544,2976848.2135482
102.6,-0.741140000000003,0.15992529760336685,-2.714467845425296,0.9010652976033698,2947334.2735391394
102.65,-0.764630000000003,0.02462845997484281,-2.696725065936572,0.7892584599748458,2908930.432500243
102.7,-0.788120000000002,-0.10968013770537344,-2.6749588012251033,0.6784398622946286,2862161.835300657
102.75,-0.811610000000002,-0.24280254435911752,-2.6493007674016478,0.5688074556408845,2807517.822461984
102.8,-0.8366897500000142,-0.3745490762997764,-2.61997488568038,0.4621406737002378,2745707.3606383684
102.85,-0.861946138888894,-0.504742941619554,-2.5872240592673603,0.35720319726934,2677491.333140751
102.9,-0.88720252777778,-0.6332173387145343,-2.55122503569315,0.25398518906324563,2603499.6730990056
102.95,-0.912453083333334,-0.7598142647812842,-2.5121554232423104,0.15263881855204975,2524369.948210301
103.0,-0.937690027777778,-0.8843847729969987,-2.470199370986841,0.0533052547807793,2440753.972969514
103.05,-0.9629269722222362,-1.0067892455882654,-2.4255457897372685,-0.043862273366029214,2353308.951244876
103.1,-0.988163916666673,-1.1268975887557635,-2.378386093093365,-0.1387336720890905,2262688.163127968
103.15,-1.01122930555556,-1.2445875268750082,-2.3288067415305247,-0.23335822131944828,2169336.335759208
103.2,-1.03336402777778,-1.3597387283681597,-2.276855025895441,-0.32637470059037965,2073627.523578132
103.25,-1.05549875,-1.4722361022063741,-2.2226871334145932,-0.4167373522063742,1976135.2372187127
103.3,-1.0770358333333447,-1.5819733585738605,-2.1664738310884597,-0.5049375252405157,1877443.5443164431
103.35,-1.09319416666667,-1.6888479391274818,-2.1081285059011554,-0.5956537724608117,1777682.3189572152
103.4,-1.1093525,-1.7927500156790777,-2.0476111377470705,-0.6833975156790777,1677084.5485703412
103.45,-1.12551083333334,-1.893576584277122,-1.985145206319233,-0.768065750943782,1576320.596068892
103.5,-1.13773166666667,-1.991232648675104,-1.9207665240735716,-0.853500982008434,1475737.6160006681
103.55,-1.1460150000000024,-2.085619083016436,-1.8543391458678782,-0.9396040830164334,1375429.4671592047
103.6,-1.15429833333333,-2.176633558353162,-1.7859309520730395,-1.022335225019832,1275819.7462290055
103.65,-1.16258166666667,-2.264183406126168,-1.7157957645243973,-1.101601739459498,1177582.0422239446
103.7,-1.1629675,-2.3481824301534204,-1.6438195113866434,-1.1852149301534205,1080857.0344061693
103.75,-1.16247583333333,-2.428532498574955,-1.5698710651638177,-1.2660566652416247,985798.0644954318
103.8,-1.161984166666669,-2.50514064880156,-1.4941882781011244,-1.343156482134891,893039.4441659212
103.85,-1.1587775,-2.577924854663102,-1.4169166815407832,-1.419147354663102,803061.152971418
103.9,-1.14923583333333,-2.6468035461165162,-1.337919210687984,-1.4975677127831863,716011.1257311833
103.95,-1.13969416666667,-2.7116880305497806,-1.2571957288893003,-1.5719938638831106,632216.4402949996
104.0,-1.1301525,-2.7724989734156704,-1.175022185854083,-1.6423464734156705,552270.8548997228
104.05,-1.1141358333333249,-2.8291657962307957,-1.0913818539846112,-1.7150299628974708,476445.74048275483
104.1,-1.09534416666666,-2.881610671710042,-1.0061518005931243,-1.7862665050433821,404936.57833471446
104.15,-1.0765525,-2.929757221236784,-0.9194952788013109,-1.853204721236784,338188.6270951602
104.2,-1.05678155555555,-2.973540290493332,-0.8316433382274514,-1.916758734937782,276652.2568072396
104.25,-1.02819711111111,-3.0128992980073073,-0.7424571415448331,-1.9847021868961974,220497.04281236973
104.3,-0.99961266666665,-3.047762539063423,-0.6518619173457865,-2.048149872396773,169969.58371429
104.35,-0.971028222222217,-3.0780668228880743,-0.560145537998141,-2.1070386006658572,125505.20949569075
104.4,-0.937406972222219,-3.103759642437446,-0.4673821641513962,-2.166352670215227,87378.43494673708
104.45,-0.898748916666667,-3.1247856217249637,-0.37345366825443055,-2.2260367050582968,55787.056933076106
104.5,-0.860090861111115,-3.1410871428043685,-0.2784517521509705,-2.2809962816932536,31014.1513103782
104.55,-0.8214328055555388,-3.152617560065389,-0.18265410113817532,-2.33118475450985,13345.008265037912
104.6,-0.774891499999997,-3.1593386601950892,-0.08602316358370199,-2.3844471601950925,2959.993869179341
104.65,-0.727474277777775,-3.1612049964243627,0.01150200647864133,-2.4337307186465877,52.91846121388285
104.7,-0.680057055555554,-3.1581774318310383,0.10969045839995183,-2.478120376275484,4812.798665596625
104.75,-0.630734888268156,-3.150227843292444,0.20836647604553615,-2.5194929550242877,17366.635335853996
104.8,-0.5769678491619836,-3.1373327457433526,0.3075252927519824,-2.560364896581369,37828.722272877
104.85,-0.523200810055858,-3.1194685371238497,0.4070920708631298,-2.5962677270679917,66289.5816638526
104.9,-0.469433770949716,-3.096620516618126,0.5068413767808999,-2.62718674566841,102755.27248686326
104.95,-0.413712524861876,-3.0687837693885487,0.6066291803716579,-2.6550712445266726,147199.5849913558
105.0,-0.357231309392265,-3.0359588440860774,0.7063430918158285,-2.678727534693812,199568.22534237758
105.05,-0.3007500939226229,-2.9981536313931483,0.8058076431063529,-2.6974035374705254,259730.38307544612
105.1,-0.244182441666656,-2.955385433495544,0.9048318296939521,-2.711202991828888,327488.2560109221
105.15,-0.186836858333328,-2.907680415472925,1.003258740008331,-2.720843557139597,402611.2397612416
105.2,-0.129491275,-2.8550721051503603,1.1009338109681197,-2.7255808301503603,484822.102453115
105.25,-0.0721456916666721,-2.7976024931634074,1.1976822878560278,-2.725456801496735,573777.1450576197
105.3,-0.0157519416666434,-2.735322671293853,1.293304157290825,-2.7195707296272094,669054.2573062925
105.35,0.0396899750000066,-2.6682946007289905,1.387575709807453,-2.707984575728997,770146.5401790629
105.4,0.0951318916666724,-2.5965906644834695,1.4803143492557955,-2.691722556150142,876532.2290450438
105.45,0.150573808333338,-2.520291134700815,1.5713757398182027,-2.670864943034153,987688.6862756815
105.5,0.202535374301677,-2.4394854158975208,1.660498750136983,-2.6420207901991977,1102902.439682593
105.55,0.2541102346368986,-2.3542780261776315,1.7474164798692895,-2.60838826081453,1221385.7416475117
105.6,0.305685094972076,-2.2647829082589817,1.8319863470363846,-2.5704680032310576,1342469.5902910868
105.65,0.355301422222228,-2.1711218621567974,1.9140085796185855,-2.5264232843790255,1465371.537141422
105.7,0.400755866666671,-2.0734303565648204,1.9931330978828519,-2.4741862232314915,1589031.8183504376
105.75,0.446210311111115,-1.9718614643558467,2.0690832205252847,-2.4180717754669616,1712442.1493837137
105.8,0.4916647555555835,-1.8665770463985794,2.141732960437333,-2.3582418019541627,1834808.0295294651
105.85,0.532232400000011,-1.7577483966765215,2.2107696820817644,-2.2899807966765326,1955001.034884762
105.9,0.57089962222223,-1.6455666541904075,2.275812460695151,-2.2164662764126373,2071728.9425021275
105.95,0.609566844444448,-1.5302368762459462,2.336672353580499,-2.139803720690394,2184015.0751949716
106.0,0.647435166666667,-1.4119714988360632,2.39320829043327,-2.0594066655027303,2290978.3685594136
106.05,0.6794448888889041,-1.2909942864483366,2.4450511695313524,-1.9704391753372406,2391310.0886506536
106.1,0.711454611111114,-1.1675499508142537,2.491881047185851,-1.8790045619253677,2483788.4613296213
106.15,0.743464333333333,-1.0418908390188242,2.5336327006089037,-1.785355172352157,2567717.8646379067
106.2,0.772398977777776,-0.9142743281611312,2.570126981696011,-1.6866733059389072,2642221.080816739
106.25,0.798495088888887,-0.7849704543623072,2.60108396416958,-1.5834655432511942,2706255.115464055
106.3,0.8245912000000124,-0.6542603108377041,2.6263794944411485,-1.4788515108377165,2759147.699528377
106.35,0.850687311111116,-0.5224265323437307,2.646034586574714,-1.3731138434548467,2800599.613339847
106.4,0.872440255555558,-0.38975344166957215,2.6598958626739133,-1.2621936972251302,2830018.4001079206
106.45,0.893815533333333,-0.256535909331381,2.6678205008137494,-1.150351442664714,2846906.48982485
106.5,0.915190811111109,-0.12306904823272283,2.6698867739830807,-1.038259859343832,2851318.154355913
106.55,0.935343333333341,0.010356121960509779,2.66615540319708,-0.9249872113728312,2843353.8535987935
106.6,0.952897500000002,0.1434492265927355,2.6565894149979323,-0.8094482734072664,2822986.9279516228
106.65,0.970451666666668,0.2759186135380125,2.6412374153160543,-0.6945330531286555,2790454.0336261727
106.7,0.988005833333335,0.4074797793654954,2.6202950405691277,-0.5805260539678396,2746378.439852467
106.75,1.0026888,0.5378562675423575,2.59384306494559,-0.46483253245764256,2691208.7382265325
106.8,1.0162551888888938,0.6667731817926053,2.5619379762398253,-0.3494820070962885,2625410.4776399247
106.85,1.02982157777778,0.793962860995763,2.524801491651502,-0.23585871678201697,2549849.0288982596
106.9,1.04269066666667,0.9191705090230857,2.4826965308600553,-0.12352015764358426,2465512.8257378214
106.95,1.05044622222222,1.042150273258944,2.4356587048506735,-0.008295948963275901,2372973.330605944
107.0,1.05820177777778,1.1626558437431431,2.3837891470844874,0.10445406596536322,2272980.279103115
107.05,1.065957333333341,1.280454785301569,2.3274555522872893,0.21449745196822811,2166819.7391491723
107.1,1.06937955555556,1.3953297678170844,2.2668249100581948,0.3259502122615243,2055398.0691441372
107.15,1.06880177777778,1.507065553064911,2.201891455636245,0.438263775287131,1939330.392961561
107.2,1.068224,1.615450963406638,2.1328804342093557,0.547226963406638,1819671.578653236
107.25,1.06764622222222,1.7202926695838374,2.0602129671073426,0.6526464473616174,1697790.987934896
107.3,1.058359111111107,1.8214113502761722,1.9838921042283977,0.7630522391650651,1574331.1524879117
107.35,1.04831466666667,1.918620884207709,1.9039106676292337,0.870306217541039,1449950.3321249576
107.4,1.03827022222222,2.011748320222888,1.8206822708107446,0.9734780980006681,1325953.5724978277
107.45,1.02577404444444,2.100640415169605,1.734531516935141,1.074866370725165,1203439.8332965286
107.5,1.00806793333333,2.1851541299089026,1.6455403847371062,1.1770861965755726,1083121.2631202973
107.55,0.990361822222214,2.2651505759541557,1.5539153141512954,1.2747887537319418,965861.1214215675
107.6,0.972655711111109,2.340509090656223,1.4600946387006035,1.3678533795451138,852750.5415848984
107.65,0.951672199999999,2.411128023280481,1.3643524147618677,1.4594558232804817,744583.0046666157
107.7,0.929414144444443,2.476915851078441,1.26690013866267,1.547501706633998,642014.384537397
107.75,0.907156088888888,2.5377953371564783,1.168084198341521,1.6306392482675904,545768.2777660616
107.8,0.884611633333319,2.5937077019433055,1.0682723933493676,1.7090960686099863,456482.36255695444
107.85,0.859966911111106,2.644610227063429,0.967718253969644,1.784643315952323,374591.4476264225
107.9,0.835322188888887,2.690471304962996,0.8666687430739477,1.855149116074109,300445.8840885505
107.95,0.810677466666667,2.731274058969314,0.7654345890436961,1.920596592302647,234356.0440417968
108.0,0.784847144444446,2.7670155935511116,0.6642483980392083,1.9821684491066656,176490.3737190618
108.05,0.7579224222222083,2.7977024592878332,0.5632740268111807,2.0397800370656247,126911.05171203308
108.1,0.730997699999995,2.8233497365529923,0.46270207765197163,2.092352036552997,85637.28506538048
108.15,0.704072977777773,2.84398291102569,0.3627429004715377,2.139909933247917,52632.96473700155
108.2,0.674595255555553,2.8596356961898106,0.26348277937092585,2.185040440634258,27769.270010011194
108.25,0.644895533333333,2.8703439555241665,0.1649871621073508,2.2254484221908335,10888.3054640949
108.3,0.6151958111110963,2.876149706392527,0.06740780959496924,2.2609538952814305,1817.525117756651
108.35,0.584583555555552,2.8771018492953115,-0.02914581442657274,2.2925182937397595,339.7913994352863
108.4,0.552032166666663,2.873252645969069,-0.12464890861132041,2.321220479302406,6214.940167197324
108.45,0.519480777777775,2.8646554000104354,-0.21904657326364277,2.34517462223266,19192.560503417768
108.5,0.486929388888886,2.85136843207492,-0.31221866518542085,2.3644390431860343,38992.19795606637
108.55,0.4527045999999801,2.833454758269491,-0.4041179951347992,2.3807501582695108,65324.54159670783
108.6,0.417829044444438,2.810978160220004,-0.4947266021181441,2.3931491157755658,97901.7643373458
108.65,0.382953488888886,2.7840048799028243,-0.5839693663077561,2.4010513910139384,136408.0883143529
108.7,0.347839933333333,2.7526053768460956,-0.6717639618264359,2.404765443512763,180506.7281634997
108.75,0.310981044444445,2.716852798738752,-0.7581004184785106,2.405871754294307,229886.49779891717
108.8,0.2741221555555355,2.6768199243299584,-0.8429624970693225,2.402697768774423,284234.308586139
108.85,0.237263266666658,2.6325824231230297,-0.9262730153656752,2.3953191564563716,343192.67959784815
108.9,0.19943223777777,2.5842191071749387,-1.0079950960990904,2.3847868693971686,406421.6455039258
108.95,0.160703848888885,2.5318094529479733,-1.0881253164108586,2.371105604059088,473606.68168569246
109.0,0.12197546,2.475433822009205,-1.166621243485012,2.353458362009205,544402.0503002063
109.05,0.0832470711110923,2.415175880915226,-1.2434044101996808,2.331928809804134,618421.8109216065
109.1,0.042952637777771,2.351122298288787,-1.318452640243863,2.308169660511016,695326.9458264053
109.15,0.0025220266666605,2.283359936392763,-1.3917419391533585,2.2808379097261025,774778.2500793403
109.2,-0.0379085844444499,2.211978912270752,-1.4631830247795123,2.249887496715202,856361.8256011691
109.25,-0.0787254533333373,2.1370738343518676,-1.532692348070703,2.215799287685205,939658.3335337942
109.3,-0.1203631200000238,2.058742800763668,-1.6002145681860236,2.179105920763692,1024274.6656939128
109.35,-0.162000786666675,1.9770867366881535,-1.665675721693691,2.1390875233548283,1109790.2439359194
109.4,-0.203638453333337,1.8922113759382877,-1.7289686149604497,2.0958498292716246,1195732.9886073025
109.45,-0.245700106145252,1.804227513839776,-1.7900038057329795,2.049927619985028,1281645.44981542
109.5,-0.287926642458098,1.7132499955908913,-1.8486996787408965,2.0011766380489893,1367076.2008706776
109.55,-0.3301531787709689,1.6193981562465476,-1.904959665296366,1.9495513350175164,1451548.530562417
109.6,-0.372239227777782,1.522796408226903,-1.9586776294066286,1.895035636004685,1534567.2223751883
109.65,-0.413462283333337,1.423575085235601,-2.00971483741238,1.837037368568938,1615581.4910861878
109.7,-0.454685338888892,1.3218717556970683,-2.057942781830172,1.7765570945859603,1694051.3973147625
109.75,-0.495908394444447,1.2178291248013948,-2.1032722028147375,1.713737519245842,1769501.5836532633
109.8,-0.5359769000000221,1.1115951253267582,-2.1455668469429043,1.6475720253267803,1841382.8378802065
109.85,-0.575061900000007,1.0033259323147956,-2.1846525463436177,1.5783878323148026,1909082.699298261
109.9,-0.614146900000004,0.8931853385062637,-2.2204106731590745,1.5073322385062677,1972089.4229914937
109.95,-0.6532319,0.7813415127560762,-2.2527704752329782,1.4345734127560763,2029989.9256325674
110.0,-0.688784588888888,0.6679686498376431,-2.281509802564387,1.3567532387265313,2082114.7916789555
110.05,-0.72411181111113,0.5532545143952757,-2.3064110223356535,1.2773663255064056,2127812.721580558
110.1,-0.759439033333342,0.4373922992644355,-2.3274280256852364,1.1968313325977775,2166768.485898031
110.15,-0.792972472222228,0.3205782244927624,-2.3444554874574903,1.1135506967149904,2198588.6130678155
110.2,-0.823023861111114,0.20301739914138217,-2.357245592676286,1.0260412602524962,2222642.71367671
110.25,-0.85307525,0.08492664833064498,-2.3656578704906956,0.938001898330645,2238534.8640858294
110.3,-0.8831266388889022,-0.03347608690935641,-2.369733210937787,0.8496505519795458,2246254.196408605
110.35,-0.908435450000004,-0.15197161043636784,-2.369306601593764,0.7564638395636362,2245445.5089423168
110.4,-0.932077950000003,-0.2703281006904745,-2.364162505143807,0.6617498493095285,2235705.740291137
110.45,-0.955720450000003,-0.38830978895489965,-2.3543349882307014,0.5674106610451034,2217157.2947229026
110.5,-0.978404105555557,-0.5056849388156033,-2.339908720792152,0.47271916673995373,2190069.128655666
110.55,-0.9951977166666758,-0.6222209689972118,-2.3207025856031924,0.372976747669464,2154264.196330137
110.6,-1.01199132777778,-0.7376737791474988,-2.2966119161739944,0.2743175486302811,2109770.5174049544
110.65,-1.02878493888889,-0.8518040484038414,-2.2678349314247814,0.17698089048504873,2057230.1104761774
110.7,-1.0417495,-0.9643795624785496,-2.2343964480656107,0.0773699375214505,1997010.9948512868
110.75,-1.05145227777778,-1.0751641492897968,-2.1961863385145683,-0.023711871512016813,1929293.7733912105
110.8,-1.0611550555555629,-1.1839203549068071,-2.1533060734034573,-0.12276529935124425,1854690.818302486
110.85,-1.07085783333334,-1.2904214872997803,-2.1060299050020306,-0.2195636539664403,1774144.7843051446
110.9,-1.07348972222222,-1.3944491089580133,-2.054301344929572,-0.3209593867357934,1688061.6063117795
110.95,-1.07567027777778,-1.4957766633197513,-1.9980756144483172,-0.42010638554197133,1596922.4644212082
111.0,-1.07785083333333,-1.5941869990349842,-1.9376696859791593,-0.5163361657016541,1501825.5247850297
111.05,-1.0771753888888882,-1.68947743625532,-1.8732926064700466,-0.6123020473664318,1403690.0757821363
111.1,-1.07095594444444,-1.7814493910155258,-1.8049045128935868,-0.7104934465710857,1303072.1202654543
111.15,-1.0647365,-1.8699030949982285,-1.732628438269791,-0.8051665949982285,1200800.5220404859
111.2,-1.05851705555555,-1.9546540044498213,-1.6568578303932522,-0.8961369488942712,1098071.148054174
111.25,-1.04522033333333,-2.0355315922487294,-1.577650933741324,-0.9903112589153993,995592.9874939485
111.3,-1.0294369999999955,-2.1123612115328987,-1.4949704062175728,-1.0829242115329032,893974.6061865339
111.35,-1.01365366666666,-2.1849758258524496,-1.4091201639331612,-1.1713221591857896,794247.8545612076
111.4,-0.996489699999997,-2.253226193476138,-1.3204467562383142,-1.256736493476141,697431.8544241143
111.45,-0.970844699999998,-2.316972688152153,-1.228905263096165,-1.3461279881521548,604083.2582661818
111.5,-0.945199699999998,-2.3760695867382315,-1.1345342489929537,-1.4308698867382335,514867.1848552023
111.55,-0.9195546999999824,-2.430385962082593,-1.0377525917537542,-1.5108312620826105,430772.1766766536
111.6,-0.88920119999999,-2.479807929694219,-0.9387556210870268,-1.590606729694229,352504.8464489958
111.65,-0.854836755555549,-2.52422500602018,-0.837567064142204,-1.669388250464631,280607.4347743164
111.7,-0.820472311111108,-2.563532074420305,-0.7344232356402394,-1.7430597633091969,215750.9956193114
111.75,-0.786107866666667,-2.597641397961118,-0.6297219002454099,-1.8115335312944512,158619.86865947596
111.8,-0.7452550722222022,-2.62648010642183,-0.5235711009107948,-1.8812250341996277,109650.67908357669
111.85,-0.703988127777774,-2.649975992422646,-0.41606773505968175,-1.9459878646448718,69244.9440630774
111.9,-0.662721183333333,-2.6680703607402,-0.3075713825422811,-2.0053491774068672,37840.0621435881
111.95,-0.619707488888892,-2.6807213442725017,-0.19836634247405255,-2.0610138553836097,15739.682330613241
112.0,-0.573303044444448,-2.6878974152159865,-0.08858531873631902,-2.1145943707715382,3138.943478246093
112.05,-0.5268985999999778,-2.6895735610536717,0.0215766868858234,-2.162674961053694,186.22136678754538
112.1,-0.480494155555548,-2.6857386279568862,0.13180789425583747,-2.205244472401338,6949.328395263213
112.15,-0.431209055555551,-2.676394589708524,0.24193142938397566,-2.2451855341529727,23412.32660950944
112.2,-0.380911833333333,-2.6615494072301575,0.3518213898063308,-2.2806375738968248,49511.316130103274
112.25,-0.330614611111116,-2.641220122953941,0.46125286984037756,-2.310605511842825,85101.68397439372
112.3,-0.2798778277777567,-2.6154356272611716,0.5699955377378598,-2.335557799483415,129957.9652164288
112.35,-0.226440883333328,-2.584233975612462,0.6779348321207807,-2.357793092279134,183838.25464105242
112.4,-0.173003938888885,-2.547657672124647,0.7849438270050736,-2.3746537332357622,246454.72462134834
112.45,-0.119566994444441,-2.5057588093512893,0.8908010814302452,-2.3861918149068484,317410.6266709177
112.5,-0.06484605,-2.4585995209173253,0.995341845320401,-2.3937534709173254,396282.1556183285
112.55,-0.0090313277777513,-2.406248584948881,1.0984459118959016,-2.3972172571711297,482633.36854432756
112.6,0.0467833944444496,-2.348781658582715,1.199947319261018,-2.3955650530271644,575949.4276006813
112.65,0.102598116666667,-2.2862839456444743,1.299644251691301,-2.3888820623111413,675630.0723816965
112.7,0.15928756111111,-2.2188500435022234,1.3973735687745252,-2.3781376046133333,781061.1562838611
112.75,0.216032838888887,-2.1465820147224246,1.4929784730731548,-2.3626148536113116,891593.8884239395
112.8,0.272778116666696,-2.0695906896594605,1.5862749456704597,-2.3423688063261565,1006507.281304728
112.85,0.329265821229061,-1.987996169730641,1.6770736518805847,-2.317261990959702,1125030.4135328322
112.9,0.385253530726264,-1.9019283316927968,1.7651731288120558,-2.287181862419061,1246334.469872057
112.95,0.441241240223467,-1.8115269393061966,1.8503887414855436,-2.2527681795296637,1369575.3978465814
113.0,0.49722894972067,-1.7169402042367532,1.932560547988178,-2.2141691539574233,1493916.1086561468
113.05,0.5502769060773748,-1.6183261381798653,2.0114183301547626,-2.16860304425724,1618321.4795530294
113.1,0.602396519337026,-1.5158585931824613,2.0866636849304983,-2.1182551125194875,1741666.1336030902
113.15,0.654516132596693,-1.4097229355152177,2.1581198097714522,-2.0642390681119105,1862992.4453311877
113.2,0.705896983240228,-1.3001125492523729,2.2256204499040755,-2.006009532492601,1981354.554812488
113.25,0.752739720670393,-1.187232612361216,2.2888188613767415,-1.939972333031609,2095476.7120775694
113.3,0.7995824581005834,-1.0713074643674512,2.347409930413543,-1.8708899224680344,2204133.3525616457
113.35,0.846425195530735,-0.9525702543424248,2.401283703830961,-1.7989954498731597,2306465.3705136552
113.4,0.888781733333337,-0.831262583588793,2.4501494316633448,-1.72004431692213,2401292.8949920842
113.45,0.9276134,-0.7076458597052525,2.493583664103711,-1.6352592597052524,2487183.795953955
113.5,0.966445066666663,-0.5819982588374356,2.5313766458547597,-1.5484433255040986,2563147.0892715575
113.55,1.0052767333333483,-0.4546028621645334,2.563490936973271,-1.4598795954978816,2628594.3135776394
113.6,1.03509133333334,-0.3257508068778629,2.589509059187504,-1.360842140211203,2682222.8670456605
113.65,1.06453022222222,-0.1957601943740223,2.609034495080749,-1.2602904165962423,2722824.398608504
113.7,1.09396911111111,-0.0649549524694425,2.622105730450946,-1.1589240635805527,2750175.384665475
113.75,1.119428,0.06634110477099944,2.6286224253089507,-1.0530868952290007,2763862.341934844
113.8,1.1378113333333453,0.19779144123389572,2.6281904648935814,-0.9400198920994496,2762954.0479030157
113.85,1.15619466666667,0.32904155608058605,2.620644141341274,-0.827153110586084,2747110.286218538
113.9,1.174578,0.45974055997401786,2.606181239071771,-0.714837440025982,2716872.260355869
113.95,1.18329877777778,0.5895404666845904,2.584568025356861,-0.5937583110931896,2671996.7510788254
114.0,1.18896822222222,0.7180726716004013,2.555474917687204,-0.47089555062181865,2612180.8219713685
114.05,1.194637666666671,0.8449662128075447,2.5190780235564394,-0.34967145385912624,2538301.635506007
114.1,1.19800044444444,0.9698627532910709,2.4756191017141607,-0.22813769115336924,2451475.974708811
114.15,1.18925322222222,1.0924052073456036,2.4247883369956367,-0.09684801487661643,2351839.391692026
114.2,1.180506,1.2122164846888919,2.3664522989755943,0.031710484688891816,2240038.5933307502
114.25,1.17175877777778,1.3289335781101175,2.301105342112938,0.15717480033233744,2118034.318200281
114.3,1.1546799999999933,1.4422120651128842,2.228863452379788,0.287532065112891,1987132.9157417389
114.35,1.131055,1.5517024869460971,2.149577269823252,0.4206474869460972,1848272.9755763146
114.4,1.10743,1.6570575068811915,2.063554090688123,0.5496275068811916,1703302.1940782745
114.45,1.083805,1.7579563777435547,1.971439503348619,0.6741513777435548,1554629.4861453797
114.5,1.04763386666667,1.854100888238675,1.8732933948708075,0.8064670215720049,1403691.257306638
114.55,1.0109399777777597,1.945186655319767,1.7692028003248301,0.9342466775420073,1252031.4194708883
114.6,0.974246088888885,2.0309337930983835,1.659868305193815,1.0566877042094984,1102065.1162347952
114.65,0.934107899999999,2.111095359643772,1.545845401370196,1.1769874596437728,955855.2019749531
114.7,0.88784651111111,2.1854447725187165,1.4274085071310059,1.2975982614076065,814998.0184919867
114.75,0.841585122222222,2.2537700566863297,1.3050000271337798,1.4121849344641078,681210.0283276665
114.8,0.7953237333333065,2.3158903437782072,1.1793230442740024,1.5205666104449007,556321.1371022802
114.85,0.74456799999999,2.371655814433548,1.050851813051145,1.6270878144335579,441715.8131971515
114.9,0.692392999999995,2.4209356219255276,0.9199839789897857,1.7285426219255324,338548.20863915136
114.95,0.640218,2.463623825611618,0.7872900719191857,1.823405825611618,247930.2629370066
115.0,0.587516377777782,2.4996437799628444,0.653342494392243,1.9121274021850625,170742.56599147123
115.05,0.5320499888888632,2.5289442385614254,0.5185626591350017,1.9968942496725621,107562.89257966555
115.1,0.476583599999991,2.551493152557223,0.3833664040101734,2.074909552557232,58787.9198894766
115.15,0.421117211111103,2.5672822129567905,0.24824739190055128,2.1461650018456875,24650.70703417036
115.2,0.36452195555555,2.5763260377342583,0.11361465547004382,2.211804082178708,5163.315975030703
115.25,0.307039733333333,2.578657483109364,-0.02019234733471592,2.2716177497760306,163.09235635432367
115.3,0.2495575111110836,2.5743264390471245,-0.15282393801348573,2.324768927936041,9342.062411979892
115.35,0.192075288888883,2.5634005035651803,-0.28393338731812245,2.3713252146762973,32247.267373577175
115.4,0.134564506666662,2.545963650697082,-0.4132124563133245,2.41139914403042,68297.81362099644
115.45,0.077052534444441,2.5221143528112893,-0.5403883784478466,2.4450618183668484,116807.83982459723
115.5,0.0195405622222197,2.4919639185452502,-0.6652203590020653,2.4724233563230307,177007.25041233466
115.55,-0.0371903900000314,2.4556354066289288,-0.7874693141812796,2.49282579662896,248043.16831085397
115.6,-0.0925328622222327,2.413264413637864,-0.9068749018587886,2.5057972758600964,328968.835048555
115.65,-0.14787533444445,2.3649987411560036,-1.023232728994808,2.5128740756004535,418802.0870744649
115.7,-0.203217806666667,2.310994192334951,-1.1364089342226742,2.514211999001618,516570.1063124457
115.75,-0.255333044444443,2.2514148289163396,-1.2461679678003796,2.5067478733607826,621173.8415886912
115.8,-0.3064291555555825,2.186438598838403,-1.3522559501564224,2.492867754393986,731438.4618933796
115.85,-0.357525266666678,2.11625249481265,-1.4545491292424308,2.473777761479328,846285.2677519654
115.9,-0.407651288888897,2.0410488716160953,-1.5529320278777041,2.448700160504992,964639.1532833434
115.95,-0.452684344444449,1.9610294295830746,-1.6471079007399916,2.4137137740275234,1085185.7746720407
116.0,-0.4977174,1.8764123411874465,-1.73682887459478,2.3741297411874465,1206629.815850468
116.05,-0.5427504555555756,1.7874216687517326,-1.8220429646880067,2.330172124307308,1327936.2260676243
116.1,-0.583311133333339,1.6942868022397313,-1.9025327502092106,2.27759793557307,1447852.346247449
116.15,-0.620357800000005,1.5972528348561037,-1.977957164477903,2.2176106348561087,1564925.8178037866
116.2,-0.657404466666671,1.4965781342192206,-2.0481595434103883,2.1539826008858913,1677983.0061052202
116.25,-0.694451133333337,1.3925241131866233,-2.1131288407812425,2.0869752465199602,1786125.399096591
116.3,-0.7225770000000159,1.2853585103742353,-2.1725040262989936,2.007935510374251,1887909.4977141353
116.35,-0.750331166666672,1.1753729039439114,-2.2259285288210844,1.9257040706105832,1981903.126167839
116.4,-0.778085333333336,1.0628645414618942,-2.2734208213076577,1.8409498747952302,2067376.8923020738
116.45,-0.802227200000001,0.9481314912334442,-2.314873973995029,1.7503586912334452,2143456.6061918153
116.5,-0.8199472,0.8314839072916097,-2.3499225636659933,1.6514311072916097,2208854.4220906217
116.55,-0.83766720000001,0.7132491639104819,-2.3783761956798486,1.550916363910492,2262669.3312706198
116.6,-0.855387200000005,0.5937544993010619,-2.4003378784280627,1.4491416993010668,2304648.772246613
116.65,-0.865527255555557,0.47332724412300964,-2.4155889490533164,1.3388544996785665,2334027.988315402
116.7,-0.873273644444445,0.3523124291144957,-2.4238317135986778,1.2255860735589406,2349984.070338681
116.75,-0.881020033333333,0.23105971703339484,-2.425136834389543,1.112079750366728,2352515.466205173
116.8,-0.8872988666666656,0.10991212468662555,-2.4196404241552885,0.9972109913532912,2341863.9128825534
116.85,-0.885873033333333,-0.01078766471333173,-2.4071464616124665,0.8750853686200013,2317741.635061367
116.9,-0.8844472,-0.13068444531413087,-2.3875691824450236,0.7537627546858692,2280194.6403844794
116.95,-0.883021366666666,-0.24943164979289037,-2.3612170631094376,0.6335897168737756,2230138.407647663
117.0,-0.877276999999999,-0.36669535855126456,-2.3282190620715872,0.5105816414487344,2168241.6003974006
117.05,-0.8681394999999944,-0.48214279099869956,-2.288576661106633,0.38599670900129485,2095033.2535047939
117.1,-0.859001999999998,-0.5954463404934238,-2.242533941129822,0.2635556595065742,2011583.3908477009
117.15,-0.849864499999999,-0.7062966781763317,-2.190521213776895,0.14356782182366734,1919353.2752026403
117.2,-0.835090150837989,-0.8144018239802779,-2.132711449850446,0.020688326857711048,1819383.2513292762
117.25,-0.820080932960894,-0.9194743644644371,-2.0692941153392743,-0.09939343150354307,1712791.2543110999
117.3,-0.8050717150837914,-1.0212457375982535,-2.000746484779601,-0.21617402251446216,1601194.598543172
117.35,-0.788784027777775,-1.119470666626749,-1.9274976641781478,-0.3306866388489741,1486098.8981648865
117.4,-0.770410416666665,-1.2139226721479177,-1.8498785185007431,-0.4435122554812527,1368820.2132842017
117.45,-0.752036805555554,-1.3043922963134478,-1.7682849906519542,-0.5523554907578938,1250732.7232659927
117.5,-0.733663194444443,-1.390693125335473,-1.6832075095533687,-0.6570299308910301,1133275.0080867414
117.55,-0.7146064309392146,-1.4726624351579183,-1.59509216537137,-0.7580560042187037,1017727.6064116505
117.6,-0.695356983425409,-1.5501588218802005,-1.5043642886657411,-0.8548018384547915,905244.7652051125
117.65,-0.676107535911598,-1.6230627351420808,-1.4114672216137083,-0.9469551992304828,796895.8870759684
117.7,-0.656945329608935,-1.6912767270025522,-1.3168395704838878,-1.034331397393617,693626.581756876
117.75,-0.638241139664802,-1.7547251996312045,-1.22092061442143,-1.1164840599664025,596258.8586876808
117.8,-0.6195369497206586,-1.813354152373747,-1.1241217504335397,-1.1938172026530884,505459.8839191061
117.85,-0.600832759776531,-1.8671288381126079,-1.0268088362028849,-1.2662960783360768,421734.55444172915
117.9,-0.582851005555552,-1.9160327226491074,-0.9293549700258795,-1.3331817170935554,345480.2641247214
117.95,-0.565392394444443,-1.9600681389944279,-0.8321271337886719,-1.3946757445499849,276974.2267149401
118.0,-0.547933783333333,-1.999254298072177,-0.7354288762283204,-1.451320514738844,216342.2527961801
118.05,-0.5304751722222142,-2.033624077863323,-0.639511523762243,-1.5031489056411087,163589.99560988235
118.1,-0.513504927777775,-2.063222587844602,-0.5446201536770725,-1.549717660066827,118644.44471649523
118.15,-0.496544649999997,-2.0881068465510326,-0.45097190708075174,-1.5915621965510356,81350.26439042007
118.2,-0.47958437222222,-2.1083433636891415,-0.35873681808241636,-1.6287589914669216,51476.841859158674
118.25,-0.462333288888887,-2.124006351973355,-0.26804941822938627,-1.661673063084468,28740.196245244977
118.3,-0.4446077333333229,-2.1351757145266665,-0.1790050493240375,-1.6905679811933436,12817.123073400438
118.35,-0.426882177777774,-2.1419358116639686,-0.0916965348965175,-1.7150536338861946,3363.3018048113
118.4,-0.40915662222222,-2.1443759779907725,-0.006223351501800298,-1.7352193557685525,15.492041565984008
118.45,-0.389806499999999,-2.1425890604011344,0.07739582414238387,-1.7527825604011353,2396.045437871524
118.5,-0.369998166666666,-2.136667218070713,0.15916659745158684,-1.766669051404047,10133.602297726196
118.55,-0.3501898333333212,-2.126704197318964,0.23903055818658214,-1.7765143639856427,22854.243098795614
118.6,-0.329845599999994,-2.112796757110938,0.31693970141680683,-1.7829511571109438,40180.30973366987
118.65,-0.30706004444444,-2.095041807195065,0.392954578456955,-1.7879817627506251,61765.32029211327
118.7,-0.284274488888887,-2.073532264168526,0.467112567487874,-1.7892577752796388,87277.66028204546
118.75,-0.261488933333333,-2.0483625416671427,0.5393521115383939,-1.7868736083338097,116360.28008836965
118.8,-0.2365464222222084,-2.019628431964201,0.6097095709205002,-1.7830820097419924,148698.30434882417
118.85,-0.210041977777772,-1.9874212497210153,0.6782878450742187,-1.7773792719432433,184029.7603101709
118.9,-0.183537533333328,-1.9518291347143635,0.7450978112332007,-1.7682916013810355,222068.29932180257
118.95,-0.157033088888884,-1.9129418234028945,0.8100873239602961,-1.7559087345140105,262496.58897646156
119.0,-0.126781287777775,-1.8708489124321817,0.8733663247916313,-1.7440676246544067,305107.4949120165
119.05,-0.0964530099999827,-1.825631954873857,0.9350400512969761,-1.7291789448738744,349719.9590117807
119.1,-0.0661247322222165,-1.7773726388405817,0.9950503443173412,-1.7112479066183652,396050.0750904237
119.15,-0.0344421766666635,-1.726154725130564,1.0533925027307065,-1.6917125484639004,443854.3059237046
119.2,-0.0005500099999999,-1.672059781052125,1.1101510546570645,-1.671509771052125,492974.14566247707
119.25,0.0333421566666634,-1.6151657317260786,1.165343151800587,-1.648507888392742,543209.8645794104
119.3,0.0672343233333468,-1.555552950733239,1.2188864551883716,-1.6227872740665858,594273.6762566697
119.35,0.103478970000002,-1.4933042663224252,1.2707989428314106,-1.5967832363224272,645971.9812405723
119.4,0.140387136666668,-1.4284995649986754,1.3211212464118518,-1.5688867016653434,698144.5390883218
119.45,0.177295303333334,-1.3612197320182549,1.3697886571987663,-1.5385150353515888,750528.3861561598
119.5,0.214498,-1.2915496086117215,1.4167220798313955,-1.5060476086117216,802840.5805927181
119.55,0.2530424444444629,-1.219576718675194,1.4619042950381917,-1.4726191631196568,854865.667140445
119.6,0.291586888888893,-1.1453888657487756,1.5053060123447415,-1.4369757546376687,906378.4763204907
119.65,0.330131333333333,-1.0690772211812958,1.5468421997890203,-1.3992085545146287,957088.316419254
119.7,0.368589261111109,-0.990737147649078,1.5864289401884906,-1.359326408760187,1006702.712907031
119.75,0.406984538888886,-0.9104681915258114,1.623984411694597,-1.3174527304146975,1054930.1477708183
119.8,0.4453798166666849,-0.8283737946828419,1.6594350907975008,-1.2737536113495267,1101489.928228044
119.85,0.483775094444452,-0.74456088635624,1.6927139532545346,-1.228335980800692,1146112.211017038
119.9,0.519941688888892,-0.659141360544315,1.7236558546858827,-1.1790830494332072,1188395.8021571683
119.95,0.5560628,-0.5722368979534047,1.7521022906285817,-1.1282996979534046,1227944.9747303692
120.0,0.592183911111108,-0.4839735715240881,1.7780026758395817,-1.076157482635196,1264517.4061170851
120.05,0.626608955555568,-0.39448111191974616,1.801234834124876,-1.021090067475314,1297778.7710659478
120.1,0.658266733333337,-0.30389858050844865,1.8215583856324291,-0.9621653138417856,1327229.9809071284
120.15,0.689924511111114,-0.21237618242309605,1.838827999842485,-0.90230069353421,1352515.3652018856
120.2,0.721582288888891,-0.12006675786534449,1.8530396569687682,-0.8416490467542355,1373502.3881195718
120.25,0.748121966666667,-0.02712710264843511,1.8639597812195388,-0.7752490693151021,1389738.4264015963
120.3,0.7732180777777901,0.06626974646864633,1.8713125955240735,-0.7069483313091437,1400724.332066818
120.35,0.798314188888891,0.15994450658086495,1.875087263262358,-0.638369682308026,1406380.897939488
120.4,0.82196435,0.25371889497248756,1.875288326738434,-0.5682454550275124,1406682.5233605742
120.45,0.839027405555556,0.3474088786500933,1.8716236850168835,-0.4916185269054627,1401190.0873264712
120.5,0.856090461111111,0.44081366366355357,1.8639037635342999,-0.4152767974475574,1389654.8958869309
120.55,0.8731535166666744,0.5337341014808838,1.8522751611780555,-0.33941941518579055,1372369.3090868767
120.6,0.885070491620114,0.6259745155487013,1.8366480638343807,-0.25909597607141266,1349310.4441546318
120.65,0.893260994413409,0.7173281784955919,1.8167782454671317,-0.17593281591781706,1320273.277281052
120.7,0.901451497206704,0.8075821456978284,1.7926969904226382,-0.09386935150887565,1285504.999788154
120.75,0.909642,0.8965314282218614,1.7646288801178014,-0.013110571778138569,1245566.0338183225
120.8,0.9086143756906075,0.9839750048780171,1.7323610265238234,0.0753606291874096,1200429.89048747
120.85,0.907586751381215,1.0696946054523109,1.6957178036404443,0.16210785407109585,1150183.547833269
120.9,0.906559127071823,1.1534787218077343,1.6549908647550418,0.2469195947359113,1095597.9049690564
120.95,0.90221151111111,1.235127934268943,1.610319249512984,0.332916423157833,1037251.2341408241
121.0,0.892447066666667,1.3144431665554392,1.5616001024508999,0.4219960998887723,975437.9519898643
121.05,0.8826826222222173,1.3912219435844269,1.5089209243744488,0.5085393213622096,910736.9424060165
121.1,0.872918177777777,1.4652752824474968,1.4526430234634518,0.5923571046697198,844068.7014468154
121.15,0.857111067039106,1.536427529767566,1.3928433046116917,0.67931646272846,776004.9884806471
121.2,0.839599614525141,1.6045012296913623,1.3295405898060135,0.7649016151662213,707071.2719766889
121.25,0.822088162011175,1.6693285537411175,1.2630551306785776,0.8472403917299426,638123.3052533914
121.3,0.8033854088397694,1.7307594078657653,1.1937289808890266,0.9273739990259959,569995.5519257416
121.35,0.779917453038673,1.7886560395795323,1.1216781916972802,1.0087385865408593,503264.78629171225
121.4,0.756449497237569,1.8428848400432478,1.047082940113023,1.0864353428056788,438553.07339029305
121.45,0.732981541436465,1.8933285421696293,0.9703387960486143,1.1603470007331644,376622.9516468297
121.5,0.706913033333335,1.9398872602695953,0.8917062356613382,1.2329742269362605,318056.00428692566
121.55,0.678961366666653,1.9824705032085106,0.8113528653880565,1.3035091365418576,263317.3888693639
121.6,0.651009699999994,2.020998548533075,0.7295580710632236,1.369988848533081,212901.99162139665
121.65,0.623058033333328,2.055408126005957,0.6466707136854052,1.4323500926726291,167273.2047753565
121.7,0.592538648044689,2.085651038094342,0.5629076236327012,1.4931123900496528,126745.99709752592
121.75,0.561966860335194,2.1116877485602665,0.4784747596048643,1.5497208882250724,91575.23823157308
121.8,0.5313950726256812,2.133492473111878,0.3936780690877964,1.6020974004861968,61992.96883227832
121.85,0.500718187845297,2.151054275065198,0.30880321616311,1.6503360872199009,38143.77052507218
121.9,0.469883657458558,2.164375865806479,0.22411128344304,1.694492208347921,20090.346946594644
121.95,0.439049127071819,2.1734726062220946,0.13985009757757932,1.7344234791502755,7823.219916983383
122.0,0.40821459668508,2.178372009276378,0.056255457480585885,1.7701574125912978,1265.8705985400027
122.05,0.3781074748603175,2.1791134020070544,-0.026425870776637606,1.801005927146737,279.33065852141976
122.1,0.348205519553066,2.1757485517473234,-0.10796104360899937,1.8275430321942574,4662.234774857706
122.15,0.318303564245805,2.1683394308970936,-0.18816980684396856,1.8500358666512886,14163.150483078574
122.2,0.288890611111108,2.156956570171239,-0.2668802796260508,1.8680659590601312,28490.033461311632
122.25,0.261433666666667,2.141680279272731,-0.34386003984738334,1.8802466126060642,47295.89080153762
122.3,0.2339767222222092,2.1226025646683127,-0.4189212709763496,1.8886258424461035,70198.01251057605
122.35,0.206519777777775,2.0998216175697637,-0.49197581407829116,1.8933018397919887,96816.08065519892
122.4,0.180804499999999,2.0734408932268713,-0.5628771429603686,1.8926363932268724,126732.27122689091
122.45,0.156250333333333,2.0435727793060487,-0.6314470263300159,1.8873224459727158,159490.1388244079
122.5,0.131696166666666,2.010336584407018,-0.6975940559358389,1.878640417740352,194654.98675080572
122.55,0.1071419999999878,1.9738543369263735,-0.7612839531399226,1.8667123369263856,231821.30292333913
122.6,0.0855308333333292,1.9342516634491929,-0.8223664418461587,1.8487208301158637,270514.6258698846
122.65,0.0639196666666646,1.8916634462831734,-0.8807042856588356,1.8277437796165088,310256.015511136
122.7,0.0423085,1.846227082959829,-0.9362918178891848,1.803918582959829,350656.94729849376
122.75,0.0218091555555567,1.7980808924018985,-0.9890824474654212,1.7762717368463419,391313.63515367504
122.8,0.0029775444444351,1.7473672690527073,-1.0389681287606178,1.7443897246082722,431781.9090321359
122.85,-0.0158540666666702,1.694233323814811,-1.0858998630495182,1.7100873904814813,471671.40502838494
122.9,-0.034685677777781,1.638826008199446,-1.1299088000192539,1.673511685977227,510677.55854438007
122.95,-0.0513992222222238,1.5812920395433536,-1.1709430131503091,1.6326912617655773,548443.01601821
123.0,-0.06758325,1.5217823360922087,-1.2089402381686714,1.5893655860922087,584614.5997853295
123.05,-0.0837672777777852,1.4604479808669326,-1.2439401637839416,1.5442152586447178,618954.8524299277
123.1,-0.0994971388888904,1.3974374557233953,-1.2759924884304688,1.4969345946122856,651262.7322123919
123.15,-0.113410333333335,1.3328982732392676,-1.3050729714210123,1.4463086065726025,681286.1842934681
123.2,-0.127323527777779,1.2669796257669457,-1.3311856890648068,1.3943031535447248,708822.1355083778
123.25,-0.141236722222223,1.199827687078294,-1.354419594740303,1.341064409300517,733780.9754465946
123.3,-0.1540806666666734,1.1315849392713513,-1.37481735003358,1.2856656059380247,756049.0983813421
123.35,-0.16621177777778,1.062392989422198,-1.3923930125361752,1.228604767199978,775503.3205438261
123.4,-0.17834288888889,0.9923915712024278,-1.4072127300006028,1.1707344600913179,792099.0669902997
123.45,-0.190474,0.9217159716198632,-1.4193772091682622,1.112189971619863,805852.6647625138
123.5,-0.201513444444444,0.850497233464377,-1.4289389949199816,1.052010677908821,816746.6604811708
123.55,-0.2125528888888951,0.7788644862840778,-1.4359561329154364,0.9914173751729729,824788.0062629818
123.6,-0.223592333333336,0.7069421477842286,-1.440541864499381,0.9305344811175646,830064.3453501412
123.65,-0.234499444444446,0.6348489759136636,-1.4428073289115375,0.8693484203581097,832677.1953443382
123.7,-0.245208055555557,0.5626983198952408,-1.4428587957903745,0.8079063754507978,832736.6018358598
123.75,-0.255916666666667,0.49059805336785883,-1.4408130645896928,0.7465147200345259,830376.9148369369
123.8,-0.2666252777777831,0.41864981770816,-1.4367992157949576,0.6852750954859431,825756.7946036021
123.85,-0.277725000000002,0.3469484508285393,-1.4309661793867121,0.6246734508285413,819065.6826194416
123.9,-0.288922500000002,0.2755809830711141,-1.4234660187675832,0.5645034830711162,810502.2026344134
123.95,-0.300120000000001,0.20462745675095123,-1.4144291575352559,0.5047474567509522,800243.9366743575
124.0,-0.311563222222223,0.13416144866371593,-1.4039890327178643,0.4457246708859389,788474.0815968177
124.05,-0.323989333333337,0.06424902305633834,-1.3923201316178653,0.38823835638967535,775422.139563356
124.1,-0.3364154444444505,-0.005052644671834319,-1.379575583074613,0.3313627997726162,761291.5157662635
124.15,-0.348841555555557,-0.07369224460405926,-1.365853153516309,0.27514931095149775,746221.9347881784
124.2,-0.362346333333334,-0.14162405508873901,-1.3512958201721352,0.22072227824459498,730400.1574458735
124.25,-0.376570222222223,-0.20881071986467092,-1.3360716028780224,0.16775950235755205,714034.9312068193
124.3,-0.390794111111115,-0.27522188064690056,-1.320287047519021,0.11557223046421444,697263.1551385974
124.35,-0.4050180000000096,-0.34083118675698215,-1.3040080513944443,0.06418681324302744,680174.7992406143
124.4,-0.42138966666667,-0.4056172087791996,-1.2873998776982354,0.015772457887470392,662959.3780389726
124.45,-0.437761333333335,-0.4695682624845975,-1.2706168693894988,-0.031806929151262486,645786.8915108682
124.5,-0.454133,-0.5326767023509216,-1.2537021462046258,-0.07854370235092156,628707.628559234
124.55,-0.471447444444449,-0.5949376874298651,-1.236739692207269,-0.12349024298541605,611810.0265123723
124.6,-0.4901760555555643,-0.6563522789389968,-1.2198731504825606,-0.16617622338343252,595236.2013072992
124.65,-0.50890466666667,-0.7169280312106673,-1.2031880128306756,-0.20802336454399728,579064.557687772
124.7,-0.527633277777781,-0.7766742352013314,-1.1866917900973983,-0.24904095742355037,563294.9618738272
124.75,-0.548113000000002,-0.8356017632826838,-1.1704679420263449,-0.2874887632826818,547998.0813245547
124.8,-0.569030500000006,-0.8937270764710769,-1.1546063543444653,-0.32469657647107086,533246.3333970468
124.85,-0.5899480000000101,-0.9510683188101594,-1.1390995282544265,-0.3611203188101493,519019.0941077828
124.9,-0.611255966480449,-1.007642637420368,-1.123928731856767,-0.396386670939919,505286.31771726423
124.95,-0.634125798882682,-1.0634675968319702,-1.1091416103678577,-0.4293417979492883,492078.0447397619
125.0,-0.656995631284915,-1.1185634834524847,-1.0947554177363588,-0.4615678521675697,479395.7698652438
125.05,-0.679865463687155,-1.172948748910466,-1.0807058075009264,-0.493083285223311,467170.0169464917
125.1,-0.7033930110497337,-1.2266390836260606,-1.0669573057105257,-0.5232460725763268,455359.1568836257
125.15,-0.727323674033151,-1.2796491701783932,-1.0534903307654266,-0.5523254961452422,443936.75080649916
125.2,-0.751254337016576,-1.3319919129923885,-1.0402513604667978,-0.5807375759758125,432849.1571812094
125.25,-0.775185,-1.383676887022368,-1.027167484367763,-0.6084918870223679,422029.2163769594
125.3,-0.798997290502798,-1.434709944047758,-1.014160817701272,-0.63571265354496,411408.86566420505
125.35,-0.8228095810055968,-1.4850929676198097,-1.0011542590375118,-0.6622833866142129,400923.94015557965
125.4,-0.846621871508382,-1.534824179361914,-0.9880763774970455,-0.688202307853532,390517.97110707354
125.45,-0.86897802762431,-1.5838970604470413,-0.9747861656943473,-0.7149190328227313,380083.22753163497
125.5,-0.889323331491712,-1.632295380745588,-0.9610515006834636,-0.7429720492538759,369447.99478637497
125.55,-0.90966863535912,-1.679992216100566,-0.9467171910805163,-0.770323580741446,358509.37595495314
125.6,-0.9300139392265274,-1.7269561421372217,-0.9317254449386537,-0.7969422029106943,347244.92189845286
125.65,-0.945458418994415,-1.7731489824652436,-0.9157881571997828,-0.8276905634708286,335467.1795469496
125.7,-0.959677692737431,-1.818513727672004,-0.8985775326089428,-0.8588360349345731,322976.6328438303
125.75,-0.973896966480447,-1.862984131290386,-0.8800109364905699,-0.8890871648099391,309767.699337204
125.8,-0.986417513812156,-1.9064905692697023,-0.8599899619337484,-0.9200730554575463,295833.09385072405
125.85,-0.992915303867406,-1.9489527342145512,-0.8381471841443836,-0.9560374303471452,280996.28091566375
125.9,-0.999413093922653,-1.9902706172537974,-0.8142247300660135,-0.9908575233311444,265184.764420429
125.95,-1.0059108839779,-2.0303412034149164,-0.7882625695513512,-1.0244303194370163,248543.1514222795
126.0,-1.00787145251397,-2.069060154176823,-0.7600986786813297,-1.0611887016628532,231100.00053324134
126.05,-1.00680720670391,-2.106309717682367,-0.7294546549024868,-1.0995025109784569,212841.63742356247
126.1,-1.0057429608938495,-2.1419635352693716,-0.6962858549026221,-1.136220574375522,193925.5966949901
126.15,-1.00451967777778,-2.1758978397140543,-0.6606894060777594,-1.1713781619362742,174604.19652135298
126.2,-0.995503566666666,-2.2079877645587995,-0.6224120100769339,-1.2124841978921337,154958.68411520374
126.25,-0.986487455555555,-2.238090759970732,-0.5812376719010526,-1.2516033044151769,135134.89249478225
126.3,-0.977471344444441,-2.266065809431639,-0.5373197715020271,-1.2885944649871979,115485.01473879626
126.35,-0.9645380333333228,-2.291776637120598,-0.49063645004874656,-1.3272386037872752,96289.65044657447
126.4,-0.946195255555552,-2.3150791947846643,-0.4409384667590224,-1.3688839392291123,77770.69258711899
126.45,-0.927852477777776,-2.3358194727459947,-0.38817952730897476,-1.4079669949682185,60273.33816872763
126.5,-0.9095097,-2.3538495763369727,-0.33256601457095325,-1.4443398763369726,44240.061619043
126.55,-0.882237122222215,-2.3690253831539185,-0.2739127645293923,-1.4867882609317036,30011.28102885372
126.6,-0.8530043444444296,-2.381186241089904,-0.21198300697929792,-1.5281818966454743,17974.71809919403
126.65,-0.82377156666666,-2.3901721158427107,-0.14695887208540703,-1.5664005491760506,8638.764033846011
126.7,-0.792066783333326,-2.3958333290016958,-0.07900695220733468,-1.6037665456683698,2496.8393988368266
126.75,-0.751597616666663,-2.398020641816107,-0.007926376420054379,-1.6464230251494443,25.130977260957632
126.8,-0.711128449999988,-2.3965728689532857,0.0663406654323947,-1.6854444189532978,1760.4335560051716
126.85,-0.6706592833333127,-2.3913390466005993,0.1434602195366953,-1.7206797632672866,8232.333835806725
126.9,-0.623973238888884,-2.382180419063064,0.22336505059770578,-1.75820718017418,19956.778331406265
126.95,-0.57347685,-2.3689548477303703,0.30613179906930726,-1.7954779977303703,37486.67136056429
127.0,-0.522980461111116,-2.3515229578663894,0.39155670670468296,-1.8285424967552735,61326.66182616684
127.05,-0.472323472222217,-2.329760823072537,0.47928421473962063,-1.8574373508503201,91885.34339942991
127.1,-0.4137970833333123,-2.3035565045375357,0.5692934188268374,-1.8897594212042235,129637.99868781955
127.15,-0.355270694444441,-2.2727942252828606,0.6615394501645718,-1.9175235308384195,175053.7776496176
127.2,-0.296744305555553,-2.237371544520403,0.7556478389366837,-1.94062723896485,228401.46259587212
127.25,-0.235568451666667,-2.1972027060383885,0.8513612300916382,-1.9616342543717216,289926.37764125894
127.3,-0.170733812777766,-2.152210498117727,0.9485706591410268,-1.9814766853399608,359914.51815329684
127.35,-0.1058991738888645,-2.1023244896507123,1.0470504289493605,-1.9964253157618477,438525.8403052159
127.4,-0.041064535,-2.0474905324549937,1.1464268489938525,-2.006425997454994,525717.8080375894
127.45,0.0271504627777757,-1.9876707207085031,1.2464689822791786,-2.014821183486279,621473.9695136365
127.5,0.0961074905555524,-1.922835968937179,1.3469722251110323,-2.0189434594927316,725733.6700882262
127.55,0.165064518333349,-1.8529715265061673,1.4475951585874423,-2.0180360448395165,838212.6972663208
127.6,0.2345783111111453,-1.778080187899984,1.5479953836409537,-2.0126584990111294,958515.8831094814
127.65,0.306066088888896,-1.6981799804970001,1.6479173140358814,-2.0042460693858963,1086252.5895596936
127.7,0.377553866666667,-1.613301028251239,1.7470865855515776,-1.9908548949179061,1220924.614965708
127.75,0.449041644444438,-1.5234896661859012,1.8451569068501967,-1.9725313106303393,1361841.6043587942
127.8,0.520991666666677,-1.4288089547768688,1.9418118572183816,-1.9498006214435457,1508253.3155335602
127.85,0.5932250000000295,-1.3293370088233283,2.036756780707029,-1.9225620088233577,1659351.2735024241
127.9,0.665458333333341,-1.2251668650874559,2.1296880653613868,-1.890625198420797,1814228.5022970906
127.95,0.737676616666674,-1.1164068814885222,2.2203001861150873,-1.8540834981551961,1971893.1665850764
128.0,0.809157450000006,-1.0031809631472282,2.308266896368215,-1.8123384131472342,2131238.4259477407
128.05,0.880638283333358,-0.8856295487129603,2.3932736025255488,-1.7662678320463183,2291103.414618247
128.1,0.9521191166666694,-0.7639075223132668,2.4750464793566342,-1.7160266389799361,2450342.029990268
128.15,1.02271690000002,-0.638183859359975,2.553283245973245,-1.6609007593599951,2607702.133667068
128.2,1.09209523333337,-0.5086438770030236,2.6276407068903347,-1.6007391103363937,2761798.273802855
128.25,1.16147356666667,-0.37548931474507075,2.697827957381892,-1.5369628814117409,2911310.275052541
128.3,1.23085190000002,-0.2389343399000935,2.7636211181205286,-1.4697862399001136,3055040.673808704
128.35,1.2962482222222198,-0.09920688568112765,2.8246353346971707,-1.3954551079033475,3191425.909607919
128.4,1.36077044444445,0.043442880057211836,2.8804725367721704,-1.3173275643872382,3318848.814039481
128.45,1.42529266666668,0.1887508088695351,2.930937982576691,-1.236541857797145,3436158.983084289
128.5,1.48746516666666,0.33644314744350184,2.9757937392851903,-1.1510220192231582,3542139.3515075743
128.55,1.54130683333334,0.48622680703027876,3.014449983997103,-1.0550800263030613,3634763.4824080537
128.6,1.59514849999998,0.6377775394888483,3.0464719058765977,-0.9573709605111318,3712396.4293181556
128.65,1.64899016666666,0.7907631820729,3.0718468631495552,-0.85822698459376,3774497.2602567053
128.7,1.69196116666667,0.9448431761116807,3.0900823118459337,-0.7471179905549894,3819443.4775932445
128.75,1.7282695,1.099639854734914,3.1004272345026416,-0.6286296452650859,3845059.6145782787
128.8,1.76457783333334,1.2547514128961867,3.102704879265917,-0.5098264204371532,3850711.0271282117
128.85,1.8004700555555484,1.4097785635338458,3.097077542376457,-0.3906914920217026,3836755.7213970385
128.9,1.81597283333334,1.5643142943037744,3.0827630919210764,-0.2516585390295656,3801371.312364318
128.95,1.83147561111112,1.7178989073134816,3.059092624945083,-0.11357670379763829,3743219.075197359
129.0,1.84697838888889,1.8700739102744346,3.0264450101357134,0.023095521385544604,3663747.7597501436
129.05,1.85285033333333,2.0203929316372675,2.9847723203194465,0.16754259830393758,3563546.3216580534
129.1,1.8454225555555601,2.1683903246524863,2.9334551628101906,0.32296776909692615,3442063.6768871048
129.15,1.83799477777778,2.3135767795013384,2.8724394629772294,0.47558200172355836,3300363.387387566
129.2,1.830567,2.4554833667296325,2.802370663233382,0.6249163667296325,3141312.5336604416
129.25,1.80320530726257,2.5936584264835805,2.722983023487612,0.7904531192210105,2965854.618480695
129.3,1.77146787709497,2.7276203423113627,2.6339179319771246,0.9561524652163929,2775009.4689562614
129.35,1.739730446927377,2.856900053367774,2.5358431931357854,1.117169606440397,2572200.2800692385
129.4,1.703232,2.9810658013820492,2.4294380338968113,1.2778338013820492,2360867.6642177617
129.45,1.65165699999999,3.099705509725373,2.3147362864908057,1.4480485097253832,2143201.630398898
129.5,1.60008200000001,3.2124067403919976,2.192071890762521,1.6123247403919876,1922071.6697084694
129.55,1.548507,3.3187971436040136,2.0624721748682147,1.7702901436040135,1701516.5888422495
129.6,1.4894404444444576,3.4185498120788105,1.9266238235963735,1.929109367634353,1484751.743059644
129.65,1.42615988888888,3.5113640599008624,1.7850459994732186,2.0852041710119824,1274555.6880941368
129.7,1.36287933333331,3.5969727382364787,1.6385642196755863,2.2340934049031684,1073957.0808004253
129.75,1.29933066298341,3.6751544469543727,1.4881165673898926,2.3758237839709624,885796.3672561107
129.8,1.22934723756904,3.7457289731358707,1.3343419325635881,2.5163817355668305,712187.3571990124
129.85,1.1593638121547,3.8085435477301313,1.1778575262720448,2.649179735575431,554939.3408782802
129.9,1.08938038674032,3.8634829045279004,1.0194595860117965,2.7741025177875804,415719.1390045375
129.95,1.01688572067037,3.9104683059371443,0.8597863014532704,2.893582585266774,295692.99366667756
130.0,0.940923150837993,3.9494481226123783,0.6993053523892908,3.0085249717743854,195611.19035212407
130.05,0.864960581005574,3.9803937697595018,0.5385160288716384,3.1154331887539275,115999.80534067171
130.1,0.7889980111731978,4.003303673579751,0.3779596350576626,3.214305662406553,57141.3942931686
130.15,0.7109474,4.0182005069183475,0.21804650323899252,3.3072531069183473,19017.71102990079
130.2,0.632499066666652,4.025124764474393,0.05911623569262048,3.392625697807741,1397.891728986182
130.25,0.554050733333348,4.024134176820797,-0.09849476814696134,3.4700834434874492,3880.487740929468
130.3,0.475715799999997,4.015302113039925,-0.254499587208326,3.539586313039928,25908.015955683335
130.35,0.397739966666681,3.9987149773440267,-0.4086620010885731,3.6009750106773457,66801.85245348676
130.4,0.319764133333321,3.9744696487873683,-0.560803036319982,3.6547055154540473,125800.0182182844
130.45,0.24178829999996,3.9426704617288033,-0.7107992431264302,3.700882161728843,202094.22561164238
130.5,0.165904768888875,3.903427658171647,-0.8585218961419803,3.737522889282772,294823.93846208847
130.55,0.0911981577777495,3.8568581182981427,-1.0038556165819807,3.7656599605203933,403090.4395772755
130.6,0.016491546666666773,3.8030826164183114,-1.14675938195351,3.7865910697516445,526022.8320393586
130.65,-0.0580463577777911,3.7422227377633623,-1.2872305752860724,3.8002690955411533,662785.0215805252
130.7,-0.128535302222249,3.6744013788524503,-1.4251934643033684,3.802936681074699,812470.5642772146
130.75,-0.199024246666667,3.5997462643205447,-1.5605840912120104,3.798770510987212,974169.0822976064
130.8,-0.269513191111124,3.5183855638569623,-1.6934189592737958,3.7878987549680865,1147067.1086511784
130.85,-0.33773733333331935,3.43044762385853,-1.8236583036922354,3.7681849571918495,1330291.8434502566
130.9,-0.403079,3.3360648509037234,-1.9511902128047396,3.7391438509037234,1522857.2986180019
130.95,-0.468420666666679,3.2353750409558137,-2.075935272934707,3.7037957076224926,1723802.9029657987
131.0,-0.533762333333321,3.1285183697722854,-2.1978570147480774,3.6622807031056066,1932230.1829109322
131.05,-0.593987933333341,3.015639253745877,-2.316783229224941,3.609627187079218,2146993.8124871776
131.1,-0.653239044444439,2.8968935739589754,-2.4324971901886374,3.5501326184034143,2366817.0321102464
131.15,-0.712490155555571,2.7724450944806933,-2.544877002633132,3.4849352500362643,2590559.5834123977
131.2,-0.769928466666696,2.6424641869752024,-2.6537573729175614,3.4123926536418985,2816971.277725727
131.25,-0.821626244444454,2.5071333013550086,-2.7588001463471814,3.3287595457994623,3044391.298994092
131.3,-0.873324022222242,2.3666534177161416,-2.859687628010572,3.2399774399383836,3271125.331918693
131.35,-0.925021799999997,2.221236891212308,-2.9562334091843856,3.146258691212305,3495726.3878311743
131.4,-0.971324911111119,2.071108482616164,-3.048073912851284,3.042433393727283,3716301.8312818147
131.45,-1.01459352222224,1.9165158793695252,-3.1347309973515642,2.9311094015917654,3930615.370302693
131.5,-1.05786213333333,1.7577273220947207,-3.215871491284345,2.815589455428051,4136731.779382159
131.55,-1.10079611111112,1.5950249405432364,-3.291239297992778,2.6958210516543564,4332902.446660798
131.6,-1.13569888888888,1.4287085540141582,-3.360297042232157,2.564407442903038,4516638.484813673
131.65,-1.17060166666667,1.2591092134502169,-3.422516786121128,2.429710880116887,4685448.460512358
131.7,-1.20550444444445,1.0865747711898741,-3.477663734966958,2.292079215634324,4837658.021401733
131.75,-1.23703388888889,0.9114664558983807,-3.5253948744972146,2.148500344787271,4971363.608452492
131.8,-1.26427000000001,0.7341670325188544,-3.5652226420150153,1.9984370325188645,5084324.99485461
131.85,-1.2915061111111101,0.5550813096729911,-3.5968253899512215,1.8465874207841013,5174861.154319103
131.9,-1.31874222222223,0.37462337185573225,-3.6200976912425844,1.6933655940779624,5242042.917655956
131.95,-1.34018700000001,0.19321554430824986,-3.6347322771764765,1.53340254430826,5284511.490699397
132.0,-1.36052866666667,0.011299174508981075,-3.640427701660064,1.371827841175651,5301085.540405591
132.05,-1.38087033333334,-0.17067833674708152,-3.637192379696424,1.2101919965862586,5291667.362768694
132.1,-1.399411999999997,-0.3522717263561973,-3.6250594467008987,1.0471402736437998,5256422.396846171
132.15,-1.41225366666667,-0.5330330577158916,-3.603856022776331,0.8792206089507785,5195111.2931604935
132.2,-1.42509533333334,-0.7125057142454451,-3.5735580872987778,0.712589619087895,5108126.9613194
132.25,-1.437937,-0.8902422848550062,-3.5344673273572456,0.5476947151449938,4996983.715262349
132.3,-1.445168,-1.0658072793166085,-3.48666920050929,0.37936072068339155,4862744.845512036
132.35,-1.4492430000000003,-1.2387639755374897,-3.430159606490792,0.21047902446251054,4706397.970400427
132.4,-1.453318,-1.4086834620880326,-3.365264871676526,0.044634537911967476,4530003.062616009
132.45,-1.45702233333333,-1.5751591334688921,-3.2924916565438425,-0.11813680013556205,4336200.523364327
132.5,-1.45183066666667,-1.7378031939370295,-3.211955374026933,-0.2859725272703595,4126662.929896198
132.55,-1.446639,-1.896228542791627,-3.123852235060774,-0.449589542791627,3903381.1145976773
132.6,-1.4414473333333278,-2.050073399868185,-3.028848432319278,-0.6086260665348573,3669569.1303851795
132.65,-1.43249733333333,-2.199006795471882,-2.927450180977704,-0.766509462138552,3427985.8248425564
132.7,-1.41876399999999,-2.342716955321181,-2.8199651406650106,-0.9239529553211911,3180881.3578263335
132.75,-1.40503066666666,-2.4809104788401104,-2.706909447871103,-1.0758798121734503,2930943.5035895356
132.8,-1.39129733333333,-2.6133274677304836,-2.5890264709159707,-1.2220301343971536,2681223.2268414423
132.85,-1.3712919999999993,-2.739740088712658,-2.466761419744555,-1.3684480887126587,2433964.7607760695
132.9,-1.350092,-2.8599372471706515,-2.340512827985402,-1.5098452471706514,2191200.1191856894
132.95,-1.32889199999999,-2.9737361751874927,-2.2109498796960017,-1.6448441751875027,1955319.7482111056
133.0,-1.30602733333333,-3.080987282859322,-2.0786874344653796,-1.774959949525992,1728376.5800817048
133.05,-1.27789122222222,-3.181565940515991,-1.9440849274303176,-1.9036747182937708,1511786.4820246974
133.1,-1.24975511111112,-3.27536370976492,-1.8075552329669908,-2.0256085986538004,1306902.368090541
133.15,-1.221619,-3.3622992940219185,-1.6696920427784736,-2.1406802940219185,1115148.6070871009
133.2,-1.18904733333333,-3.4423168590900315,-1.5308637038278332,-2.2532695257567017,937417.4718789888
133.25,-1.15398066666667,-3.515373671792004,-1.3913133849763815,-2.361393005125334,774301.1740857747
133.3,-1.118914,-3.5814426437042552,-1.2514266914632244,-2.462528643704255,626427.5056426369
133.35,-1.0835759444444562,-3.6405178452701095,-1.1116273157842291,-2.5569419008256533,494286.11567906005
133.4,-1.04172455555556,-3.692609279109021,-0.9720612363591605,-2.6508847235534607,377961.2188928399
133.45,-0.999873166666653,-3.737730208217574,-0.8328666523315614,-2.737857041550921,277466.7442263928
133.5,-0.958021777777774,-3.7759077294234733,-0.6943763995671103,-2.8178859516456995,192863.43371031326
133.55,-0.913418188888871,-3.807182897472618,-0.5567871736197727,-2.8937647085837472,124004.78268299797
133.6,-0.8653118,-3.83160238185734,-0.42015234561167997,-2.96629058185734,70611.19740919862
133.65,-0.817205411111102,-3.8492160802470368,-0.2845918049910211,-3.0320106691359348,32396.998187218956
133.7,-0.769099022222204,-3.860082775127751,-0.15030154569639925,-3.0909837529055473,9036.221855490718
133.75,-0.716587530726256,-3.864267897066799,-0.01730971839378448,-3.147680366340543,119.8505403488483
133.8,-0.663236972067026,-3.861835178657009,0.11439823751293215,-3.198598206589983,5234.782698426095
133.85,-0.6098864134078265,-3.852851067910616,0.2447285160896462,-3.2429646545027895,23956.818634976084
133.9,-0.55562780555555,-3.8373864242553615,0.37361451387846556,-3.2817586186998113,55835.121992256856
133.95,-0.498784749999984,-3.815513317031892,0.5010794650503894,-3.316728567031908,100432.25211807374
134.0,-0.44194169444445,-3.7873020696108393,0.6271301277621422,-3.3453603751663894,157316.8788587843
134.05,-0.385098638888884,-3.7528247908281323,0.7517125425302811,-3.367726151939248,226028.69863893584
134.1,-0.3264079500000164,-3.712155245369761,0.8748295917702894,-3.3857472953697445,306130.72585478844
134.15,-0.266765450000006,-3.665365802809928,0.9965087867970922,-3.398600352809922,397211.904865525
134.2,-0.207122949999994,-3.612528736746599,1.1167261908302502,-3.405405786746605,498830.95411449607
134.25,-0.14735333333335,-3.553718350195744,1.235433904973816,-3.406365016862394,610518.7734235409
134.3,-0.0855922222222177,-3.489010515462828,1.3526315311198778,-3.4034182932406103,731844.823591882
134.35,-0.023831111111120212,-3.418480574499815,1.4683067797455005,-3.3946494633886948,862369.9197786406
134.4,0.0379300000000122,-3.342206407307703,1.5823880900317862,-3.3801364073077154,1001580.8269897777
134.45,0.100266622222252,-3.260269395829595,1.6948117763681751,-3.360536018051847,1148954.7829264998
134.5,0.16327884444445,-3.1727537712618585,1.8055231398602034,-3.3360326157063085,1303965.5234282592
134.55,0.226291066666685,-3.0797469605184458,1.9144419461580346,-3.3060380271851306,1466035.1860837452
134.6,0.2893032888888832,-2.9813412739390914,2.021458996271905,-3.2706445628279748,1634518.5894434468
134.65,0.352679338888895,-2.877634608835843,2.126463140305068,-3.230313947724738,1808738.1948304363
134.7,0.416114616666685,-2.768730559565127,2.229331181197782,-3.184845176231812,1987967.0061842788
134.75,0.479549894444438,-2.6547395595128553,2.3299148720126053,-3.1342894539572934,2171401.324330206
134.8,0.542600588888895,-2.5357800906970422,2.428037168460905,-3.078380679585937,2358145.7965710596
134.85,0.604556699999982,-2.4119806318838464,2.5234717794922075,-3.0165373318838284,2547163.9287574273
134.9,0.666512811111105,-2.283481541930363,2.6159883125050127,-2.949994353041468,2737357.9404651294
134.95,0.728468922222228,-2.1504339560701435,2.705375264581005,-2.8789028782923713,2927622.1288826973
135.0,0.787994583333323,-2.0130012318764363,2.791329089927043,-2.800995815209759,3116607.2353091734
135.05,0.846268194444454,-1.8713641878701532,2.873494497762515,-2.717632382314607,3302788.2514685798
135.1,0.9045418055555527,-1.7257196194732474,2.951589907118527,-2.6302614250288,3484753.1919215824
135.15,0.962434850000015,-1.576277282604043,3.0253606426377235,-2.538712132604058,3661122.807208536
135.2,1.01436568333336,-1.4232634660456718,3.0943373592527252,-2.437629149379032,3829969.477146852
135.25,1.06629651666667,-1.266930951679031,3.1580706790225355,-2.333227468345701,3989364.165480743
135.3,1.11822735000001,-1.1075474822678273,3.2163400061934686,-2.2257748322678372,4137937.214176241
135.35,1.1661713888888774,-0.9453940638889665,3.2687837666161323,-2.111565452777844,4273978.925157259
135.4,1.20943527777778,-0.7807750592145363,3.3148716847473607,-1.990210336992316,4395349.714535922
135.45,1.25269916666668,-0.6140186666393248,3.354254780542255,-1.8667178333060048,4500410.053116228
135.5,1.29596305555555,-0.4454635621414784,3.386800489520011,-1.7414266176970283,4588167.0223251935
135.55,1.33026622222223,-0.27546072746685735,3.412021485882758,-1.6057269496890871,4656756.248050234
135.6,1.36311066666666,-0.10439205939945162,3.429405561856614,-1.4675027260661115,4704329.003077232
135.65,1.39595511111111,0.06734777505480591,3.4388682308929504,-1.328607336056304,4730325.883777924
135.7,1.42569255555556,0.2393607263740699,3.4402907490976222,-1.1863318291814902,4734240.1753306715
135.75,1.446587,0.41123485025525786,3.433196086316846,-1.0353521497447422,4714734.146840523
135.8,1.46748144444445,0.5825337835751179,3.417310610483245,-0.8849476608693321,4671204.723408547
135.85,1.4883758888888852,0.7528225564697377,3.3928260686331,-0.7355533324191474,4604507.492798534
135.9,1.50041716666667,0.9216700940664586,3.359567156472615,-0.5787470726002113,4514676.591539797
135.95,1.50789772222223,1.0886276334447023,3.31721297374488,-0.4192700887775278,4401560.76527254
136.0,1.51537827777778,1.2532426815570452,3.2659384349396707,-0.2621355962207348,4266541.544326474
136.05,1.52195516666666,1.415079569951649,3.206151536061405,-0.10687559671501101,4111763.0688755624
136.1,1.51437461111111,1.5737121445110391,3.137627693931384,0.05933753339992909,3937883.01829007
136.15,1.50679405555556,1.7286951839955114,3.060276073388886,0.22190112843995147,3746115.8581426
136.2,1.4992135,1.879603523916666,2.974751718784075,0.380390023916666,3539659.115363523
136.25,1.484379,2.0260397686243756,2.8813943443180197,0.5416607686243757,3320973.346987148
136.3,1.461029,2.1676121496892637,2.7801907728967437,0.7065831496892638,3091784.293480077
136.35,1.43767900000001,2.3039347333412543,2.671540079671673,0.8662557333412444,2854850.558916852
136.4,1.414329,2.434655856478319,2.556270347307281,1.0203268564783192,2613807.2354089953
136.45,1.37843733333332,2.5594555904861207,2.4346324010955063,1.1810182571528007,2370973.971385628
136.5,1.340504,2.6780164521947554,2.306834817094866,1.3375124521947555,2128594.749344441
136.55,1.30257066666665,2.790049876583168,2.1736834497664774,1.4874792099165182,1889959.8959154775
136.6,1.2617744444444354,2.8953081378392356,2.0359310641080732,1.6335336933948001,1658006.1191200926
136.65,1.21282999999999,2.993572768738265,1.8939659397952748,1.7807427687382749,1434842.7924418396
136.7,1.16388555555553,3.0846433011387813,1.7483120867088933,1.9207577455832512,1222638.061012962
136.75,1.11494111111111,3.1683566451747835,1.599815134754808,2.0534155340636735,1023763.3861562177
136.8,1.06048456666665,3.2445870602711913,1.449051442432889,2.1841024936045415,839900.0331267345
136.85,1.00318845555556,3.313231399543978,1.2964617596923693,2.3100429439884183,672325.237737854
136.9,0.945892344444439,3.3742133128139806,1.1426729014809989,2.4283209683695417,522280.5439116018
136.95,0.888229399999982,3.4274898422121187,0.9883494134643684,2.5392604422121368,390733.82523814443
137.0,0.824819400000006,3.4730459979424655,0.8338884665399305,2.6482265979424593,278147.98985132674
137.05,0.761409399999994,3.5108826709029834,0.6796624012585839,2.7494732709029894,184776.39187383372
137.1,0.6979994000000171,3.5410248655308796,0.5261900035503395,2.8430254655308627,110750.36793452252
137.15,0.633040733333335,3.56352096420435,0.37387180816901655,2.930480230871015,55912.05157742797
137.2,0.566264066666645,3.578436096099975,0.2229934783929089,3.01217202943333,19890.43656230749
137.25,0.499487399999993,3.5858491148534406,0.07383992696556838,3.0863617148534477,2180.9339257121887
137.3,0.432710733333303,3.585853680548638,-0.07330117861883481,3.153142947215335,2149.22511476413
137.35,0.36605159999999404,3.578556565590492,-0.21819089693518742,3.2125049655904983,19042.90700215263
137.4,0.299411599999981,3.564075372913824,-0.3606360302774461,3.2646637729138432,52023.33853371002
137.45,0.232771599999968,3.5425362395555577,-0.5004865318609129,3.3097646395555897,100194.70742966581
137.5,0.167082571666661,3.514072352170671,-0.6376009454893234,3.34698978050401,162613.9862755517
137.55,0.104100154999982,3.478824811353927,-0.771797230841047,3.374724656353945,238268.38621356335
137.6,0.04111773833333929,3.436943374193704,-0.9029499208243618,3.3958256358603647,326127.42380668846
137.65,-0.0218646783333393,3.388581120662971,-1.0310254715363112,3.41044579899631,425205.40918266913
137.7,-0.0807114480447098,3.3338942490245653,-1.1558970058706037,3.414605697069275,534439.1552722506
137.75,-0.137427732960891,3.2730475724934998,-1.2774002204895296,3.4104753054543906,652700.5293226796
137.8,-0.194144017877104,3.206211129650631,-1.395489754851421,3.4003551475277347,778956.6623581116
137.85,-0.25018697777776455,3.1335555741293577,-1.5101610928366125,3.3837425519071225,912234.6105269887
137.9,-0.2984867,3.055255476173845,-1.6212057284728147,3.353742176173845,1051323.205613228
137.95,-0.346786422222231,2.9714985780464316,-1.728435771111943,3.318285000268663,1194996.0859437347
138.0,-0.395086144444435,2.8824752775160074,-1.8318629955691654,3.2775614219604425,1342288.8138142545
138.05,-0.438895215469616,2.788377711691057,-1.9313640435212227,3.227272927160673,1492066.8274426588
138.1,-0.47783941436463395,2.6894088542653956,-2.026665810372645,3.1672482686300296,1642949.7227733638
138.15,-0.516783613259674,2.5857837893778832,-2.117607534255706,3.102567402637557,1793704.6676546123
138.2,-0.555727812154714,2.4777213560773457,-2.2041533915157334,3.0334491682320595,1943316.8693321238
138.25,-0.586608527777781,2.3654467032161257,-2.2860033573153684,2.9520552309939068,2090324.5398628546
138.3,-0.616176583333342,2.2492052261582813,-2.362800476031056,2.8653818094916232,2233130.435813034
138.35,-0.6457446388888847,2.1292528289252615,-2.434426883118555,2.774997467814146,2370573.6997001288
138.4,-0.672910553072628,2.0058514446005673,-2.500718694718984,2.6787619976731953,2501437.596046808
138.45,-0.693239603351962,1.879276646993196,-2.5612691673494625,2.572516250345158,2624039.899046004
138.5,-0.713568653631284,1.7498256499770506,-2.6157527203447817,2.4633943036083346,2736864.91759645
138.55,-0.733897703910618,1.6178038106739536,-2.664090756899167,2.3517015145845717,2838951.8243982308
138.6,-0.7485131333333295,1.4835237456900496,-2.7059992601161817,2.2320368790233793,2928972.7982997294
138.65,-0.7604398,1.3473172855186273,-2.74110476522371,2.107757085518627,3005462.1335728522
138.7,-0.772366466666669,1.2095288957327255,-2.76927389720829,1.9818953623993945,3067551.167103676
138.75,-0.783768844444444,1.0705059145883666,-2.79048317077506,1.8542747590328106,3114718.5305515327
138.8,-0.789141900000001,0.9306007670126029,-2.804482588425299,1.719742667012604,3146049.0355122657
138.85,-0.794514955555555,0.7901811099604015,-2.8110761458234506,1.5846960655159563,3160859.6390470504
138.9,-0.799888011111113,0.6496150689796085,-2.810356031453876,1.4495030800907216,3159240.4094116716
138.95,-0.803085466666667,0.5092669615861436,-2.8023500283685228,1.3123524282528107,3141266.272598824
139.0,-0.803926022222222,0.36950225787268226,-2.787013955782401,1.1734282800949043,3106978.7158903475
139.05,-0.804766577777778,0.23068624846798036,-2.7644381645891953,1.0354528262457583,3056847.3463349114
139.1,-0.8056071333333317,0.09317525486658793,-2.7348547177556606,0.8987823881999196,2991772.1308921576
139.15,-0.803993955555555,-0.04268488925387179,-2.6984126306846807,0.7613090663016832,2912572.2901754477
139.2,-0.802046177777777,-0.17655449735519838,-2.655281016369331,0.6254916804225786,2820206.9103565384
139.25,-0.8000984,-0.3081067753911415,-2.6057774436134427,0.4919916246088585,2716030.4342578435
139.3,-0.797670422222222,-0.4370316678401308,-2.5502403458075853,0.36063875438209114,2601490.328553917
139.35,-0.794007644444445,-0.5630353162026123,-2.488974502815148,0.23097232824183278,2477997.630265565
139.4,-0.790344866666667,-0.6858395109818513,-2.422332682318272,0.10450535568481578,2347078.2495308938
139.45,-0.786682088888888,-0.805186156937121,-2.3507453791642274,-0.018504068048233013,2210401.535064787
139.5,-0.782139088888889,-0.9208382823188729,-2.2746121259474785,-0.13869919342998394,2069544.129402923
139.55,-0.777181866666665,-1.0325780869689256,-2.194321557156393,-0.2553962203022606,1926018.838480503
139.6,-0.7722246444444439,-1.1402084087493964,-2.1103084535399628,-0.3679837643049525,1781360.7076328918
139.65,-0.767147377777775,-1.2435543284096437,-2.023018056258969,-0.4764069506318688,1637040.822379927
139.7,-0.760689599999996,-1.3424617864000439,-1.9328209673382488,-0.5817721864000479,1494318.7567129456
139.75,-0.754231822222221,-1.4367941475770587,-1.840085687664038,-0.6825623253548377,1354366.1351784142
139.8,-0.747774044444442,-1.5264350882211637,-1.745232699429587,-0.7786610437767217,1218334.8700633133
139.85,-0.7401983999999994,-1.6112879687676531,-1.6486112871147738,-0.8710895687676538,1087167.6704008924
139.9,-0.731411733333332,-1.6912713855773196,-1.550498499934724,-0.9598596522439876,961618.2393199317
139.95,-0.722625066666663,-1.7663182512961364,-1.4512098763870231,-1.0436931846294732,842404.0421292955
140.0,-0.7138384,-1.8363786916092444,-1.3510985869385284,-1.1225402916092444,730186.9566509152
140.05,-0.701798911111109,-1.9014174779239528,-1.2503484625996568,-1.1996185668128438,625348.5111701302
140.1,-0.689315855555558,-1.9614055152437533,-1.149115399884614,-1.2720896596881954,528186.4809007904
140.15,-0.6768328,-2.0163258575876766,-1.0476910163258109,-1.3394930575876765,439062.5862759242
140.2,-0.662923611111108,-2.0661752534842064,-0.9463034514506801,-1.4032516423730983,358196.08889098786
140.25,-0.645347222222226,-2.1109576722034804,-0.8450031899057876,-1.4656104499812543,285612.1563803826
140.3,-0.627770833333333,-2.1506788832469135,-0.7438997550808076,-1.5229080499135805,221354.73824371427
140.35,-0.6101944444444487,-2.185355237105168,-0.6432497966279485,-1.5751607926607192,165508.12034475882
140.4,-0.588568088888891,-2.215012424103127,-0.5431125408221358,-1.6264443352142361,117988.49279931045
140.45,-0.565035866666661,-2.239674567380115,-0.44345837080489764,-1.6746387007134538,78662.13065477363
140.5,-0.541503644444443,-2.2593686483525026,-0.34442551966880686,-1.7178650039080596,47451.57543965106
140.55,-0.517473755555544,-2.2741305289525586,-0.246195510139472,-1.7566567733970146,24244.89168513394
140.6,-0.4877207,-2.2840003055438896,-0.1486914127380815,-1.7962796055438894,8843.654488818604
140.65,-0.457967644444439,-2.2890109272793326,-0.05186114240707623,-1.8310432828348937,1075.8312367068163
140.7,-0.428214588888878,-2.2892007335277227,0.04411175061237117,-1.8609861446388447,778.3386168352114
140.75,-0.395672333333333,-2.2846149714079904,0.13917220175907224,-1.8889426380746575,7747.560696987164
140.8,-0.360108444444438,-2.2752975483757987,0.23339108580136003,-1.9151891039313607,21788.559572615122
140.85,-0.324544555555562,-2.261290743493553,0.3267181907543301,-1.9367461879379912,42697.910467913134
140.9,-0.288980666666667,-2.242643475696862,0.41898151162861863,-1.953662809030195,70218.20283464092
140.95,-0.248930244444437,-2.219410030054993,0.5101986800421066,-1.970479785610556,104121.07724668314
141.0,-0.20826802222223,-2.1916404740670585,0.6004047456055469,-1.9833724518448286,144194.34341826462
141.05,-0.1676058,-2.1593889254582903,0.6894496517923555,-1.9917831254582903,190136.3289426401
141.1,-0.1257727733333463,-2.122716902170191,0.7772118403897403,-1.9969441288368448,241623.29793680288
141.15,-0.0809291066666661,-2.0816890606496448,0.863695478269203,-2.000759953982979,298387.95167306694
141.2,-0.0360854399999839,-2.0363694495577462,0.948854561572491,-2.0002840095577623,360129.9916067697
141.25,0.0087582266666728,-1.9868284451362948,1.0325243571664333,-1.9955866718029676,426442.6192567825
141.3,0.0556678156424771,-1.9331430807004433,1.1146309107097172,-1.9888108963429203,496960.82684382936
141.35,0.10354960335195698,-1.8753919838755073,1.1951405481686141,-1.9789415872274643,571344.3719507102
141.4,0.151431391061465,-1.813657615974848,1.2739357064899626,-1.9650890070363132,649164.873708032
141.45,0.199393895027647,-1.7480295211277388,1.3508651930037447,-1.9474234161553858,729934.7078676178
141.5,0.248082845303871,-1.678604185578531,1.425809945222167,-1.926687030882402,813173.5999577757
141.55,0.296771795580122,-1.6054836603504425,1.4986472943197824,-1.9022554559305647,898377.4851088019
141.6,0.3454607458563448,-1.5287771294936798,1.569224814039237,-1.8742378753500246,984986.6067985912
141.65,0.393934066666667,-1.448601529229736,1.6373819100499942,-1.8425355958964031,1072407.807743587
141.7,0.442173788888898,-1.3650820991397972,1.7029499972340232,-1.807255888028695,1160015.4772317437
141.75,0.490413511111102,-1.2783522991720864,1.765772573722012,-1.7687658102831882,1247181.1128435433
141.8,0.538653233333333,-1.1885529896856866,1.825707037882036,-1.7272062230190195,1333282.475268799
141.85,0.5842756888888778,-1.095833894577534,1.88250476251206,-1.680109583466412,1417529.6723522348
141.9,0.629541244444449,-1.0003589929076706,1.9359147451277277,-1.6299002373521196,1499106.3601611818
141.95,0.674806800000021,-0.9023010085344702,1.9858104692915353,-1.5771078085344912,1577377.2879791472
142.0,0.718482811111119,-0.8018393618714021,2.0320225301450368,-1.5203221729825211,1651646.225206815
142.05,0.758071422222237,-0.6991657467059483,2.074216745464985,-1.4572371689281853,1720950.0428669418
142.1,0.797660033333333,-0.5944887066147189,2.112150898100951,-1.3921487399480519,1784472.5665394617
142.15,0.837248644444452,-0.4880224248675789,2.145779984245084,-1.3252710693120309,1841748.6963147337
142.2,0.87122417318437,-0.37998723519263733,2.1748191249417816,-1.2512114083770074,1891935.2904850147
142.25,0.902558251396649,-0.27062336506822,2.1988883694284826,-1.173181616464869,1934044.0244831406
142.3,0.933892329608947,-0.16018293563237523,2.21788622677872,-1.0940752652413221,1967607.7259738988
142.35,0.9641365277777704,-0.04891952167468469,2.2317982661091853,-1.013056049452455,1992369.4002431862
142.4,0.984571805555557,0.06290454313870728,2.2401716478740727,-0.9216672624168497,2007347.6047755352
142.45,1.00500708333334,0.17499927493315495,2.242643888932396,-0.8300078084001851,2011780.645026328
142.5,1.02544236111111,0.2870726259041825,2.2393386998255664,-0.7383697352069276,2005855.1250145833
142.55,1.03976138888889,0.39883439679384747,2.2301105667371424,-0.6409269920950424,1989357.2559490632
142.6,1.04796416666666,0.5099782726132078,2.2145599466799704,-0.5379858940534521,1961710.3029756774
142.65,1.05616694444444,0.6201839570807803,2.1926244337257796,-0.4359829873636596,1923040.7629485182
142.7,1.06436972222222,0.7291386454384146,2.164565752028354,-0.33523107678380537,1874137.9579416292
142.75,1.06094,0.8365338671857598,2.130110315858283,-0.22440613281424016,1814947.9830903495
142.8,1.05621777777778,0.942038407618022,2.0889799827788775,-0.11417937015975788,1745534.947380336
142.85,1.0514955555555578,1.0453260341770354,2.0415005280826755,-0.006169521378522447,1667089.762464737
142.9,1.04291458333333,1.1460863579145106,1.987896186609088,0.10317177458118065,1580692.4994939817
142.95,1.0253298611111,1.244010528993779,1.9279866177607383,0.21868066788267915,1486852.9593057965
143.0,1.00774513888889,1.3387808736056532,1.8618283404524352,0.3310357347167632,1386561.9077247474
143.05,0.990160416666662,1.4300978246418834,1.7899374482676673,0.4399374079752214,1281550.4274843873
143.1,0.964270194444445,1.5176811421289877,1.7124393797591524,0.5534109476845428,1172979.451739964
143.15,0.93482047222222,1.6012481364325941,1.6293239066950809,0.6664276642103741,1061878.5571712484
143.2,0.905370749999992,1.6805268412517893,1.5410060177510012,0.7751560912517973,949879.8186979196
143.25,0.874907138888893,1.7552710341238413,1.4480250005739603,0.8803638952349483,838710.5609148872
143.3,0.835318527777774,1.825253464659051,1.3504925167080544,0.989934936881277,729532.0150737818
143.35,0.795729916666678,1.890247600952569,1.248597617792959,1.094517684285891,623598.4044633008
143.4,0.756141305555559,1.95005087221737,1.1429599584031216,1.193909566661811,522542.9866051462
143.45,0.712728666666658,2.0044884145472603,1.0340107350174794,1.2917597478806022,427671.28005255526
143.5,0.665492000000002,2.053401064567908,0.9220078866871918,1.387909064567906,340039.4172453526
143.55,0.618255333333319,2.0966455689424106,0.8073850044822752,1.4783902356090917,260748.21818513746
143.6,0.5710186666666607,2.1341057268178902,0.6907296439664998,1.5630870601512297,190842.97642163504
143.65,0.519571999999985,2.165690969420667,0.5724192106724424,1.646118969420682,131065.50109874479
143.7,0.467657555555531,2.1913258403284104,0.4527979120153227,1.7236682847728795,82010.37965017436
143.75,0.415743111111106,2.2109573428094182,0.33236886169182045,1.7952142316983122,44187.62408892658
143.8,0.363316749999985,2.2245570927088636,0.2115991408764878,1.8612403427088786,17909.67856786709
143.85,0.30969591666667196,2.2321180109531413,0.09087215989058149,1.9224220942864694,3303.0997772717633
143.9,0.256075083333328,2.233651301550983,-0.02943802142923045,1.9775762182176548,346.6388422671325
143.95,0.202454249999985,2.22918770079167,-0.14894136087015336,2.026733450791685,8873.411591141301
144.0,0.149319809722227,2.2187769173014407,-0.2672622325544854,2.069457107579214,28571.640380003133
144.05,0.0963938236111061,2.2024870697568093,-0.38404996537739533,2.1060932461457034,58997.750362551415
144.1,0.04346783750001508,2.1804025248239385,-0.4990036059540675,2.136934687323923,99601.83950206492
144.15,-0.0092255069444403,2.1526219064521848,-0.611847416282371,2.1618474133966252,149742.90432456523
144.2,-0.0598250763889025,2.1192585483124224,-0.7222475120544943,2.1790836247013248,208656.58746756276
144.25,-0.110424645833336,2.080442869787212,-0.8299063792005843,2.190867515620548,275497.8392951296
144.3,-0.161024215277798,2.0363168594616488,-0.9346298495474926,2.197341074739447,349413.1822660675
144.35,-0.20968525000000282,1.9870330496179929,-1.0361652432827306,2.196718299617996,429455.3645548642
144.4,-0.256407750000013,1.9327586172246507,-1.1342054666486576,2.1891663672246637,514568.8162302797
144.45,-0.303130250000022,1.8736742650819567,-1.2285413959651001,2.1768045150819786,603725.5846399508
144.5,-0.349852750000004,1.8099681815813162,-1.3190565103998897,2.1598209315813204,695964.0310513338
144.55,-0.391319000000012,1.741837477658136,-1.4054419092328303,2.133156477658148,790106.7840912093
144.6,-0.432201222222218,1.669497957367026,-1.4873907270391618,2.101699179589244,884932.4699528344
144.65,-0.473083444444448,1.5931737041089433,-1.5648228667108346,2.066257148553391,979468.2416724458
144.7,-0.511627166666676,1.5130932729476338,-1.6376003105428978,2.0247204396143097,1072693.9108360782
144.75,-0.544714388888886,1.4294970051175797,-1.7053794806437212,1.9742113940064656,1163327.6692002595
144.8,-0.577801611111114,1.342642435998212,-1.7679329196855407,1.920444047109326,1250234.7234031362
144.85,-0.6108888333333202,1.252790684770227,-1.8252688640933066,1.8636795181035473,1332642.570491388
144.9,-0.637255472222223,1.1602069285999148,-1.8771234605320866,1.7974624008221378,1409436.9944319825
144.95,-0.66074186111112,1.065175808613278,-1.9231308347573457,1.725917669724398,1479372.8830377941
145.0,-0.684228250000003,0.967992392764384,-1.9632260229368117,1.6522206427643868,1541702.5668545163
145.05,-0.706657638888895,0.8689513482628806,-1.9974334739575683,1.5756089871517756,1595896.1931544798
145.1,-0.719574027777779,0.7683535002996006,-2.02537535477647,1.4879275280773796,1640858.1310943647
145.15,-0.73249041666667,0.6665232708249955,-2.046750677640954,1.3990136874916654,1675675.3345694814
145.2,-0.745406805555562,0.563785539710998,-2.0617005369254358,1.3091923452665601,1700243.641583452
145.25,-0.75294375,0.46046171129207875,-2.0701423869148203,1.2134054612920788,1714195.800840556
145.3,-0.755101250000001,0.35688475265973185,-2.07177891155109,1.1119860026597328,1716907.1433391273
145.35,-0.75725875,0.2533975225020854,-2.0665944638310716,1.0106562725020853,1708325.0711748938
145.4,-0.75941625,0.15033468168881714,-2.0548485386016466,0.9097509316888172,1688961.006637329
145.45,-0.752346249999998,0.048024560384263476,-2.0363913413848453,0.8003708103842615,1658755.878106868
145.5,-0.744250972222223,-0.05318999056433779,-2.0110674900295584,0.6910609816578852,1617756.9797815152
145.55,-0.736155694444444,-0.1529729288304211,-1.9791887132852977,0.5831827656140228,1566875.1851183649
145.6,-0.7252697541899453,-0.25100372116801534,-1.9410023557976468,0.47426603302193,1506996.0580848057
145.65,-0.707872268156426,-0.34696732456858764,-1.8964669675338353,0.36090494358783837,1438634.7835787924
145.7,-0.690474782122902,-0.440546716995297,-1.8457096203657037,0.24992806512760501,1362657.601084204
145.75,-0.673077296089389,-0.5314422539743473,-1.7891901619159352,0.14163504211504174,1280480.5741987082
145.8,-0.650096199999997,-0.6193730027178314,-1.7271076640068541,0.03072319728216566,1193160.353228485
145.85,-0.624943700000003,-0.7040622656241626,-1.6595799511037168,-0.07911856562415964,1101682.2456421661
145.9,-0.599791199999994,-0.7852470403796249,-1.5870142834042846,-0.18545584037963092,1007445.734291686
145.95,-0.573944099999982,-0.8626878023297717,-1.5098946106116995,-0.28874370232978974,911912.6940617022
146.0,-0.543003266666661,-0.9361646094987596,-1.428461811786474,-0.3931613428320986,816201.2590929184
146.05,-0.512062433333322,-1.0054669498453501,-1.3430061403005054,-0.4934045165120281,721466.1971539443
146.1,-0.4811215999999991,-1.070407154861225,-1.2540652983080922,-0.5892855548612259,629071.9089682257
146.15,-0.448731779005519,-1.1308230640212455,-1.1620986101610946,-0.6820912850157266,540189.2718953391
146.2,-0.415004430939215,-1.1865730766842721,-1.067494438921772,-0.7715686457450571,455817.7508515635
146.25,-0.38127708287293,-1.2375360441486207,-0.9707007642054931,-0.8562589612756908,376903.98945165135
146.3,-0.347549734806627,-1.2836149106168484,-0.8722106352871118,-0.9360651758102214,304300.5569231789
146.35,-0.313502586592188,-1.324736438140084,-0.7724783107295679,-1.011233851547896,238689.0962190427
146.4,-0.279419905027934,-1.3608491943527716,-0.6719309008059925,-1.0814292893248376,180596.454183181
146.45,-0.245337223463681,-1.3919228812625646,-0.5709823205123382,-1.1465856577988836,130408.3241350618
146.5,-0.212060288888893,-1.4179478224055786,-0.4700549140848835,-1.2058875335166857,88380.64890213888
146.55,-0.18049556666666,-1.4389365472570375,-0.36961520161254685,-1.2584409805903776,54646.15890523347
146.6,-0.14893084444444493,-1.4549240470122136,-0.27005545462594,-1.3059932025677687,29171.97942928925
146.65,-0.117366122222212,-1.4659615175408243,-0.17165902160561458,-1.3485953953186123,11786.72787943874
146.7,-0.0886273839999843,-1.4721157646484935,-0.07480885197857846,-1.3834883806485092,2238.545733741145
146.75,-0.0609876395555503,-1.4734748338902173,0.020097581631151676,-1.412487194334667,161.5651149683221
146.8,-0.0333478951111006,-1.470142441687796,0.11281965966585882,-1.4367945465766954,5091.310242848084
146.85,-0.006224286000002115,-1.4622325131216742,0.2031647763250584,-1.456008227121672,16510.3705356844
146.9,0.0171143306666711,-1.4498712724036589,0.29079372542415605,-1.4669856030703299,33824.39629842378
146.95,0.0404529473333422,-1.4332032046659966,0.3754203679623235,-1.4736561519993387,56376.18107238654
147.0,0.063791564,-1.4123809123692608,0.4569479215136881,-1.4761724763692607,83520.56119027187
147.05,0.0851044744444481,-1.3875629283347217,0.5352064168698243,-1.4726674027791697,114578.36346345444
147.1,0.10454750222221895,-1.3589186316564499,0.6099651115518852,-1.4634661338786688,148822.9749242015
147.15,0.12399053,-1.326626738636851,0.6811060251891234,-1.450617268636851,185562.16701957074
147.2,0.143433557777781,-1.2908686542837542,0.7486108864087007,-1.4343022120615352,224167.3036998482
147.25,0.160199666666666,-1.251828334917335,0.8123564861499097,-1.412028001584001,263969.2242359314
147.3,0.176733000000005,-1.2096975797772236,0.8722289551663543,-1.3864305797772285,304313.34009223606
147.35,0.1932663333333346,-1.1646696781797354,0.9282482275216196,-1.35793601151307,344657.9087588114
147.4,0.209197000000006,-1.1169367831255976,0.9804269988082355,-1.3261337831256037,384494.83999684954
147.45,0.223847000000008,-1.066691605618106,1.028729146274103,-1.290538605618114,423313.46255753795
147.5,0.238497000000003,-1.0141284836898017,1.0731550476634408,-1.2526254836898048,460664.7025302088
147.55,0.253147000000006,-0.9594396538208941,1.113768311401092,-1.2125866538209,496191.94059249584
147.6,0.26703239999999984,-0.9028146764287457,1.15060072275991,-1.1698470764287454,529552.8092862508
147.65,0.280620455555558,-0.8444422265771361,1.1836749019877624,-1.1250626821326941,560434.5094382955
147.7,0.294208511111116,-0.78450880216183,1.2130525447598517,-1.078717313272946,588598.5905393409
147.75,0.307738066666667,-0.7231973225630904,1.2388096130874837,-1.0309353892297575,613859.7029911844
147.8,0.320838622222225,-0.6606871938942488,1.2610060552532096,-0.9815258161164737,636054.5085541042
147.85,0.333939177777775,-0.5971549302317057,1.2797102338547444,-0.9310941080094808,655063.3130530259
147.9,0.347039733333333,-0.5327728169430647,1.2950161742947337,-0.8798125502763976,670826.7566739873
147.95,0.359964500000002,-0.4677084360762529,1.3070152866452367,-0.8276729360762549,683315.5838097321
148.0,0.372726999999998,-0.40212491346128654,1.3157974094525686,-0.7748519134612846,692529.1290888361
148.05,0.3854895,-0.336180587664486,1.321466389503557,-0.7216700876644859,698509.3674350267
148.1,0.3982519999999946,-0.2700282342681763,1.3241380754242604,-0.6682802342681708,701336.6571153058
148.15,0.410463522222222,-0.20381519641480783,1.3239050396029617,-0.6142787186370298,701089.8215544479
148.2,0.422627133333337,-0.13768458732289607,1.320860614034303,-0.5603117206562331,697869.1046828305
148.25,0.434790744444445,-0.07177398069437516,1.3151253406198384,-0.5065647251388201,691821.8646161784
148.3,0.446583600000004,-0.006215162441510866,1.306803377968365,-0.4527987624415149,683094.0274678117
148.35,0.4575886,0.05886434364680078,1.295960492469489,-0.39872425635319925,671805.4392167041
148.4,0.468593600000002,0.12334028330669732,1.2826811161676732,-0.34525331669330467,658108.3383092592
148.45,0.479598600000004,0.18709387876140815,1.2670868785104537,-0.29250472123859583,642203.663077346
148.5,0.4892394,0.25001130383332565,1.2492326428619853,-0.23922809616667434,624232.8783967763
148.55,0.498349677777779,0.3119800322683895,1.2291517106118444,-0.1863696455093895,604325.5710800093
148.6,0.5074599555555538,0.37289108970277596,1.2069475637773908,-0.13456886585277783,582688.9686832714
148.65,0.516231666666667,0.4326413199182128,1.1827352863840737,-0.08359034674845417,559545.1030632068
148.7,0.522520555555557,0.49113111557913236,1.156513287574757,-0.03138943997642463,535009.193734789
148.75,0.528809444444443,0.5482595780399412,1.1283069757981512,0.019450133595498187,509230.6526539079
148.8,0.535098333333333,0.6039312602058149,1.09826732654483,0.06883292687248188,482476.4482223713
148.85,0.53942162222222,0.6580567042967739,1.066451439094982,0.11863508207455387,454927.4687791032
148.9,0.541930511111111,0.7105463978664295,1.0328351932424398,0.16861588675531847,426699.41456005914
148.95,0.544439400000001,0.7613115336254171,0.9974970638102453,0.21687213362541613,398000.1569240242
149.0,0.546948288888889,0.8102701867068222,0.9606032694353618,0.26332189781793314,369103.4564999625
149.05,0.544995177777777,0.8573450606781102,0.9221017484858774,0.3123498829003333,340108.65382428496
149.1,0.542654066666667,0.9024525775052478,0.8819325692762605,0.3597985108385807,311122.0227000904
149.15,0.540312955555555,0.9455131862386394,0.8402547835407371,0.4052002306830844,282411.24050523643
149.2,0.536102066666664,0.9864543284144732,0.797153049700961,0.4503522617478092,254181.19385901713
149.25,0.5279179,1.0252030483884493,0.7525249817421166,0.4972851483884493,226517.53925838912
149.3,0.519733733333332,1.0616814205583862,0.70637200644629,0.5419476872250543,199584.564596383
149.35,0.5115495666666653,1.0958181168903218,0.6588905917596448,0.5842685502236565,173654.72476374998
149.4,0.4987376,1.1275479218118383,0.6100562474884145,0.6288103218118383,148867.45003985823
149.45,0.484125933333331,1.156799619434416,0.5597745369473561,0.6726736861010849,125339.01288585078
149.5,0.469514266666669,1.1835035772856286,0.5081844602610913,0.7139893106189596,103300.57826034269
149.55,0.454134266666666,1.2075994282615257,0.4554757559663088,0.7534651615948597,82983.26570923219
149.6,0.43311982222222695,1.2290312434861435,0.4015730782212832,0.7959114212639165,64504.37486084672
149.65,0.412105377777775,1.2477364823034491,0.3464544265837569,0.8356311045256741,48012.26787979193
149.7,0.391090933333323,1.2636605600119393,0.2903673114855927,0.8725696266786163,33725.27023174848
149.75,0.367136466666662,1.27675879811546,0.23341491154138502,0.909622331448798,21793.00837194904
149.8,0.340468133333323,1.2869872829106335,0.17557593987377745,0.9465191495773104,12330.764265024125
149.85,0.31379979999999996,1.2943036564600898,0.1169717147781209,0.9805038564600899,5472.952823253628
149.9,0.287131466666662,1.2986757639713702,0.05784493002360683,1.0115442973047082,1338.4143717743882
149.95,0.256419407821217,1.3000802154366373,-0.001758114401428805,1.0436608076154203,1.2363864994045461
150.0,0.225355720670389,1.2984926109919064,-0.06180259240644138,1.0731368903215173,1527.8241712626902
150.05,0.194292033519545,1.2938963009886282,-0.12206733758529006,1.0996042674690831,5960.173962064468
150.1,0.16249738166666916,1.2862854948035802,-0.18235576463891787,1.1237881131369112,13301.449958817762
150.15,0.12928379833333,1.275662452591161,-0.24254104514672337,1.1463786542578311,23530.46343234596
150.2,0.0960702149999906,1.2620357767949948,-0.3024639483283669,1.1659655617950042,36593.77601535401
150.25,0.0628566316666698,1.245424098528031,-0.3619052376079046,1.182567466861361,52390.16040321356
150.3,0.0295118627777746,1.2258567176180486,-0.4206595082265827,1.196344854840274,70781.76874457215
150.35,-0.0038789983333237174,1.2033728618852713,-0.478531877415328,1.2072518602185949,91597.1030810554
150.4,-0.0372698594444413,1.1780214310041406,-0.5353312263480777,1.215291290448582,114631.80876133475
150.45,-0.0703918388888926,1.1498608772848198,-0.590863480529167,1.2202527161737124,139647.86104921653
150.5,-0.101862116666663,1.1189604850703554,-0.6448731369466785,1.2208226017370185,166344.5451021798
150.55,-0.133332394444452,1.085402698066979,-0.6971359761740685,1.218735092511431,194399.4277104686
150.6,-0.16480267222222172,1.0492782337244069,-0.7475192816284644,1.2140809059466287,223514.03056253417
150.65,-0.194150600000008,1.010685706182817,-0.7958080062256068,1.204836306182825,253324.15310911016
150.7,-0.221690600000013,0.9697369896355236,-0.8417248012140425,1.1914275896355366,283400.2563915277
150.75,-0.249230600000003,0.926555437834929,-0.8851099132798371,1.175786037834932,313367.8234344963
150.8,-0.276770600000008,0.8812692610196593,-0.9259001541822994,1.1580398610196674,342916.4382059224
150.85,-0.29886225555555285,0.8340137258233961,-0.9637939462127397,1.1328759813789488,371559.50830253016
150.9,-0.320606144444446,0.784943025302573,-0.998498988020641,1.105549169747019,398800.09163129766
150.95,-0.342350033333339,0.7342174033114778,-1.0299900968180158,1.0765674366448168,424351.8398172742
151.0,-0.361571783333332,0.6819995270656826,-1.0581515687592438,1.0435713103990145,447873.89698705944
151.05,-0.375897616666668,0.6284631891344191,-1.0826579674554064,1.004360805801087,468859.3097978687
151.1,-0.3902234499999959,0.5737976895953627,-1.1033275166626724,0.9640211395953586,486932.64361000777
151.15,-0.404549283333332,0.5181933471064373,-1.1202232169040784,0.9227426304397692,501960.0222763688
151.2,-0.412602383333335,0.4618419157369086,-1.133127908235946,0.8744442990702436,513591.5425692682
151.25,-0.41845155,0.4049519194357208,-1.141752051055888,0.8234034694357208,521439.09843613085
151.3,-0.424300716666669,0.3477375214260191,-1.1461283941775582,0.7720382380926881,525444.1183760113
151.35,-0.42888646111110657,0.29040832022750124,-1.1463513179576832,0.7192947813386078,525648.5376733269
151.4,-0.425711183333332,0.2331759000214437,-1.1421656892731873,0.6588870833547757,521816.9847011581
151.45,-0.422535905555554,0.17626787836419405,-1.1334130751350093,0.598803783919748,513850.0795547993
151.5,-0.419360627777777,0.11990684038541607,-1.1203260227263727,0.539267468163193,502052.1588791572
151.55,-0.411399899999997,0.06430728858282847,-1.1029193451220294,0.47570718858282546,486572.43273776246
151.6,-0.399362677777779,0.009689541394390148,-1.0810354198919578,0.40905221917216916,467455.0316243926
151.65,-0.387325455555554,-0.04372325443038928,-1.0547715448515287,0.3436022011251647,445017.2047313922
151.7,-0.37528823333333,-0.09571969157586603,-1.0244321971835215,0.279568541757464,419784.530650503
151.75,-0.355680616666669,-0.14609760606887479,-0.989961971126279,0.20958301059779422,392009.88171049114
151.8,-0.335589783333331,-0.19464618144673707,-0.9513091546250146,0.14094360188659394,361995.643069344
151.85,-0.3154989500000047,-0.24116430660419566,-0.9088031187605626,0.07433464339580906,330369.2434675701
151.9,-0.293198966666668,-0.28546643382256115,-0.8626935925895359,0.007732532844106854,297696.09387801605
151.95,-0.266610633333325,-0.32737446862852443,-0.8130327475915212,-0.06076383529519941,264408.8994624873
152.0,-0.240022299999998,-0.3667134929040776,-0.7599985737934842,-0.12669119290407962,231039.13286725205
152.05,-0.213433966666655,-0.4033246561808557,-0.7039837170883873,-0.1898906895142007,198237.22957023297
152.1,-0.1835231566666633,-0.43706604900174884,-0.6452200287100862,-0.25354289233508553,166523.5541794578
152.15,-0.152444989999991,-0.46780392178266683,-0.5838916339624376,-0.3153589317826758,136371.77608453008
152.2,-0.121366823333319,-0.4954182917769391,-0.520347099728439,-0.3740514684436201,108304.44167831921
152.25,-0.0900129305555524,-0.5198081410128249,-0.4549720758404598,-0.42979521045727254,82799.83591783083
152.3,-0.0569652916666573,-0.5408899218307842,-0.38806148119240813,-0.4839246301641269,60236.68527409829
152.35,-0.023917652777780893,-0.5585937397244074,-0.3199164721958111,-0.5346760869466265,40938.61967288527
152.4,0.0091299861111142,-0.572867179903848,-0.25090652354337356,-0.5819971660149621,25181.633422648585
152.45,0.0418880650000092,-0.5836761019915343,-0.18139742217376337,-0.6255641669915435,13162.009908514616
152.5,0.0743994816666636,-0.5910045960331002,-0.11174697625280518,-0.6654040776997638,4994.954680658002
152.55,0.106910898333336,-0.5948538637768349,-0.04227866645075634,-0.7017647621101709,714.9942547417239
152.6,0.1394223149999893,-0.5952403962444052,0.026715287437834787,-0.7346627112443944,285.48263315445325
152.65,0.168992027777779,-0.5921971483054123,0.09482266596402517,-0.7611891760831913,3596.535192210039
152.7,0.198373972222234,-0.5857794829378556,0.16165040600771866,-0.7841534551600896,10452.341504984113
152.75,0.227755916666672,-0.5760573180089602,0.2269669568591134,-0.8038132346756321,20605.599802354653
152.8,0.255371561111123,-0.5631128156005777,0.29048354167870233,-0.8184843767117007,33752.27519448096
152.85,0.27955850555555795,-0.5470461238581262,0.3517725828419317,-0.8266046294136842,49497.58001571348
152.9,0.303745450000007,-0.5279779436042666,0.4105198114490819,-0.8317233936042736,67410.6062368759
152.95,0.327932394444456,-0.506038715552428,0.46659404294043755,-0.833971109996884,87084.00036300115
153.0,0.347144277777779,-0.4813689170147039,0.5196480186418564,-0.8285131947924829,108013.62531136285
153.05,0.364608166666672,-0.45413087568026567,0.5692861069797658,-0.8187390423469376,129634.66864007094
153.1,0.38207205555555335,-0.4244994356712932,0.6153779428461508,-0.8065714912268466,151476.00501662417
153.15,0.398469416666668,-0.3926534920878526,0.6578468303212178,-0.7911229087545206,173104.98086546926
153.2,0.408315250000003,-0.3587812263873771,0.6963300014794334,-0.7670964763873801,193950.18838413907
153.25,0.418161083333332,-0.3230914877138017,0.7305548411723365,-0.7412525710471337,213484.1503841351
153.3,0.428006916666668,-0.28579567843697634,0.7605847720924183,-0.7138025951036444,231395.67821555032
153.35,0.4334994499999979,-0.24710506065194815,0.7862936107311481,-0.680604510651946,247303.0569106505
153.4,0.435283616666667,-0.20724293619445794,0.8074069763620124,-0.6425265528611249,260762.41019121892
153.45,0.437067783333334,-0.16644159945513656,0.8238869588756736,-0.6035093827884705,271515.88840216235
153.5,0.43885195,-0.12492889269203096,0.8358884123518088,-0.563780842692031,279483.775161611
153.55,0.433119772222219,-0.08293065862896858,0.843217747720259,-0.5160504308511875,284406.4680281706
153.6,0.426907827777774,-0.040688080878309094,0.845689859539432,-0.4675959086560831,286076.5354111297
153.65,0.420695883333332,0.0015606130896345383,0.8434994909011658,-0.41913527024369746,284596.55646021035
153.7,0.411951883333327,0.043585904237880266,0.8367520927089755,-0.3683659790954467,280061.62586114
153.75,0.398292716666665,0.08515794112126615,0.8253331074175381,-0.3131347755453988,272469.8952797958
153.8,0.384633549999996,0.1260419219062232,0.8092768948662643,-0.2585916280937728,261971.63702575304
153.85,0.3709743833333243,0.16601311721006828,0.7888701726711883,-0.204961266123256,248926.4597321082
153.9,0.352570377777776,0.20485751735645383,0.7641793216395988,-0.14771286042132217,233588.01424862293
153.95,0.332499266666661,0.24235977881620901,0.7352127579089496,-0.090139487850452,216215.11975683348
154.0,0.312428155555557,0.2783118007851142,0.7022266933995358,-0.03411635477044278,197248.93156913828
154.05,0.291668361111109,0.3125206318233763,0.6655316354568113,0.020852270712267307,177172.94311752715
154.1,0.266678083333326,0.3448049843348373,0.6252383131027014,0.07812690100151132,156369.17926860467
154.15,0.241687805555558,0.37498714214017786,0.5815052118760161,0.13329933658461987,135259.32457558817
154.2,0.216697527777775,0.40290429705801173,0.5346988576446386,0.18620676928023672,114361.14734659262
154.25,0.189907700000006,0.42841038875315407,0.48509360480478847,0.23850268875314806,94126.32216900172
154.3,0.161584922222218,0.45137033703815543,0.43288839097751164,0.28978541481593745,74956.9436172396
154.35,0.13326214444443,0.47166065547977293,0.3783676814448668,0.3383985110353429,57264.84094478569
154.4,0.104939366666659,0.48917437320772805,0.3218818346721628,0.38423500654106907,41443.166196767015
154.45,0.0750011265362979,0.5038204661617524,0.26369273754689904,0.4288193396254545,27813.54393399111
154.5,0.0449597717877051,0.5155194661475779,0.20405160677678513,0.4705596943598728,16654.823291275097
154.55,0.0149184170390953,0.5242067889405262,0.14327901644017307,0.509288371901431,8211.550620825354
154.6,-0.015048545000016865,0.5298338333013087,0.08169317422407854,0.5448823783013256,2669.5098859222603
154.65,-0.044883253333339,0.5323677922991954,0.019607296710463892,0.5772510456325344,153.77843371686728
154.7,-0.074717961666678,0.5317912123164625,-0.042680804190238335,0.6065091739831405,728.6604185301865
154.75,-0.10455267,0.5281010196139558,-0.10489167311463028,0.6326536896139558,4400.905235514581
154.8,-0.13315914444445,0.5213087746515408,-0.16670033439056295,0.6544679190959908,11115.600594370202
154.85,-0.16137775555556597,0.511443136790478,-0.227781451805669,0.672820892346044,20753.75591467932
154.9,-0.189596366666667,0.4985469232290788,-0.2878864471764587,0.6881432898957458,33151.442587153586
154.95,-0.217329733333338,0.48267472524822996,-0.34677913338085753,0.7000044585815679,48102.30693935143
155.0,-0.242515566666662,0.4638948805693757,-0.40412174495532327,0.7064104472360377,65325.75389829413
155.05,-0.2677014,0.442293211751796,-0.4596263669138442,0.7099946117517959,84502.55886496788
155.1,-0.29288723333333666,0.4179653292507699,-0.5131474955072766,0.7108525625841066,105328.14085815616
155.15,-0.315736933333331,0.39101553106896914,-0.564446515336474,0.7067524644023002,127439.94747019539
155.2,-0.336751100000005,0.3615627710462087,-0.613221762711436,0.6983138710462138,150416.3721051683
155.25,-0.357765266666667,0.3297382187140314,-0.6593065087164425,0.6875034853806985,173874.0289743458
155.3,-0.378779433333341,0.29567804004951054,-0.7026372425575282,0.6744574733828516,197479.6378515387
155.35,-0.39522133333334286,0.2595248953091912,-0.7429458745092014,0.6547462286425341,220787.4289800968
155.4,-0.411472722222225,0.22143803961245223,-0.7799803073942432,0.6329107618346772,243347.71196912724
155.45,-0.427724111111117,0.1815817425927712,-0.8137229564413622,0.6093058537038882,264858.0199358684
155.5,-0.4421907,0.14012201572231184,-0.844090498750035,0.5823127157223118,284995.5080320331
155.55,-0.453484311111113,0.09723262126192678,-0.8708638076752769,0.5507169323730398,303361.5086074727
155.6,-0.46477792222222597,0.05309741179970085,-0.8939314111555664,0.5178753340219269,319645.3471402329
155.65,-0.476071533333333,0.00790033092932109,-0.9133488799743559,0.4839718642626541,333682.4706201641
155.7,-0.483748600000001,-0.03817485141296393,-0.9290104905197827,0.445573748587037,345224.1965983229
155.75,-0.490283599999999,-0.08493581355078648,-0.9407790024215474,0.4053477864492125,354026.0525589128
155.8,-0.4968186,-0.13218880370417557,-0.9487115433474902,0.3646297962958244,360021.4369923107
155.85,-0.5026061777777758,-0.17974451320023008,-0.9528977567903509,0.3228616645775457,363205.65395843313
155.9,-0.504469788888889,-0.22741468784089738,-0.9532519456681126,0.2770551010479917,363475.7087680169
155.95,-0.506333400000001,-0.2750053854110597,-0.9497473643712862,0.23132801458894137,360808.0224520818
156.0,-0.508197011111111,-0.3223280409658123,-0.9425601593301411,0.18586897014529874,355367.86158258445
156.05,-0.507360799999999,-0.3692008831774789,-0.9317425995093396,0.13815991682252005,347257.7086961686
156.1,-0.504403299999998,-0.4154411696467172,-0.9172576488457893,0.08896213035328082,336544.63774644217
156.15,-0.501445799999999,-0.4608673116138084,-0.8992124366079265,0.04057848838619066,323433.2024601457
156.2,-0.498488299999999,-0.5053066555690343,-0.8778215635850091,-0.006818355569035317,308228.27899793204
156.25,-0.490606,-0.5485933274685202,-0.8530630301361078,-0.0579873274685202,291086.6133539992
156.3,-0.482518499999998,-0.5905565827811257,-0.8249217587297695,-0.10803808278112764,272198.36321032635
156.35,-0.4744309999999959,-0.6310329974330271,-0.7936298761669673,-0.15660199743303121,251939.35213791838
156.4,-0.4644585,-0.6698696012286611,-0.759339982205681,-0.20541110122866113,230638.88343044958
156.45,-0.451134888888886,-0.7069170006408144,-0.7220508647052849,-0.25578211175192844,208542.98048865987
156.5,-0.43781127777778,-0.742026459980878,-0.681867847953158,-0.304215182203098,185977.5048289084
156.55,-0.424487666666667,-0.7750601137489008,-0.6390642207331567,-0.35057244708223384,163361.23128851075
156.6,-0.40729122222221525,-0.8058906603367858,-0.5937277329041577,-0.39859943811457055,141005.04832780434
156.65,-0.388871777777776,-0.8343913664887648,-0.5458997938117831,-0.4455195887109888,119202.63395349892
156.7,-0.370452333333325,-0.860443050163526,-0.49581584211641355,-0.48999071683020096,98333.33971744333
156.75,-0.351294755555551,-0.8839396353720208,-0.4437323170057347,-0.5326448798164698,78759.34766211112
156.8,-0.328261977777769,-0.9047840903949318,-0.38971719115572967,-0.5765221126171628,60751.79563292462
156.85,-0.305229199999987,-0.922881007049823,-0.33388014591419934,-0.617651807049836,44590.38073427482
156.9,-0.282196422222218,-0.9381466149515914,-0.2765125044164291,-0.6559501927293734,30583.66603945829
156.95,-0.256999088888879,-0.9505097296032949,-0.21779240313109116,-0.6935106407144159,18973.41234464629
157.0,-0.230101033333333,-0.9599048963269728,-0.15781387630696522,-0.7298038629936399,9962.087822012047
157.05,-0.203202977777773,-0.96627341284058,-0.09677184929419316,-0.763070435062807,3745.9163263272135
157.1,-0.1763049222222104,-0.9695688329968551,-0.034933728171644494,-0.7932639107746448,488.1461455881393
157.15,-0.14656108,-0.9697555863369877,0.027576870481524192,-0.8231945063369877,304.19351422190414
157.2,-0.116698663333328,-0.9668019281047022,0.09064157055268848,-0.8501032647713742,3286.3577249032014
157.25,-0.0868362466666723,-0.9606863526963038,0.1540118885091633,-0.8738501060296314,9487.86472086358
157.3,-0.0562352399999982,-0.9513991806375502,0.21747658078822446,-0.895163940637552,18918.425276534846
157.35,-0.02432118444443144,-0.9389395323159653,0.28089176402870114,-0.9146183478715338,31560.07323966221
157.4,0.0075928711111169,-0.9233137626191288,0.3440825218796121,-0.9309066337302457,47357.11274521349
157.45,0.0395069266666836,-0.904538846738984,0.4068204431564063,-0.9440457734056676,66201.14918798993
157.5,0.0722795922222285,-0.8826422414969471,0.4689280454774172,-0.9549218337191756,87957.40473410826
157.55,0.10532339777779,-0.8576591609790504,0.5302497932442864,-0.9629825587568404,112465.93729424341
157.6,0.138367203333352,-0.8296334595368997,0.5906010912390749,-0.9680006628702518,139523.8595891144
157.65,0.171413066666673,-0.7986183120653754,0.6497982008564496,-0.9700313787320484,168895.08073451152
157.7,0.204469733333346,-0.7646757196222045,0.7076719139365244,-0.9691454529555505,200319.81510983346
157.75,0.2375264,-0.727875792595541,0.7640666765062677,-0.965402192595541,233519.15445893342
157.8,0.270583066666673,-0.6882961057324971,0.8188394912652396,-0.9588791723991701,268199.24498220655
157.85,0.30300615555556765,-0.6460215712143506,0.8718299318468864,-0.9490277267699182,304034.97202565864
157.9,0.334931433333333,-0.6011456855946355,0.9228671389164299,-0.9360771189279685,340673.50243671885
157.95,0.366856711111117,-0.5537695827953906,0.971821761307004,-0.9206262939065075,377775.01429993904
158.0,0.398781988888883,-0.5039998478395448,1.0185969320030819,-0.9027818367284277,415015.8839544364
158.05,0.428038733333338,-0.4519497949692308,1.0629790807207105,-0.8799885283025688,451969.8104199387
158.1,0.45718428888890295,-0.397745221552967,1.1047651455499963,-0.8549295104418699,488202.4107288418
158.15,0.486329844444452,-0.34151766134965134,1.1438891667676434,-0.8278475057941033,523392.9703393494
158.2,0.513852300000014,-0.28340282414462514,1.1802231864521444,-0.7972551241446392,557170.7079357014
158.25,0.538489244444449,-0.22354602012222938,1.213518022455701,-0.7620352645666784,589050.3963299181
158.3,0.563126188888898,-0.1621042105693271,1.2436225408620387,-0.7252303994582251,618638.8096560612
158.35,0.5877631333333444,-0.09923693901849237,1.2705377019733062,-0.6870000723518368,645706.4208542439
158.4,0.607871016759781,-0.035106978106587694,1.294062463280223,-0.6429779948663686,669839.0635483513
158.45,0.626548670391069,0.030108731247375994,1.313953959510726,-0.596439939143693,690590.0030855658
158.5,0.645226324022348,0.09622777188588832,1.330207649777762,-0.5489985521364598,707780.9566109108
158.55,0.662631700000003,0.16306913039840806,1.3428404491393529,-0.49956256960159495,721288.1887379115
158.6,0.67424114444445,0.2304473461116928,1.3516068017772747,-0.44379379833275723,730736.3786442372
158.65,0.68585058888889,0.2981627603353407,1.3563507480548838,-0.3876878285535492,735874.9406996171
158.7,0.697460033333337,0.3660176823420127,1.357210814984867,-0.33144235099132424,736808.4785247546
158.75,0.704968716666666,0.4338182377376916,1.354135738344629,-0.2711504789289744,733473.4391448615
158.8,0.709507883333334,0.5013627347991901,1.346950222075673,-0.2081451485341439,725709.960299882
158.85,0.714047050000001,0.5684454719417243,1.3356976390333266,-0.14560157805827667,713635.2731676811
158.9,0.718586216666666,0.6348679916673163,1.3205747884697967,-0.08371822499934967,697567.1087768193
158.95,0.716558566666666,0.7004365182407735,1.30146748347268,-0.016122048425892488,677527.0442146843
159.0,0.7143969,0.7649467713225098,1.2782823142480655,0.050549871322509765,653602.269967756
159.05,0.712235233333332,0.82820079869531,1.2512602811368676,0.115965565361978,626260.9164602852
159.1,0.7077753055555479,0.8900112305094486,1.2205447533632092,0.18223592495390073,595891.797984983
159.15,0.699565583333331,0.9501933071638539,1.1861121414250766,0.2506277238305229,562744.8048143924
159.2,0.691355861111107,1.0085623063164113,1.1480712756148588,0.3172064452053043,527227.0615567715
159.25,0.683146138888888,1.064945289352541,1.1067215669192723,0.3817991504636531,489933.0506736997
159.3,0.670662883333329,1.1191809105003419,1.062159366573375,0.44851802716701283,451273.0079998214
159.35,0.656974272222216,1.17110857192714,1.0144377510755833,0.5141342997049239,411633.5803229148
159.4,0.64328566111111,1.22057648146578,0.963823243909053,0.57729082035467,371582.09819974797
159.45,0.628713699999995,1.267447339054774,0.910594664268728,0.638733639054779,331673.05703787104
159.5,0.610117588888891,1.311593776856497,0.8548357715608632,0.7014761879676059,292297.6785360225
159.55,0.591521477777776,1.3528909703457896,0.7966790737804841,0.7613694925680137,253879.018639892
159.6,0.5729253666666596,1.391227069855837,0.7364443777786888,0.8183017031891775,216940.128624736
159.65,0.551923705555556,1.4265040502537385,0.6743276045613994,0.8745803446981825,181887.08730940602
159.7,0.529180094444437,1.458630341070266,0.6104407500477901,0.9294502466258289,149055.1637275634
159.75,0.506436483333331,1.487522377138222,0.5450079125149778,0.981085893804891,118813.4498815735
159.8,0.483692872222212,1.513110341955318,0.4783265806618335,1.029417469733106,91518.5271070566
159.85,0.45787233333331595,1.5353366489173137,0.4105417310791952,1.0774643155839978,67417.8051830009
159.9,0.431988999999993,1.5541485159260124,0.34179591850802105,1.1221595159260194,46729.7799634967
159.95,0.406105666666654,1.569504894789555,0.2723682794519133,1.1633992281229009,29673.79186063821
160.0,0.379472466666664,1.581377937095518,0.20249527041170648,1.201905470428854,16401.733815644053
160.05,0.351615799999992,1.5897498680102427,0.13234809323227853,1.2381340680102506,7006.407112887957
160.1,0.32375913333332,1.59461148884279,0.06212415838037673,1.27085235550947,1543.764421788053
160.15,0.295902466666664,1.5959650334389661,-0.007936200004483099,1.300062566772302,25.193308204463012
160.2,0.267541183333325,1.5938239850995983,-0.07763094757765368,1.3262828017662733,2410.6256087217657
160.25,0.239037572222225,1.5882110751519591,-0.1467789882759437,1.3491735029297343,8617.62855972385
160.3,0.210533961111108,1.5791583670455118,-0.2151916934960626,1.368624405934404,18522.98597988134
160.35,0.18210920499999114,1.5667072307149967,-0.28268638712528776,1.3845980257150057,31964.637386379225
160.4,0.15404367722222,1.5509081063372072,-0.349079857036257,1.3968644291149872,48742.69863538145
160.45,0.125978149444432,1.5318203624233495,-0.4142075544873484,1.4058422129789174,68627.15927775588
160.5,0.0979126216666606,1.509510727819067,-0.4779337802543264,1.4115981061524063,91368.2793232763
160.55,0.070598016666654,1.4840530007707162,-0.5401001882461093,1.4134549841040622,116683.28533739307
160.6,0.04382718333331552,1.4555295728498048,-0.6005357861346751,1.4117023895164893,144257.29217135688
160.65,0.0170563499999924,1.4240303974055672,-0.6591137141629718,1.4069740474055747,173772.35527908307
160.7,-0.009714483333346,1.3896507523187347,-0.7157393948678494,1.3993652356520807,204913.1525463181
160.75,-0.0343982705555579,1.35249201983751,-0.7702325449613401,1.386890290393068,237303.2693270491
160.8,-0.059039465000007,1.3126658682107637,-0.8224243302659064,1.3717053332107707,270552.7116053299
160.85,-0.08368065944445549,1.2702890394032442,-0.8722498570550048,1.3539696988476997,304327.9252529905
160.9,-0.107371062222224,1.2254819511464172,-0.9196123786587937,1.3328530133686411,338274.7707929939
160.95,-0.12951017333334,1.1783714441983382,-0.9643576017222237,1.307881617531678,371994.23359977565
161.0,-0.151649284444442,1.1290914331964839,-1.00638930794269,1.2807407176409258,405127.7756565466
161.05,-0.173788395555558,1.0777779934146727,-1.0456932019886076,1.2515663889702306,437389.70907407475
161.1,-0.1936794166666716,1.0245693689448587,-1.0821630454447961,1.2182487856115303,468430.74277054233
161.15,-0.212936361111109,0.9696109367877441,-1.1156789704100416,1.1825472978988532,497895.82600608416
161.2,-0.232193305555557,0.9130508003490417,-1.1462359186848228,1.1452441059045988,525542.7125132958
161.25,-0.250903699999996,0.8550365618940838,-1.1738405343570633,1.10594026189408,551160.6400398703
161.3,-0.267124255555557,0.7957176442842055,-1.198392201407009,1.0628418998397626,574457.5473572549
161.35,-0.283344811111118,0.7352492889705828,-1.2198274293886535,1.018594100081701,595191.5829955721
161.4,-0.29956536666667,0.6737858726345988,-1.2382046928450035,0.9733512393012688,613260.3445533557
161.45,-0.313916388888895,0.6114802067789102,-1.2534993252729876,0.9253965956678052,628504.223383934
161.5,-0.326913611111112,0.5484886411269769,-1.2656324262558056,0.8754022522380889,640730.175356063
161.55,-0.339910833333337,0.4849693473392791,-1.2746228718223283,0.824880180672616,649865.3861490398
161.6,-0.3529080555555601,0.42107724743838854,-1.280560078519903,0.7739853029939486,655933.64587956
161.65,-0.362600227777779,0.35696524684018666,-1.2833838471318817,0.7195654746179656,658829.6396316116
161.7,-0.372224950000003,0.2927915458900782,-1.2830471226740172,0.6650164958900813,658483.9676008298
161.75,-0.381849672222221,0.22871119223206388,-1.279671410420372,0.6105608644542848,655023.5674589055
161.8,-0.390155477777778,0.1648739020677929,-1.2733265326696996,0.5550293798455709,648544.1835202558
161.85,-0.396309366666668,0.1014284010701889,-1.2639906905116596,0.4977377677368569,639068.9862800568
161.9,-0.402463255555555,0.038523760782703476,-1.2517194482293628,0.4409870163382585,626720.6308302481
161.95,-0.408617144444445,-0.02369739373288953,-1.2366793151832038,0.3849197507115555,611750.2914407993
162.0,-0.411973726256983,-0.08509860803559291,-1.2189059183647852,0.32687511822139004,594292.6551298802
162.05,-0.414541324022347,-0.14554256304056462,-1.1984071699495524,0.2689987609817824,574471.8979945981
162.1,-0.41710892178771053,-0.20489639453949357,-1.175332310930907,0.21221252724821696,552562.4164472745
162.15,-0.418963,-0.263035415257368,-1.1498344790192159,0.15592758474263196,528847.7316565566
162.2,-0.417962999999999,-0.3198397241347467,-1.1219297013310927,0.09812327586525227,503490.50189154997
162.25,-0.416963,-0.3751892526275709,-1.0916765465159506,0.04177374737242906,476703.072885197
162.3,-0.415963,-0.42897155987588975,-1.0592738450335435,-0.013008559875889725,448824.431508859
162.35,-0.41291883333333024,-0.4810824536794312,-1.0248201788796016,-0.06816362034610096,420102.5596155275
162.4,-0.408511888888888,-0.5314200340498492,-0.9883538492795503,-0.12290814516096116,390737.33255428163
162.45,-0.404104944444443,-0.5798866977219088,-0.9500187640621092,-0.1757817532774658,361014.26082803897
162.5,-0.399698,-0.6263942876700431,-0.9100259889645897,-0.22669628767004313,331258.92023639183
162.55,-0.392125499999999,-0.6708626225824723,-0.8684330905893793,-0.2787371225824733,301670.41313224845
162.6,-0.3845529999999969,-0.7132120400033614,-0.8253063805212678,-0.32865904000336443,272452.24869164627
162.65,-0.3769805,-0.7533713874759345,-0.7808667510991443,-0.37639088747593447,243901.15318885318
162.7,-0.368301111111109,-0.7912795606051322,-0.7352774285438146,-0.42297844949402313,216253.15877040173
162.75,-0.357961388888891,-0.826881329944012,-0.688619660951406,-0.46891994105512097,189678.81497953177
162.8,-0.347621666666667,-0.8601259671336514,-0.6410274244263969,-0.5125043004669845,164366.46354669603
162.85,-0.3372819444444419,-0.890971964074944,-0.5927076910272039,-0.5536900196305021,140520.96280111978
162.9,-0.325122000000001,-0.9193864563146793,-0.5437705070091093,-0.5942644563146783,118274.54571717752
162.95,-0.312506999999996,-0.9453401386519681,-0.4942998032634318,-0.6328331386519721,97732.91820250696
163.0,-0.299891999999999,-0.9688103042015723,-0.4444601260325873,-0.6689183042015734,79017.92145316134
163.05,-0.286958722222217,-0.9897827108737771,-0.3944131233877235,-0.7028239886515601,62224.68476018384
163.1,-0.27275233333332494,-1.0082497243378428,-0.3442519763173627,-0.7354973910045178,47403.76927936402
163.15,-0.258545944444442,-1.0242077641288054,-0.2940813679536099,-0.7656618196843634,34593.5403909866
163.2,-0.24433955555555,-1.0376603727502756,-0.24406072284365576,-0.7933208171947256,23826.254573987102
163.25,-0.229586833333333,-1.048618459665175,-0.19431689887105988,-0.8190316263318421,15103.622874746283
163.3,-0.214469888888886,-1.0570984365880092,-0.14495491231718455,-0.8426285476991232,8404.770641953064
163.35,-0.1993529444444389,-1.063122428128818,-0.0961008578287626,-0.8637694836843792,3694.1499501696167
163.4,-0.184236,-1.0667192759072217,-0.04789125642182785,-0.8824832759072216,917.4289766645069
163.45,-0.169020166666664,-1.0679243714571782,-0.00044990271293896683,-0.8989042047905142,0.08096498044393695
163.5,-0.153804333333336,-1.0667790026184099,0.04610817698069293,-0.9129746692850739,850.3855937931605
163.55,-0.1385885,-1.0633301208809445,0.09167320858694347,-0.9247416208809445,3361.5908690500983
163.6,-0.12356421111110713,-1.0576300493945927,0.13613724153130347,-0.9340658382834855,7413.339412700982
163.65,-0.108827238888888,-1.0497365918421218,0.17939065232177442,-0.9409093529532337,12872.402456172702
163.7,-0.0940902666666611,-1.0397126532176013,0.2213449107878064,-0.9456223865509402,19597.42781266479
163.75,-0.0793532944444421,-1.0276248415273648,0.2619356382884275,-0.9482715470829227,27444.111442226367
163.8,-0.0654493888888837,-1.0135433948031431,0.3010690193544943,-0.9480940059142594,36257.02176603075
163.85,-0.05175374999999219,-0.9975437886966645,0.3386521946842955,-0.9457900386966723,45874.123585796
163.9,-0.0380581111111085,-0.9797047801177114,0.3746396629849756,-0.941646669006603,56141.95083259843
163.95,-0.0246792499999954,-0.9601071736098551,0.4089865969064543,-0.9354279236098597,66908.01457964901
164.0,-0.0125675,-0.9388351135831019,0.44159459593105843,-0.926267613583102,78002.3148622059
164.05,-0.0004557499999976,-0.9159779583873061,0.47238831377262036,-0.9155222083873085,89260.28759557585
164.1,0.011656000000003917,-0.8916267016697641,0.5013572424038619,-0.903282701669768,100543.6338043219
164.15,0.0226440666666667,-0.8658736363044959,0.5284426694640547,-0.8885177029711626,111700.66196411848
164.2,0.0328830111111131,-0.8388152593066563,0.553559241013209,-0.8716982704177695,122571.133324448
164.25,0.0431219555555536,-0.8105509193934934,0.5766839197829251,-0.8536728749490471,133025.7373344797
164.3,0.0533609,-0.7811797442328916,0.5978365663232081,-0.8345406442328916,142963.42401324946
164.35,0.06151001111111387,-0.7508013275408322,0.6169463309041977,-0.812311338651946,152249.1100864607
164.4,0.0696591222222233,-0.7195201181063273,0.6339562915578761,-0.7891792403285506,160760.23184232594
164.45,0.0778082333333372,-0.6874398402946749,0.648918293597283,-0.7652480736280121,168437.98070608385
164.5,0.0850748444444456,-0.6546621466827487,0.6618494525288987,-0.7397369911271943,175217.87912512117
164.55,0.0910177055555578,-0.621289368356324,0.6727128236076271,-0.7123070739118817,181017.01721845855
164.6,0.09696056666667002,-0.5874250895743542,0.6815229193985297,-0.6843856562410242,185789.39586619794
164.65,0.102903427777779,-0.5531699289004969,0.6883619724545752,-0.6560733566782759,189536.88204862134
164.7,0.107087777777779,-0.5186217365826299,0.6932307049652855,-0.6257095143604089,192227.52412266668
164.75,0.1108325,-0.4838799289877847,0.696115224112073,-0.5947124289877848,193830.56209624067
164.8,0.114577222222223,-0.44904204870615655,0.6970895659381464,-0.5636192709283796,194373.54517593334
164.85,0.11787866666666592,-0.4142015605033898,0.696228593773774,-0.5320802271700558,193893.70191528273
164.9,0.119407,-0.3794499111908365,0.693524576125654,-0.49885691119083647,192390.53507610722
164.95,0.120935333333334,-0.344879472579966,0.6889983643973937,-0.4658148059133,189887.49845691348
165.0,0.122463666666666,-0.31057860530109377,0.6827603528980598,-0.4330422719677598,186464.67979579326
165.05,0.122729166666667,-0.27663109306533223,0.6748633173921861,-0.39936025973199923,182176.19886463459
165.1,0.12215277777777793,-0.24311960092302787,0.6653269112511389,-0.3652723787008058,177063.9595339923
165.15,0.121576388888889,-0.21012425587924619,0.6542393594558642,-0.3317006447681352,171211.6557844878
165.2,0.120999999999999,-0.17771930062194516,0.6417336965323335,-0.2987193006219442,164728.85490602124
165.25,0.118581111111111,-0.14597374878162922,0.6278565876832767,-0.2645548598927402,157681.55787891525
165.3,0.116162222222221,-0.11495560516023884,0.6126615206669719,-0.23111782738245984,150141.65556238656
165.35,0.11374333333333157,-0.08472714779456009,0.596293094644758,-0.19847048112789167,142226.18188840893
165.4,0.110719022222221,-0.05534395555246955,0.5788647804909919,-0.16606297777469056,134033.7736371537
165.45,0.106786577777776,-0.026857191520697824,0.5604448305747264,-0.13364376929847382,125639.3632471735
165.5,0.102854133333333,0.0006856243136599827,0.5411301130604836,-0.10216850901967302,117128.71970434074
165.55,0.0989216888888882,0.027243201123757877,0.5210576659572383,-0.07167848776513033,108600.43650112199
165.6,0.09421579999999798,0.052780344151195965,0.5003219732540536,-0.04143545584880201,100128.83076833197
165.65,0.08931655,0.07726573072334109,0.47900570929062836,-0.012050819276658908,91778.5878132072
165.7,0.0844172999999991,0.10067320502972524,0.45722635936356715,0.01625590502972614,83622.37747874473
165.75,0.0794558055555564,0.12298266333838456,0.4351044094399639,0.043526857782828166,75726.33884563991
165.8,0.0742453333333324,0.1441797030925691,0.41274558654213156,0.06993436975923671,68143.56768400328
165.85,0.06903486111110825,0.164255065469964,0.3902570601751232,0.09522020435885574,60920.22920661189
165.9,0.0638243888888873,0.18320520638256488,0.36775606213032946,0.11938081749367757,54097.8084934427
165.95,0.0588785499999973,0.20103259217857955,0.3453698981847325,0.14215404217858224,47712.146628853
166.0,0.0541091333333324,0.21774630886894872,0.323230050437773,0.16363717553561632,41791.06620240211
166.05,0.0493397166666649,0.23336159626656944,0.3014496520715681,0.18402187959990454,36348.757093627784
166.1,0.044570299999998717,0.24789891567221198,0.28012716445558417,0.20332861567221328,31388.491306370357
166.15,0.0410837078212283,0.26138451063275175,0.2594156102621159,0.22030080281152345,26918.583539066403
166.2,0.0375971156424566,0.2738530118638952,0.239455418380154,0.2362558962214386,22935.558956645837
166.25,0.0341105234636869,0.2853437107117244,0.22031395125844477,0.25123318724803745,19415.294847643352
166.3,0.0315104983425411,0.2958997432075137,0.20209171782055368,0.2643892448649726,16336.424964664919
166.35,0.03013478011049658,0.3055706714837803,0.18493585907998958,0.2754358913732837,13680.508789461506
166.4,0.028759061878453,0.3144126168371564,0.168936635226712,0.28565355495870337,11415.834688689261
166.45,0.0273833436464086,0.3224839800910841,0.15411560535265284,0.2951006364446755,9500.647925285855
166.5,0.0282472614525137,0.32984587032841295,0.14059528959047035,0.30159860887589923,7906.814182011289
166.55,0.0296710882681565,0.33656746921092184,0.12851215348219297,0.30689638094276533,6606.149437052289
166.6,0.03109491508379969,0.3427213506715555,0.11788468682707974,0.3116264355877558,5558.719755327467
166.65,0.0332592022222219,0.3483805698266222,0.10873480586492434,0.3151213676044003,4729.303202593114
166.7,0.0380487577777792,0.3536218260018889,0.10120389060168503,0.3155730682241097,4096.890989167133
166.75,0.0428383133333337,0.35852946853786033,0.0953833358500907,0.3156911552045266,3639.1923031564793
166.8,0.0476278688888909,0.36318792970203895,0.09122873782281056,0.315560060813148,3329.0730418972425
166.85,0.05480015333333993,0.3676811853262333,0.08880392883972132,0.31288103199289335,3154.455110948116
166.9,0.0634328200000025,0.37209914957831386,0.08822807197212501,0.30866632957831136,3113.6770735673886
166.95,0.0720654866666708,0.3765346188214952,0.08948940117534938,0.3044691321548244,3203.3411690890493
167.0,0.0807783305555567,0.3810772392129183,0.09249931966277129,0.30029890865736164,3422.449655230219
167.05,0.0934198583333369,0.3858152467657597,0.097349873951978,0.2923953884324228,3790.799183386402
167.1,0.10606138611111691,0.3908440424936104,0.10410912234870758,0.28478265638249345,4335.483742487265
167.15,0.11870291388889,0.3962557488999088,0.11264364429429019,0.2775528350110188,5075.43623995943
167.2,0.133012133333338,0.4021370331364295,0.12289542438199738,0.2691248998030915,6041.3141336124945
167.25,0.149624355555554,0.4085746544853398,0.13490867507257537,0.2589502989297858,7280.140243935088
167.3,0.166236577777779,0.41565645713687704,0.14863558441638328,0.24941987935909804,8837.01478191992
167.35,0.18284880000000667,0.42346405542835514,0.1639134288463824,0.24061525542834847,10747.044862471228
167.4,0.202500033333334,0.43207338714328714,0.18072632701306385,0.22957335380995314,13064.802110253157
167.45,0.222818366666674,0.4415623917539376,0.19908175408786882,0.21874402508726357,15853.417924281068
167.5,0.243136700000003,0.45200485025104703,0.21883488862227723,0.20886815025104402,19155.48339132979
167.55,0.264136361111122,0.46346676423340494,0.23984132214622222,0.19933040312228295,23009.54392353918
167.6,0.287551638888904,0.47600937495446716,0.2620711796760891,0.18845773606556315,27472.52128672679
167.65,0.310966916666673,0.4896930722536153,0.28545275549798793,0.17872615558694233,32593.310248557635
167.7,0.334382194444456,0.504570634345804,0.30979367152325626,0.17018843990134797,38388.847566343684
167.75,0.359160094444447,0.5206863107697637,0.33496691635115305,0.16152621632531666,44881.13401992015
167.8,0.384773150000007,0.5380796795664382,0.36088157040491614,0.1533065295664312,52094.20314316738
167.85,0.41038620555556793,0.5567841458548117,0.38737735644102345,0.1463979402992438,60024.486513294294
167.9,0.436018638888891,0.576823785849801,0.41425594461100324,0.14080514696091,68643.19505822183
167.95,0.462600583333341,0.5982136402260388,0.4413690247223021,0.13561305689269787,77922.64639372645
168.0,0.489182527777775,0.6209621449734627,0.4685703114802494,0.1317796171956877,87823.25472027919
168.05,0.515764472222225,0.6450690279092636,0.49567390408165174,0.12930455568703858,98277.04767501859
168.1,0.5420364333333416,0.6705246930981584,0.5224880109348018,0.12848825976481681,109197.48862824224
168.15,0.567880322222226,0.6973096288381259,0.5488112187950076,0.1294293066158999,120477.50155010469
168.2,0.593724211111123,0.7253947144857482,0.5744694095691177,0.13167050337462527,132006.04101227628
168.25,0.619568100000007,0.754743096915307,0.5993201855860109,0.1351749969153001,143673.87394034019
168.3,0.643260855555567,0.7853093182672966,0.6231274053838805,0.14204846271172955,155315.10533617876
168.35,0.666481411111127,0.8170343868228035,0.64564850003319,0.15055297571167647,166744.79423804325
168.4,0.689701966666673,0.8498506343949235,0.6667582850918606,0.16014866772825043,177826.64429545557
168.45,0.711930688888898,0.8836843223753535,0.686315346241367,0.17175363348645556,188411.501794563
168.5,0.730642911111113,0.9184512704539004,0.7040198481705418,0.1878083593427874,198257.57864722906
168.55,0.749355133333339,0.9540515711643194,0.7196408308311489,0.20469643783098035,207153.17015973854
168.6,0.7680673555555618,0.9903798291141709,0.7331309965368116,0.22231247355860906,214992.42323322338
168.65,0.782959516666668,1.0273254342911717,0.7442684658532139,0.24436591762450377,221574.21970539866
168.7,0.795510350000004,1.0647622500613834,0.7527416786300523,0.26925190006137933,226648.01389871555
168.75,0.808061183333332,1.102553482246501,0.7584485419183762,0.2944922989131691,230097.67629524434
168.8,0.820461294444445,1.1405613099748269,0.7614086309061063,0.3201000155303818,231897.2412873245
168.85,0.825476016666668,1.178643164212695,0.7613002770991043,0.35316714754602707,231831.24476446921
168.9,0.830490738888888,1.216635575045609,0.7578470369298842,0.386144836156721,229732.85255336209
168.95,0.835505461111112,1.2543738277198198,0.7511521334720016,0.41886836660870774,225691.8110478159
169.0,0.836929533333334,1.2916957867525523,0.7411585082814199,0.4547662534192183,219726.37375917583
169.05,0.833395088888888,1.3284301436932675,0.72759435032514,0.4950350548043795,211757.41545002503
169.1,0.829860644444443,1.364394566641476,0.710391225769276,0.5345339221970331,201862.27745998983
169.15,0.826326199999999,1.3994116773631307,0.6897329103212838,0.5730854773631316,190292.59503210726
169.2,0.815079883333327,1.43330727880944,0.6654415605591024,0.618227395476113,177124.98820773343
169.25,0.802140716666665,1.465891482542315,0.6372894861415668,0.6637507658756501,162455.1556586329
169.3,0.789201549999996,1.4969745697088654,0.6054378024550685,0.7077730197088694,146621.973056649
169.35,0.7741052222222067,1.5263760107284452,0.5700312585444575,0.7522707885062385,129974.25428711125
169.4,0.751360777777776,1.553914994348586,0.5308641497436581,0.8025542165708099,112726.69819322282
169.45,0.728616333333327,1.5793985678593092,0.4878653935457241,0.8507822345259822,95205.0568878097
169.5,0.705871888888891,1.602642746822206,0.44133919735598115,0.896770857933315,77912.11484912867
169.55,0.677308572222219,1.623474257914442,0.3913202786539221,0.9461656856922231,61252.6241943133
169.6,0.6451788499999909,1.641714739474922,0.3376997794489727,0.9965358894749312,45616.45641595393
169.65,0.613049127777781,1.6571873082996926,0.2806632423484471,1.0441381805219117,31508.742242217257
169.7,0.580756150837985,1.6697299447061618,0.22055905544245968,1.0889737938681767,19458.518775068
169.75,0.540463692737434,1.6791917179917633,0.15736624918072717,1.1387280252543293,9905.654552484286
169.8,0.50017123463686,1.6854152775803461,0.09109507422979451,1.185244042943486,3319.3250195727087
169.85,0.4598787765362857,1.6882563244486686,0.022128786230508235,1.2283775479123829,195.87327201421235
169.9,0.417281143646392,1.6875877300511708,-0.049263781340055504,1.2703065864047787,970.7680607683204
169.95,0.371749651933677,1.6832917353580925,-0.12294970289395214,1.3115420834244156,6046.651776684442
170.0,0.326218160220989,1.6752585286780002,-0.19869093988753578,1.3490403684570111,15791.235837356942
170.05,0.280686668508274,1.6633944218151306,-0.27612685897889117,1.3827077533068566,30498.41689981938
170.1,0.23258708944442064,1.6476214748707283,-0.3550258033151648,1.4150343854263077,50417.32840783124
170.15,0.183923783888884,1.6278708298852702,-0.43518679262087556,1.4439470459963861,75755.01778865799
170.2,0.13526047833332,1.6040869088085596,-0.5163024082797962,1.4688264304752396,106627.27071820697
170.25,0.0864522111111158,1.5762299304803902,-0.5980588677808041,1.4897777193692743,143069.76373250294
170.3,0.0371299888888842,1.5442750183307834,-0.6801767512192458,1.507145029441899,185056.1651596671
170.35,-0.012192233333347367,1.5082108547954198,-0.7623799443959127,1.5204030881287671,232489.271846846
170.4,-0.0615144555555509,1.4680404283003037,-0.8443801492540961,1.5295548838558546,285191.1345817479
170.45,-0.110110433888898,1.4237813946935587,-0.9258685122083545,1.5338918285824568,342893.0007595648
170.5,-0.158261294999999,1.375467375190408,-1.0065304393938086,1.5337286701904072,405241.4101705174
170.55,-0.206412156111126,1.3231466216568584,-1.086097552230356,1.5295587777679844,471843.1571843083
170.6,-0.25452131843578385,1.2668798477806205,-1.1643325149860242,1.5214011662164042,542268.0821814721
170.65,-0.300587240223478,1.2067408262011687,-1.2409220438871056,1.5073280664246467,615955.0076019807
170.7,-0.346653162011197,1.142819958474733,-1.3155742787069584,1.48947312048593,692294.2731181335
170.75,-0.392719083798891,1.0752188057196712,-1.3881036734528815,1.4679378895185622,770732.7233013536
170.8,-0.437193756906093,1.0040490376549347,-1.458268097966327,1.4412427945610278,850618.3382185317
170.85,-0.47964320441991193,0.9294366883852709,-1.52575279164279,1.4090798928051829,931168.6324823068
170.9,-0.522092651933707,0.8515221976826823,-1.5903325303041393,1.3736148496163894,1011663.0227774266
170.95,-0.564542099447526,0.770453905049303,-1.651885362414607,1.334996004496829,1091490.100223855
171.0,-0.603975865921785,0.6863882650949708,-1.7101636092947665,1.2903641310167557,1169863.8282224413
171.05,-0.64274765363129,0.5994964953164166,-1.7649059829196596,1.2422441489477065,1245957.2514182439
171.1,-0.6815194413407952,0.5099584816945412,-1.8160004981447964,1.1914779230353365,1319143.1237048593
171.15,-0.719115466666667,0.41795937131080574,-1.8633206538266696,1.1370748379774729,1388785.543590819
171.2,-0.752988244444451,0.32369410971525886,-1.9065808174930208,1.07668235415971,1454020.1654529423
171.25,-0.786861022222216,0.22737249895287948,-1.9455695347399293,1.0142335211750955,1514096.325803258
171.3,-0.8207338,0.12920877434163677,-1.9802623304477058,0.9499425743416368,1568575.5589560715
171.35,-0.851290844444452,0.029420664871714283,-2.010492941888487,0.8807115093161663,1616832.7477533692
171.4,-0.879982788888891,-0.07176227091128501,-2.0360302291464323,0.8082205179776061,1658167.6375992296
171.45,-0.908674733333345,-0.17410324881309763,-2.0568222979470803,0.7345714845202473,1692207.1861329232
171.5,-0.937138344444449,-0.27736611645319564,-2.072912639446266,0.6597722279912533,1718786.724310434
171.55,-0.960121955555564,-0.38131278043381955,-2.0841012108959243,0.5788091751217445,1737391.142903143
171.6,-0.9831055666666801,-0.4856918861995844,-2.090229885191441,0.4974136804670957,1747624.3891789697
171.65,-1.00608917777778,-0.5902535079857081,-2.0914239107297035,0.415835669792072,1749621.5897487705
171.7,-1.02615155555556,-0.6947519955140194,-2.087682404578014,0.3313995600415406,1743367.1289538553
171.75,-1.042496,-0.7989368205016517,-2.0788466363481084,0.24355917949834838,1728641.3349823377
171.8,-1.05884044444445,-0.9025518809836763,-2.0649247651915785,0.15628856346077358,1705565.7143605985
171.85,-1.0751848888888962,-1.0053479010696682,-2.0461195562441015,0.06983698781922798,1674642.0953778233
171.9,-1.08548833333333,-1.1070810928414208,-2.0223512798867853,-0.021592759508090698,1635961.8797038873
171.95,-1.09464111111111,-1.207498510829415,-1.9935124786265883,-0.11285739971830488,1589636.8009759695
172.0,-1.10379388888889,-1.3063512582139443,-1.959808984213078,-0.2025573693250542,1536340.5018409186
172.05,-1.11112933333333,-1.4034013813660704,-1.9214244080190999,-0.2922720480327403,1476748.7022926193
172.1,-1.11270988888889,-1.4984143378292218,-1.878279637509804,-0.38570444894033185,1411173.7586735843
172.15,-1.11429044444444,-1.5911506525708448,-1.830413490707651,-0.47686020812640484,1340165.4187858272
172.2,-1.115871,-1.6813825222281558,-1.7781575078462553,-0.5655115222281557,1264737.649084002
172.25,-1.11248977777778,-1.768894896452368,-1.721612203142349,-0.6564051186745881,1185579.4312034613
172.3,-1.10631755555555,-1.8534720779376406,-1.660767496087202,-0.7471545223820906,1103259.470423902
172.35,-1.1001453333333298,-1.9349040966350182,-1.5958694173831351,-0.8347587633016884,1018719.6789355149
172.4,-1.09365144444444,-2.0129975697501936,-1.5272837602597689,-0.9193461253057535,933038.2737412875
172.45,-1.07943755555555,-2.0875710492832322,-1.455013766963367,-1.0081334937276822,846826.0248211708
172.5,-1.06522366666667,-2.1584382438821894,-1.3791005801087355,-1.0932145772155195,760767.3640225003
172.55,-1.05100977777778,-2.225427134493095,-1.29994775819679,-1.174417356715315,675945.669616344
172.6,-1.0331018444444373,-2.288382741814024,-1.2177777819736348,-1.2552808973695866,593193.0905074503
172.65,-1.0104924,-2.3471548108697964,-1.1326014074969988,-1.3366624108697964,513114.379305673
172.7,-0.987882955555551,-2.40159594012893,-1.0446069300868746,-1.4137129845733791,436481.45535420976
172.75,-0.965273511111115,-2.451575090470981,-0.9541860476783632,-1.486301579359866,364188.40543362225
172.8,-0.935497933333329,-2.4969751160391804,-0.861399696328463,-1.5614771827058513,296803.7747339073
172.85,-0.904357377777763,-2.5376758826049066,-0.76626150178325,-1.6333185048271437,234862.67564604865
172.9,-0.873216822222214,-2.5735675815898573,-0.6691006830205034,-1.7003507593676432,179078.28960740168
172.95,-0.840119266666644,-2.604557097658211,-0.5702076079940239,-1.7644378309915671,130054.68648570657
173.0,-0.800824544444437,-2.6305598141033784,-0.4696028247165007,-1.8297352696589413,88210.7251926866
173.05,-0.761529822222207,-2.651490775686629,-0.3674001430938337,-1.889960953464422,53993.14605814779
173.1,-0.7222350999999754,-2.6672793352517434,-0.263966153909305,-1.945044235251768,27871.25216386836
173.15,-0.678287933333324,-2.6778695008447846,-0.1594580669389748,-1.9995815675114605,10170.750044765826
173.2,-0.631723766666649,-2.6832080723551126,-0.05392453003623836,-2.0514843056884637,1163.141975851669
173.25,-0.5851596,-2.6832488035829396,0.05240000267822027,-2.0980892035829397,1098.3041122709967
173.3,-0.538344388888879,-2.67796012284194,0.15920345294228028,-2.139615733953061,10138.29577149794
173.35,-0.48550411111109093,-2.667321397307523,0.26643123649219835,-2.1818172861964324,28394.241511504693
173.4,-0.432663833333333,-2.6513110343139523,0.3740189027751475,-2.2186472009806195,55956.05585325009
173.45,-0.379823555555546,-2.629918373244257,0.4816764946680195,-2.250094817688711,92804.89820626823
173.5,-0.324672666666674,-2.603145278290738,0.5892217796339022,-2.278472611624064,138872.92223797712
173.55,-0.266580999999987,-2.570999098049243,0.696593946703398,-2.304418098049256,194097.2506335266
173.6,-0.20848933333329994,-2.53349124975898,0.8036456409796974,-2.32500191642568,258338.5265062675
173.65,-0.150397666666646,-2.4906440797760374,0.9101259398504491,-2.3402464131093916,331331.6905554653
173.7,-0.0891481133332982,-2.4424902137693225,1.015913438742482,-2.3533421004360244,412832.0460070299
173.75,-0.0272970577777661,-2.389065943053428,1.1209095851069184,-2.3617688852756618,502575.31919382553
173.8,0.0345539977778012,-2.330416045229555,1.22489947638963,-2.364970043007356,600151.4909038359
173.85,0.09675734666670335,-2.266596405781264,1.3276658281526525,-2.3633537524479675,705078.6204977075
173.9,0.160076291111123,-2.1976726862427935,1.4290397425518737,-2.3577489773539164,816861.8343170902
173.95,0.22339523555558,-2.1237186204648317,1.528843516463233,-2.3471138560204117,934944.9991326656
174.0,0.28671418,-2.0448180767335025,1.6268639854369675,-2.3315322567335026,1058674.5708447415
174.05,0.349379755555567,-1.9610658020751257,1.7228709630721466,-2.310445557630693,1187313.7421588583
174.1,0.411677811111135,-1.8725684816031822,1.8166291300633648,-2.2842462927143172,1320056.558477911
174.15,0.473975866666667,-1.7794437582180034,1.9079363149057005,-2.2534196248846703,1456088.3926943778
174.2,0.536125600000012,-1.6818188388599176,1.9966052823704332,-2.2179444388599294,1594573.061435807
174.25,0.594715599999998,-1.5798325602348782,2.0823158068003917,-2.174548160234876,1734415.6477003065
174.3,0.653305600000019,-1.473641645388766,2.164763995034507,-2.126947245388785,1874481.2616791038
174.35,0.7118956000000376,-1.36341318897364,2.2437912924173706,-2.0753087889736777,2013839.7455712059
174.4,0.767916368715104,-1.249323858233089,2.319139045578609,-2.017240226948193,2151362.365090905
174.45,0.820667206703943,-1.1315670361336685,2.390422713028502,-1.9522342428376116,2285648.298785018
174.5,0.873418044692751,-1.0103538412761788,2.457371871758314,-1.8837718859689296,2415470.6064435844
174.55,0.926168882681589,-0.885904258907063,2.519857239122533,-1.8120731415886522,2539872.2022232935
174.6,0.9716615027624583,-0.7584496772239097,2.57745057372578,-1.730111179986368,2657300.583999741
174.65,1.0159725524862,-0.6282483915393837,2.6296937196917534,-1.6442209440255837,2766115.6237545
174.7,1.06028360220996,-0.4955716728106875,2.6764560541143156,-1.5558552750206474,2865366.803842069
174.75,1.1023982122905,-0.36069680081197353,2.717579073660226,-1.4630950131024736,2954094.4086383893
174.8,1.13755743016761,-0.22391520016714223,2.7526181869608686,-1.3614726303347522,3030762.7532750955
174.85,1.17271664804471,-0.08554162111691319,2.781260598814883,-1.258258269161623,3094164.2074080487
174.9,1.20787586592179,0.05410468082195846,2.8035338911844687,-1.1537711850998316,3143920.9116079714
174.95,1.2357246961326,0.19470087783717632,2.8191562112820754,-1.0410238182954237,3179056.6974441223
175.0,1.25980756906077,0.33590248954429996,2.827711881918583,-0.92390507951647,3198381.7948574135
175.05,1.28389044198895,0.47735365916004713,2.829164687703046,-0.806536782828903,3201669.13205835
175.1,1.3075063128491538,0.618703047542283,2.8236642745962253,-0.6888032653068707,3189231.9742524107
175.15,1.31991413407821,0.7595982517513579,2.810856731897129,-0.560315882326852,3160366.226900563
175.2,1.33232195530727,0.8996623060670865,2.7904656388602596,-0.4326596492401835,3114679.392663919
175.25,1.34472977653632,1.0385233876501978,2.762789995031317,-0.30620638888612217,3053203.4226580583
175.3,1.35161144444444,1.1758208733250388,2.727890425152665,-0.17579057111940122,2976554.468655835
175.35,1.35200588888889,1.3111884947437495,2.6855569965969313,-0.04081739414514041,2884886.5527882916
175.4,1.35240033333333,1.4442544989105914,2.635900082111252,0.09185416557726134,2779187.697149642
175.45,1.35279477777778,1.5746640712564464,2.5793780050799935,0.22186929347866635,2661276.357236179
175.5,1.34346644444444,1.7020780481726572,2.516003666927765,0.3586116037282172,2532109.780797584
175.55,1.33255533333333,1.8261500740739236,2.4457684080520363,0.4935947407405936,2392713.2423301567
175.6,1.3216442222222184,1.9465488471587513,2.3691708592276934,0.6249046249365329,2245188.224085475
175.65,1.30803344444444,2.0629687962479344,2.2866720463008723,0.7549353518034945,2091547.6189335273
175.7,1.28673899999999,2.175119622652517,2.19838911533267,0.888380622652527,1933165.8809652633
175.75,1.26544455555556,2.2827160291880317,2.1046047288616894,1.0172714736324717,1771744.4258987939
175.8,1.24415011111111,2.3854993069429433,2.0059718403194253,1.1413491958318334,1609569.2096618009
175.85,1.2168111666666581,2.483238498294378,1.9028562440381562,1.2664273316277197,1448344.7541899998
175.9,1.18635838888889,2.575714152181325,1.795492980806934,1.389355763292435,1289518.0176507877
175.95,1.15590561111111,2.6627255904785505,1.6843952340122035,1.5068199793674406,1134874.9217452102
176.0,1.12500373333334,2.7441016542370726,1.5701739618849921,1.6190979209037326,986178.5082326451
176.05,1.08706595555555,2.81969559094258,1.4531085563733483,1.73262963538703,844609.7906421747
176.1,1.04912817777776,2.889370111539418,1.3334966597275386,1.8402419337616582,711285.3366018012
176.15,1.01119039999999,2.9530124699631153,1.211914894416292,1.9418220699631252,587495.084523221
176.2,0.970764661111091,3.0105360736437814,1.0887995766859486,2.0397714125326902,474193.8072766004
176.25,0.927418272222218,3.0618717631487256,0.9644426250460562,2.1344534909265076,372059.83080229105
176.3,0.884071883333321,3.1069658781637775,0.839215583887476,2.2228939948304562,281713.1184958389
176.35,0.8407254944444225,3.1457864205770476,0.713571899505708,2.305060926132625,203673.9423056737
176.4,0.794669149999996,3.1783213411451317,0.5878227881694005,2.383652191145136,138214.25211649915
176.45,0.748171649999987,3.204571428614482,0.462234985447263,2.4563997786144953,85464.47270857258
176.5,0.701674150000004,3.224553173919654,0.33714468108681944,2.52287902391965,45466.61439405327
176.55,0.654811638888884,3.238299246605922,0.21285292920275078,2.583487607717038,18122.547788076496
176.6,0.606910249999986,3.245855614279592,0.08958778388066227,2.6389453642796057,3210.3884082593
176.65,0.559008861111116,3.2472786619491063,-0.03244156896922033,2.68826980083799,420.9821588738718
176.7,0.511107472222218,3.242635641631628,-0.15302217401092402,2.73152816940941,9366.314295611804
176.75,0.463062716666675,3.2320035655090273,-0.27197763730765695,2.7689408488423526,29588.734078182155
176.8,0.414944105555547,3.215467430370052,-0.3891618841796025,2.8005233248145047,60578.78883928734
176.85,0.36682549444442,3.193119039895766,-0.5044480783477241,2.826293545451346,101787.14549948464
176.9,0.31874543333332,3.1650561189619424,-0.6177259617852056,2.846310685628622,152634.1455453829
176.95,0.2712693222222,3.131381830190394,-0.7288819764333545,2.8601125079681937,212507.57422775726
177.0,0.223793211111107,3.0922049445823205,-0.8378175826346106,2.8684117334712136,280775.320708681
177.05,0.176317099999987,3.047638254511027,-0.9444630296213482,2.87132115451104,356804.16572861426
177.1,0.1293219444444223,2.99779815566105,-1.0487383459494188,2.8684762112166275,439940.8473058892
177.15,0.0828913888888845,2.9428055042898857,-1.1505492135784623,2.859914115401001,529505.3971464072
177.2,0.0364608333333201,2.8827855836311467,-1.249819610693935,2.8463247502978266,624819.6237100557
177.25,-0.0099697222222178,2.8178668450955806,-1.346492371266208,2.8278365673177985,725216.6823512383
177.3,-0.0551066944444487,2.748181322744614,-1.4404671649794776,2.8032880171890624,829978.2613536054
177.35,-0.10003308333334597,2.6738668727361143,-1.5316378226229246,2.77389995606946,938365.7678756373
177.4,-0.144959472222218,2.595065339323109,-1.6199410550894502,2.740024811545327,1049683.6087857285
177.45,-0.189350405555561,2.5119218252519944,-1.7053013448819632,2.701272230807555,1163221.070742493
177.5,-0.232217349999996,2.4245864099053103,-1.787589899828422,2.6568037599053063,1278191.0599874354
177.55,-0.275084294444456,2.3332158793380686,-1.8666962158382239,2.6083001737825247,1393821.904889898
177.6,-0.3179512388889139,2.2379708266794096,-1.942560562209572,2.5559220655683235,1509416.6151407873
177.65,-0.358875766666678,2.139016075404266,-2.015050134668528,2.497891842070944,1624170.818091061
177.7,-0.398799655555574,2.0365249179213163,-2.0839936597586055,2.4353245734768905,1737211.8295656263
177.75,-0.438723544444448,1.930677536290372,-2.149287706191029,2.36940108073482,1847775.057593558
177.8,-0.478409933333344,1.8216582894620588,-2.2108533526475203,2.3000682227954026,1955149.0187651122
177.85,-0.514375488888906,1.709658088908005,-2.268466071664017,2.224033577796911,2058375.3273163107
177.9,-0.550341044444448,1.5948811268099552,-2.32191236260696,2.145222171254403,2156510.8078508144
177.95,-0.58630660000001,1.477537427852578,-2.3711244907924174,2.063844027852588,2248892.5403342405
178.0,-0.619896894444442,1.3578419278620146,-2.4159422384573204,1.9777388223064567,2334710.759824867
178.05,-0.650698838888892,1.236020895305164,-2.4560993408627363,1.886719734194056,2412969.588874547
178.1,-0.681500783333342,1.1123122966790067,-2.4914390993755373,1.7938130800123486,2482907.5143588753
178.15,-0.712302727777775,0.9869577561713021,-2.521933545998494,1.699260483949077,2544059.5241730153
178.2,-0.738040705555561,0.8602035752213673,-2.547351416897984,1.5982442807769282,2595599.696468867
178.25,-0.762954316666667,0.7323113155973939,-2.5674484200985086,1.495265632264061,2636716.5559465312
178.3,-0.787867927777787,0.6035474835965654,-2.5822215172650935,1.3914154113743524,2667147.185690737
178.35,-0.8111607709497305,0.4741782423509613,-2.5916511180016646,1.2853390133006917,2686662.2069757115
178.4,-0.829840659217883,0.34447490444286755,-2.5955302531065634,1.1743155636607505,2694710.9179165685
178.45,-0.848520547486044,0.21471950008352486,-2.593753382663767,1.063240047569569,2691022.6440318935
178.5,-0.867200435754193,0.08519171739260223,-2.5864482861809788,0.9523921531467953,2675885.894835409
178.55,-0.881702232044203,-0.043832364035586685,-2.5735666311857406,0.8378698680086163,2649298.0820610886
178.6,-0.894237867403321,-0.17207009436108403,-2.554994932149365,0.722167773042237,2611199.6413235753
178.65,-0.906773502762432,-0.2992388408941066,-2.530842967512448,0.6075346618683254,2562066.450482886
178.7,-0.918996793296091,-0.4250648525185255,-2.501319384233551,0.49393194077756547,2502639.464777004
178.75,-0.926326681564245,-0.5492811141205708,-2.466417355477179,0.37704556744367423,2433285.8285596166
178.8,-0.933656569832403,-0.6716175946525825,-2.426176388465839,0.26203897517982044,2354532.7471796563
178.85,-0.9409864581005598,-0.7918147312914747,-2.3808946923190435,0.14917172680908508,2267463.814365197
178.9,-0.946092666666667,-0.9096264871158687,-2.33077929664832,0.03646617955079834,2173012.8518737745
178.95,-0.948789888888889,-1.0248139477739782,-2.2759419750725205,-0.07602405888508912,2071964.749558802
179.0,-0.951487111111111,-1.1371460185769406,-2.216624896955448,-0.1856589074658297,1965370.3735211003
179.05,-0.954184333333333,-1.2464079608195708,-2.1531991784457727,-0.29222362748623787,1854506.68082382
179.1,-0.9529789999999987,-1.3524005956957832,-2.085853623069624,-0.3994215956957845,1740314.134749071
179.15,-0.9512415,-1.4549309749767914,-2.014766806952107,-0.5036894749767914,1623714.114558396
179.2,-0.949503999999999,-1.5538211413574614,-1.9403111182738648,-0.6043171413574624,1505922.8942788704
179.25,-0.946379644444443,-1.6489113962753954,-1.862813319562998,-0.7025317518309524,1388029.3854165263
179.3,-0.939689088888886,-1.740054348384334,-1.7824277217869322,-0.800365259495448,1270819.4333578213
179.35,-0.9329985333333289,-1.8271097978202235,-1.6993785767680423,-0.8941112644868946,1155155.0188712708
179.4,-0.926307977777776,-1.9099542503682774,-1.61405066131211,-0.9836462725905014,1042063.8149128237
179.45,-0.91567814444444,-1.9884800089811818,-1.5266309782772096,-1.0728018645367419,932240.857534252
179.5,-0.903194533333333,-2.0625841890447623,-1.437220765345868,-1.1593896557114292,826241.411336545
179.55,-0.89071092222222,-2.132173622736292,-1.3461013292198096,-1.2414627005140721,724795.5154109353
179.6,-0.8777139333333227,-2.1971713456543114,-1.2536019871785877,-1.3194574123209888,628607.1769032417
179.65,-0.8588131,-2.257511661305751,-1.1597731182829887,-1.3986985613057512,538029.474356739
179.7,-0.839912266666663,-2.3131278692156507,-1.0646955142763732,-1.4732156025489878,453430.6152480923
179.75,-0.821011433333337,-2.3639660535774416,-0.9687068603680246,-1.5429546202441045,375357.1925296302
179.8,-0.799097533333331,-2.409986513472498,-0.8719948935432545,-1.6108889801391668,304150.03774620476
179.85,-0.773919477777767,-2.4511541598878446,-0.7745991242179523,-1.6772346821100776,240001.52129568745
179.9,-0.748741422222217,-2.4874378589890167,-0.6766876030090205,-1.7386964367667996,183162.4448264375
179.95,-0.723563366666653,-2.51881922870232,-0.5785527672881744,-1.795255862035667,133889.3218147218
180.0,-0.693480533333327,-2.545290505091952,-0.48025940996620864,-1.851809971758625,92259.64034443634
180.05,-0.662728866666655,-2.566843106676796,-0.38184053840618193,-1.904114240010141,58320.87870812915
180.1,-0.6319771999999823,-2.583476278386956,-0.283522960772953,-1.9514990783869735,32154.10771418458
180.15,-0.599949355555549,-2.595200146671183,-0.1854885071486525,-1.9952507911156339,13762.394513694284
180.2,-0.564639911111098,-2.6020304256179085,-0.08777089013885593,-2.0373905145068107,3081.491662306847
180.25,-0.529330466666667,-2.603983893741089,0.0095488106055647,-2.074653427074422,36.47191359237796
180.3,-0.494021022222216,-2.601085577730802,0.1062679439567885,-2.107064555508586,4517.150365121256
180.35,-0.4561326777777408,-2.5933685623819525,0.20230003970934035,-2.1372358846042117,16370.122426560274
180.4,-0.417030733333333,-2.58086762556468,0.29760995088149256,-2.163836892231347,35428.67314547377
180.45,-0.377928788888881,-2.5636218635478203,0.39206317669732044,-2.185693074658939,61485.41380879772
180.5,-0.338569088888896,-2.541678346037792,0.48549510631244763,-2.203109257148896,94282.19930133394
180.55,-0.296245199999993,-2.5150900810649532,0.5778638259071284,-2.2188448810649604,133570.64051680957
180.6,-0.253921311111065,-2.4839105827906045,0.6691164403970035,-2.2299892716795395,179086.72432382268
180.65,-0.21159742222221,-2.4481997881252435,0.7590890764999344,-2.2366023659030336,230486.49042460928
180.7,-0.168122693333308,-2.408024876711022,0.8476705449111784,-2.239902183377714,287418.14108400565
180.75,-0.123401221111103,-2.3634569012357347,0.9348028952550783,-2.2400556801246316,349542.5811909108
180.8,-0.0786797488888719,-2.3145704072330346,1.0203871802840403,-2.2358906583441627,416475.9990752058
180.85,-0.0339582766666153,-2.2614463512457843,1.1042824801781337,-2.227488074579169,487775.91841134813
180.9,0.011740093333342,-2.2041719289090365,1.1863924780563233,-2.2159120222423785,563010.8447954495
180.95,0.057571676666684,-2.142838337766636,1.2666293212771902,-2.2004100144333196,641739.9350076462
181.0,0.10340326,-2.0775422777094805,1.344870116138263,-2.1809455377094804,723470.251712698
181.05,0.149121000000009,-2.0083867702113793,1.4209849724683592,-2.1575077702113883,807679.3167923614
181.1,0.1945460000000428,-1.935481551263383,1.4948342060354285,-2.1300275512634257,893811.721413428
181.15,0.239971,-1.8589433511166722,1.5662838633824994,-2.0989143511166723,981298.0562769631
181.2,0.285396000000009,-1.7788951995028197,1.63521192579064,-2.064291199502829,1069567.2168991733
181.25,0.329425111111108,-1.6954671608395808,1.7014405056777113,-2.024892271950689,1157959.9177443304
181.3,0.372797333333345,-1.6087994985937273,1.764768724323514,-1.9815968319270723,1245763.460140177
181.35,0.4161695555556065,-1.519040970971388,1.8250566116920848,-1.9352105265269943,1332332.6543523972
181.4,0.459246333333348,-1.426346539398692,1.882183131056873,-1.8855928727320401,1417045.3355340217
181.45,0.498925500000023,-1.3308796378810597,1.9358920468908654,-1.8298051378810827,1499071.2068861218
181.5,0.538604666666674,-1.2328181472789626,1.9859531289019472,-1.7714228139456365,1577603.9320781736
181.55,0.578283833333348,-1.132346413283671,2.032289881620724,-1.710630246617019,1652080.8651751906
181.6,0.6154746000000396,-1.0296541289825885,2.0747297064175734,-1.6451287289826282,1721801.3418766202
181.65,0.649969600000007,-0.9249429707698851,2.1129991352600004,-1.574912570769892,1785906.138243804
181.7,0.684464600000013,-0.8184261990242727,2.1469505077060207,-1.5028907990242857,1843758.5930156559
181.75,0.7189596,-0.7103201689604021,2.1765678124505747,-1.4292797689604022,1894978.9768783522
181.8,0.747406800000005,-0.6008462293064224,2.2015779419685835,-1.3482530293064274,1938778.1738250495
181.85,0.7750293000000267,-0.49024394547727274,2.221694720959042,-1.2652732454772995,1974370.9732549102
181.9,0.8026518,-0.37875825473385893,2.236922374295706,-1.1814100547338588,2001528.6834498951
181.95,0.827932488888893,-0.2666340616661403,2.247209800731465,-1.0945665505550333,2019980.75540142
182.0,0.847191377777774,-0.1541247977890444,2.252247377738319,-1.0013161755668183,2029047.3002116536
182.05,0.866450266666667,-0.04149968254976896,2.251864260318143,-0.907949949216436,2028357.0587592707
182.1,0.8857091555555662,0.07097346758632073,2.246192329590104,-0.8147356879692454,2018151.992603767
182.15,0.898419266666666,0.18302874520401174,2.2350739543389513,-0.7153905214626544,1998222.2325457425
182.2,0.908047600000003,0.2943856051727006,2.2182415897876933,-0.6136619948273023,1968238.3002655332
182.25,0.917675933333334,0.4047589716881775,2.1957742684388286,-0.5129169616451565,1928569.8551752293
182.3,0.9264784,0.5138726314295088,2.1678839451440406,-0.41260576857049125,1879888.3198453158
182.35,0.9257833999999996,0.6214532665871738,2.134350172062911,-0.3043301334128258,1822180.2627939912
182.4,0.9250884,0.7272113721283887,2.09504060047766,-0.19787702787161132,1755678.0470599178
182.45,0.9243934,0.830866998801168,2.0503118803321465,-0.09352640119883204,1681511.5226524568
182.5,0.918801340782123,0.9321544979241073,2.000300680900138,0.013353157141984262,1600481.125603822
182.55,0.90790413407821,1.0308074933662317,1.9449162723974478,0.12290335928802165,1513079.7226545534
182.6,0.8970069273742908,1.1265595906101147,1.884339665920866,0.2295526632358239,1420294.3906251043
182.65,0.88610972067039,1.219162472812585,1.8190234096689608,0.333052752142195,1323538.4659694768
182.7,0.867179861878448,1.3083840938714026,1.7490381229269985,0.44120423199295467,1223653.7421807994
182.75,0.847357486187848,1.3939894328260958,1.6744412128347925,0.5466319466382478,1121501.3500958604
182.8,0.827535110497237,1.4757590093862847,1.59569107871497,0.6482238988890476,1018492.0074762178
182.85,0.8056202444444225,1.5534959806484423,1.5131868382725657,0.7478757362040198,915893.7630085296
182.9,0.778324688888889,1.6270175774650792,1.427075919768437,0.8486928885761903,814618.2723131723
182.95,0.751029133333323,1.6961478588310768,1.3376210311578896,0.9451187254977538,715692.0091983583
183.0,0.723733577777774,1.7607325521040946,1.245337156718279,1.0369989743263206,620345.8535612669
183.05,0.692651502793283,1.8206398910317185,1.1505518561110057,1.1279883882384354,529507.8294401922
183.1,0.6597875363128104,1.8757501631525397,1.05351103522073,1.2159626268397292,443954.2005327417
183.15,0.626923569832394,1.9259603671290837,0.954630894684143,1.2990367972966896,364528.0580341789
183.2,0.593729833333316,1.9711903723716118,0.8543761696274653,1.377460539038296,291983.45569091977
183.25,0.557568166666663,2.011380268173856,0.7530572411285988,1.453812101507193,226838.08336648665
183.3,0.52140649999999,2.046483583680705,0.6509853908958061,1.5250770836807148,169512.7916639062
183.35,0.485244833333295,2.0764732973690903,0.5485806745677089,1.5912284640357952,120376.30260366501
183.4,0.448303305555552,2.101342077381276,0.4461993891172839,1.6530387718257238,79637.55793945494
183.45,0.410581916666656,2.1210985844549572,0.3441368397747897,1.7105166677883012,47372.06579607171
183.5,0.372860527777781,2.13576615939508,0.2426958733018372,1.762905631617299,23560.514767096567
183.55,0.335139138888885,2.145383700206801,0.14218440855115766,1.8102445613179157,8086.562414017007
183.6,0.298026749999968,2.1500052142690484,0.04290757652112788,1.8519784642690804,736.4240491665778
183.65,0.260982027777781,2.149699726956916,-0.05485503577251122,1.888717699179135,1203.629979841394
183.7,0.223937305555552,2.144548793768327,-0.15087441198212004,1.920611488212775,9105.235276380194
183.75,0.187639366666675,2.134645287257387,-0.2449154539559558,1.9470059205907122,23993.431834580762
183.8,0.153083922222218,2.120094986828198,-0.3366940155944056,1.9670110646059802,45345.14405483434
183.85,0.1185284777777423,2.101017432601974,-0.4259811480460169,1.9824889548242317,72583.97539624102
183.9,0.0839730333333251,2.077540728668438,-0.5126382115299544,1.993567695335113,105119.17436825209
183.95,0.0521861666666522,2.0498013957133487,-0.5964300231618029,1.9976152290466966,142291.5090115155
184.0,0.0215858333333304,2.0179498425168414,-0.6770963666614573,1.996364009183511,183383.7958984587
184.05,-0.0090145000000087,1.9821459745945387,-0.754511071235229,1.9911604745945475,227714.78264661314
184.1,-0.0391034444444709,1.9425543338835214,-0.8285912292497064,1.9816577783279923,274625.3700758158
184.15,-0.0645898888888913,1.8993467108588775,-0.8990817917103756,1.963936599747769,323339.2272740557
184.2,-0.0900763333333406,1.8527094863446676,-0.9657736452323692,1.9427858196780081,373087.49353016727
184.25,-0.115562777777775,1.8028327407511353,-1.0286629227548465,1.9183955185289103,423258.96346021735
184.3,-0.138039055555557,1.7499085450054892,-1.0876325296250688,1.8879476005610463,473177.80779945053
184.35,-0.157505166666683,1.6941385998497087,-1.1424566521973676,1.8516437665163916,522082.8808600068
184.4,-0.176971277777776,1.6357333784112433,-1.1930515566126805,1.8127046561890192,569348.8066943759
184.45,-0.196437388888891,1.5749030865312954,-1.2394684796760298,1.7713404754201865,614512.8448441635
184.5,-0.209860249999998,1.511859503274522,-1.28150825986157,1.7217197532745199,656905.3680373715
184.55,-0.222611638888892,1.446828729112931,-1.3189604352556188,1.6694403680018228,695862.6519078766
184.6,-0.2353630277777911,1.3800389513289106,-1.3518835056222713,1.6154019791067018,731035.6051094247
184.65,-0.246114166666668,1.3117157601622789,-1.3802843221814884,1.5578299268289468,762073.9240240044
184.7,-0.252198055555558,1.242089021327528,-1.4039760405290278,1.494287076883086,788459.4889518265
184.75,-0.258281944444445,1.171397993674685,-1.4228780439611257,1.42967993811913,809832.7711946556
184.8,-0.264365833333335,1.0998787533810501,-1.4371284319871331,1.364244586714385,826135.2520103185
184.85,-0.266212,1.027763386142797,-1.4466858427873903,1.293975386142797,837159.9710885847
184.9,-0.266242,0.9552901196049577,-1.451447118126679,1.2215321196049578,842679.4946872967
184.95,-0.266272,0.8826968276149323,-1.4515198129424842,1.1489688276149324,842763.9069458337
185.0,-0.265815333333334,0.8102132679559335,-1.4470853125331036,1.0760286012892675,837622.3606996121
185.05,-0.260978666666666,0.7380635809679835,-1.4381347775416418,0.9990422476346495,827292.6553498991
185.1,-0.2561419999999962,0.6664744956191371,-1.4247022172795138,0.9226164956191333,811910.5631684653
185.15,-0.251305333333334,0.5956638940649635,-1.4070376803627251,0.8469692273982974,791902.0135842073
185.2,-0.244729916666665,0.5258383485504033,-1.3853161048881475,0.7705682652170683,767640.2841849875
185.25,-0.23641575,0.4571982040118702,-1.3596394060909638,0.6936139540118702,739447.7258381555
185.3,-0.228101583333331,0.3899370937240151,-1.330201270438403,0.618038677057346,707774.1679503765
185.35,-0.2197874166666551,0.32423609121166397,-1.2972818910592168,0.5440235078783191,673176.121948071
185.4,-0.209543999999997,0.2602637726248738,-1.2610703376375132,0.46980777262487083,636119.3585876765
185.45,-0.199086222222217,0.1981808427886327,-1.2217512619271813,0.39726706501084974,597070.458408264
185.5,-0.188628444444443,0.1381357596322612,-1.1796049377728008,0.3267642040767042,556587.1236871893
185.55,-0.17784158333333,0.080262884152292,-1.1349060988325022,0.258104467485622,515204.7412668837
185.6,-0.1662868611110994,0.024683720814623028,-1.0878926603626722,0.19097058192572242,473404.17618838896
185.65,-0.154732138888888,-0.02849206492305837,-1.0388196804800574,0.12624007396582965,431658.5314210754
185.7,-0.143177416666663,-0.079168775248604,-0.9879777781888797,0.06400864141805901,390440.036078014
185.75,-0.131335752777779,-0.12726491623395633,-0.9356396334135757,0.004070836543822676,350168.60944571614
185.8,-0.119371113888888,-0.17271217721488274,-0.8820669925293481,-0.05334106332599474,311216.8717239076
185.85,-0.1074064749999902,-0.21545553190948413,-0.8275283537375788,-0.10804905690949393,273921.27049585094
185.9,-0.095454111111112,-0.25545335104152056,-0.7722888927994069,-0.15999923993040854,238572.05357653354
185.95,-0.083612222222219,-0.29267706951735734,-0.7166070558913962,-0.20906484729513836,205410.26902133384
186.0,-0.0717703333333328,-0.32711076988461585,-0.6607266687711851,-0.255340436551283,174623.89233018697
186.05,-0.0599284444444398,-0.3587501762365874,-0.604871277809531,-0.2988217317921476,146347.70508757394
186.1,-0.0484603055555418,-0.3876021084034077,-0.5492670528443964,-0.3391418028478659,120677.71813614757
186.15,-0.0373659166666635,-0.4136848837765876,-0.49414152119133015,-0.3763189671099241,97670.33718611271
186.2,-0.0262715277777725,-0.4370274750139282,-0.4396875711080019,-0.4107559472361557,77330.06407474169
186.25,-0.0151771388888878,-0.45766752780610864,-0.38606564818493083,-0.44249038891722087,59618.67388338031
186.3,-0.0052796249999972,-0.4756513444515565,-0.33348065889035616,-0.4703717194515593,44483.73994157843
186.35,0.0044849027777879,-0.49103615168375714,-0.2821281141278286,-0.49552105446154504,31838.50911253004
186.4,0.0142494305555565,-0.5038867947206097,-0.23213296538145783,-0.5181362252761662,21554.28544671564
186.45,0.0234398583333356,-0.5142743461553771,-0.18363067429429775,-0.5377142044887128,13488.089816711385
186.5,0.0312907194444437,-0.5222778837507147,-0.1368084970454553,-0.5535686031951584,7486.625945534542
186.55,0.0391415805555563,-0.5279856153033144,-0.09181055290706841,-0.5671271958588707,3371.671050040643
186.6,0.0469924416666724,-0.5314904793267188,-0.04870405711629188,-0.5784829209933912,948.8340718348087
186.65,0.0532408083333334,-0.5328897678435776,-0.007621025288558035,-0.586130576176911,23.232010579536432
186.7,0.0588023916666687,-0.5322887837236502,0.031291094601966066,-0.5910911753903189,391.65304055567594
186.75,0.0643639750000008,-0.5297977582993465,0.06797828351630392,-0.5941617332993473,1848.418811929199
186.8,0.0696676346368729,-0.5255283928996803,0.10242030127929738,-0.5951960275365532,4195.967245656819
186.85,0.0726499810055903,-0.519595139328045,0.13449908503353009,-0.5922451203336353,7236.001549942703
186.9,0.0756323273743027,-0.5121193387888424,0.1641274808103443,-0.5877516661631451,10775.131982859975
186.95,0.0786146737430184,-0.5032226361831288,0.19134191481089696,-0.5818373099261472,14644.69134540022
187.0,0.0802367222222223,-0.4930257352871276,0.21612192984031614,-0.5732624575093499,18683.475423161013
187.05,0.0806031111111112,-0.48165219094506273,0.238397786993843,-0.5622553020561739,22733.401937424696
187.1,0.0809695000000004,-0.4692276007360206,0.25817533070915566,-0.550197100736021,26661.800554712754
187.15,0.081335888888889,-0.45587511481317233,0.27552568990491855,-0.5372110037020613,30365.762319032536
187.2,0.0794774111111103,-0.44171603346335564,0.2904165649584893,-0.5211934445744659,33736.71248091537
187.25,0.0774254666666667,-0.4268749891355278,0.302815803235943,-0.5043004558021945,36678.96427577174
187.3,0.0753735222222218,-0.41147463944281215,0.31280404195602596,-0.486848161665034,39138.5474656109
187.35,0.0726416222222182,-0.39563376309707565,0.3204419321038588,-0.46827538531929386,41073.21274018162
187.4,0.0684648166666667,-0.3794696740947466,0.3257266878317965,-0.4479344907614133,42439.15006634904
187.45,0.0642880111111103,-0.3630996601637641,0.32869777858383886,-0.4273876712748744,43216.89185838014
187.5,0.0601112055555564,-0.3466365388208147,0.3294705952969539,-0.40674774437637107,43420.34926613167
187.55,0.0546870599999993,-0.33018824518096007,0.32810523784796164,-0.38487530518095936,43061.21884130699
187.6,0.0487778377777717,-0.3138609090605735,0.3246465288283185,-0.3626387468383452,42158.1474721105
187.65,0.0428686155555541,-0.2977566273033112,0.3192058104861601,-0.3406252428588653,40756.93977925054
187.7,0.0367948033333292,-0.28197120384739527,0.31191253569616456,-0.31876600718072445,38915.77196976445
187.75,0.0295139977777764,-0.26659504312412236,0.30283916808747685,-0.29610904090189877,36684.62469116602
187.8,0.0222331922222195,-0.2517155590872477,0.29206918467371107,-0.27394875130946716,34121.76345438654
187.85,0.014952386666658,-0.23741404306736758,0.27974368912480513,-0.25236642973402557,31302.612642062246
187.9,0.0071147766666649,-0.22376525968443112,0.265973650015034,-0.23088003635109602,28296.793000927915
187.95,-0.0012368066666698,-0.2108393458279369,0.2508431315489611,-0.2096025391612671,25168.91065811576
188.0,-0.00958839,-0.19870178980869505,0.2344615022791569,-0.18911339980869504,21988.87842039964
188.05,-0.0179399733333349,-0.1874118521563076,0.21695999645393224,-0.1694718788229727,18828.656024516116
188.1,-0.027075805555559,-0.17702294417892114,0.1984289830719701,-0.14994713862336215,15749.624529190478
188.15,-0.0362798333333333,-0.16758465080093893,0.17895580807408054,-0.13130481746760564,12810.07249737886
188.2,-0.0454838611111182,-0.1591409750452951,0.15866562366931475,-0.11365711393417689,10069.912053749045
188.25,-0.0549130088888875,-0.15172975513474551,0.13767520144129355,-0.09681674624585801,7581.784436760304
188.3,-0.0648205366666687,-0.14538356079866013,0.1160782404733544,-0.08056302413199143,5389.663164555956
188.35,-0.07472806444445,-0.1401302761110638,0.09398025880690655,-0.0654022116666138,3532.9156181652547
188.4,-0.0846355922222256,-0.13599174935140057,0.07150901819459995,-0.051356157129174976,2045.415873262251
188.45,-0.095028560000012,-0.13298389326271973,0.04876625312598257,-0.037955333262707724,951.2589775789619
188.5,-0.105610310000002,-0.13111813387611215,0.025842352988386563,-0.025507823876110156,267.13088319054873
188.55,-0.116192060000004,-0.13040082927748173,0.0028474952829631167,-0.014208769277477731,3.2432917545988804
188.6,-0.126857400000006,-0.1308327302681779,-0.020108853650155786,-0.0039753302681719005,161.74639804935347
188.65,-0.138135733333335,-0.13240983936619197,-0.04295335001779774,0.005725893967143042,737.9961111005779
188.7,-0.1494140666666774,-0.13512498122280192,-0.06561358908759499,0.014289085443875471,1722.0572291823055
188.75,-0.1606924,-0.1389665137982903,-0.08799350865124765,0.021725886201709704,3097.1430259028784
188.8,-0.172276666666669,-0.1439183999701204,-0.11001811700778064,0.02835826669654859,4841.594427975085
188.85,-0.184143333333338,-0.14996144554654256,-0.131630455842818,0.03418188778679543,6930.630762155222
188.9,-0.19601,-0.15707341989847004,-0.1527617457815884,0.03893658010152995,9334.460389695458
188.95,-0.2078766666666758,-0.1652282709127551,-0.17333249264561973,0.04264839575392071,12017.661202697527
189.0,-0.219930399999999,-0.17439619084131885,-0.19327485411827577,0.045534209158680145,14942.067693776313
189.05,-0.232000400000004,-0.18454418774860343,-0.2125234253592193,0.047456212251400565,18066.482530566263
189.1,-0.244070400000008,-0.19563575701484837,-0.23100575604533896,0.04843464298515962,21345.463730431464
189.15,-0.255984044444449,-0.20763068650552222,-0.24864389592166405,0.04835335793892678,24729.514791641323
189.2,-0.2675654333333466,-0.22048457245201827,-0.2653481141590321,0.04708086088132832,28163.848675101886
189.25,-0.279146822222224,-0.23414865650869926,-0.2810423862919357,0.04499816571352472,31593.929157066235
189.3,-0.290728211111115,-0.24857107637356463,-0.29567318259127284,0.042157134737550395,34969.05236146087
189.35,-0.301346400000006,-0.26369668370390253,-0.30914737065502756,0.037649716296103475,38228.8387131668
189.4,-0.311590011111113,-0.2794648475651883,-0.32136436480225183,0.032125163545924706,41310.02198590192
189.45,-0.3218336222222316,-0.29581142830679813,-0.33228050321027996,0.026022193915433478,44164.13312547075
189.5,-0.331793566666667,-0.3126706844780493,-0.3418644871336408,0.019122882188617685,46748.531025258904
189.55,-0.33967328888889,-0.3299735911768402,-0.349992256660764,0.00969969771204976,48997.831888997636
189.6,-0.347553011111114,-0.34764400910886906,-0.3565663772872059,-9.099799775508233e-05,50855.83256468883
189.65,-0.355432733333333,-0.3656045119350872,-0.36159777037713153,-0.010171778601754222,52301.1790166851
189.7,-0.3614047777777814,-0.3837767717258643,-0.36500888251993135,-0.02237199394808287,53292.59372737962
189.75,-0.365615888888888,-0.4020758284544274,-0.36664619035732027,-0.03645993956553939,53771.77156141453
189.8,-0.369827,-0.4204109880998365,-0.3664594407116917,-0.0505839880998365,53717.00867469035
189.85,-0.374038111111112,-0.4386920360687952,-0.3644885872311993,-0.06465392495768318,53140.77208871824
189.9,-0.373738666666667,-0.4568271811570101,-0.3605588468909106,-0.0830885144903431,52001.072828521246
189.95,-0.3730469999999996,-0.4747123457084468,-0.3544948901745442,-0.10166534570844721,50266.65086394486
190.0,-0.372355333333333,-0.49224202124804106,-0.3463522427487799,-0.11988668791470808,47983.95042284391
190.05,-0.369830866666664,-0.5093127851840082,-0.3361231694930478,-0.13948191851734426,45191.514028020865
190.1,-0.363411699999996,-0.5258164920604581,-0.3236244642376157,-0.1624047920604621,41893.11754123352
190.15,-0.356992533333332,-0.5416361923715073,-0.30878374117596,-0.1846436590381753,38138.959525848906
190.2,-0.3505733666666579,-0.5566579666473981,-0.2917293072329058,-0.2060845999807402,34042.39547943646
190.25,-0.3398782,-0.5707710163237887,-0.2723895319815811,-0.23089281632378866,29678.422853257918
190.3,-0.327520144444442,-0.5838566131475105,-0.2506317885672917,-0.2563364687030685,25126.517376175838
190.35,-0.315162088888884,-0.5957953878026551,-0.22654554267868074,-0.2806332989137711,20529.153163031184
190.4,-0.302117566666667,-0.6064747165225294,-0.20027216684241317,-0.3043571498558624,16043.57632470215
190.45,-0.2840389555555417,-0.6157845145473071,-0.17171411821722024,-0.3317455589917654,11794.295358046995
190.5,-0.265960344444448,-0.6236072713523139,-0.14082424637955845,-0.35764692690786587,7932.5873473482325
190.55,-0.247881733333333,-0.6298314472560669,-0.10780436452050879,-0.3819497139227339,4648.712403868293
190.6,-0.227129311111105,-0.634353406050771,-0.07272641071619178,-0.40722409493966594,2115.652326264086
190.65,-0.203908755555554,-0.6370691353719076,-0.03555129486123963,-0.4331603798163536,505.55782652432146
190.7,-0.1806881999999778,-0.6378752645235867,0.0036205579685762157,-0.4571870645236089,5.2433760015282935
190.75,-0.15746764444444,-0.6366775062977309,0.044567270024586214,-0.4792098618532909,794.4966229777523
190.8,-0.130010923333323,-0.6333892672131718,0.08726973863635579,-0.5033783438798488,3046.40291266314
190.85,-0.102185839999984,-0.6279215346384888,0.13171239697339243,-0.5257356946385048,6939.262206590606
190.9,-0.0743607566666614,-0.6201928004273914,0.17766912198624077,-0.54583204376073,12626.52676294468
190.95,-0.0452751145251093,-0.6101324531882337,0.2249562504119307,-0.5648573386631244,20242.12583975811
191.0,-0.0135107849161999,-0.5976759826786231,0.2735149766781406,-0.5841651977624231,29924.17698689752
191.05,0.0182535446927454,-0.5827618911363013,0.32321827390899643,-0.6010154358290467,41788.02103548442
191.1,0.0500178743016908,-0.5653393368065094,0.37381153547487,-0.6153572111082002,55894.02562163199
191.15,0.0836936266666699,-0.5453685453485297,0.4251369216329154,-0.6290621720151996,72296.56085420467
191.2,0.1180409600000295,-0.5228155376302217,0.4770696770129537,-0.6408564976302512,91038.1906900976
191.25,0.15238829333333,-0.49765501076048674,0.5293976160505978,-0.6500433040938167,112104.73435202247
191.3,0.186967000000003,-0.469872954595521,0.5818960101460285,-0.6568399545955239,135441.18664954678
191.35,0.22296700000001,-0.4394650569718662,0.6344164927562065,-0.6624320569718762,160993.71451243432
191.4,0.258966999999997,-0.406433535834473,0.6868043123583906,-0.66540053583447,188680.06538963268
191.45,0.2949670000000235,-0.3707904454170077,0.7388440616932622,-0.6657574454170312,218356.2189997588
191.5,0.331088949999993,-0.3325583036853504,0.7903343860219009,-0.6636472536853434,249851.376691446
191.55,0.367314783333339,-0.29176933437926683,0.8410860096817362,-0.6590841177126059,282970.27027293824
191.6,0.403540616666685,-0.24846517320773584,0.8909103304450448,-0.6520057898744208,317488.4867574795
191.65,0.43976645000001,-0.2026968875922112,0.9396203847171566,-0.6424633375922212,353154.58695040696
191.7,0.474981522222259,-0.15452552494334804,0.9869881553139128,-0.629507047165607,389658.2474919842
191.75,0.510132077777781,-0.1040241328845034,1.0327932744779351,-0.6141562106622844,426664.7791227422
191.8,0.545282633333343,-0.051274960227025136,1.0768736838107704,-0.5965575935603682,463862.77235367167
191.85,0.579555800000015,0.003631287520898911,1.1190385221921932,-0.5759245124791161,500898.8856600351
191.9,0.612125800000003,0.060592636770423036,1.1590296036810803,-0.55153316322958,537339.8488836489
191.95,0.6446958000000276,0.11949470484800537,1.196649394363788,-0.5252010951520222,572787.9092124882
192.0,0.677265799999997,0.18021635636150654,1.231797300544802,-0.49704944363849046,606929.8358517844
192.05,0.70691567777778,0.2426294299995305,1.2642467745874155,-0.46428624777824945,639327.9628218734
192.1,0.735539566666675,0.3065918182271671,1.2937447762456427,-0.4289477484395079,669510.2184251553
192.15,0.764163455555553,0.37195315459495976,1.3201987644882325,-0.39221030096059323,697169.9111025023
192.2,0.7920465888889052,0.43855985880483755,1.3435437849550278,-0.35348673008406767,722043.9608365127
192.25,0.815379366666664,0.5062511894106501,1.3635100060388332,-0.30912817725601394,743663.8146272076
192.3,0.83871214444445,0.5748510562274213,1.379888881934657,-0.2638610882170287,761637.3305947512
192.35,0.862044922222236,0.6441807247228036,1.3927073062049644,-0.21786419749943242,775853.4563026754
192.4,0.881745150000005,0.7140601082588258,1.4018263867783944,-0.16768504174117915,786046.8874672675
192.45,0.8983509833333504,0.7842972273811383,1.4069785759084055,-0.11405375595221212,791835.4852260979
192.5,0.914956816666668,0.8546907154107429,1.408096389192267,-0.06026610125592502,793094.1765025202
192.55,0.931562650000005,0.9250412275882971,1.4052765114525618,-0.0065214224117079445,789920.8294561128
192.6,0.940601744444449,0.9951484069902783,1.398261289794467,0.054546662545829294,782053.8538150747
192.65,0.949157855555556,1.064793341226087,1.3868059972575697,0.11563548567053106,769292.349611825
192.7,0.957713966666672,1.1337574361641882,1.371057173836087,0.17604346949751626,751919.1095709594
192.75,0.9631417,1.2018280147996272,1.3510470256330516,0.2386863147996272,730131.2261887662
192.8,0.9624967,1.2687871245406919,1.3265379275619367,0.3062904245406919,703881.1493041272
192.85,0.9618517,1.334405982274273,1.2974798041208664,0.3725542822742731,673381.5368406087
192.9,0.9612067,1.3984636457051751,1.264134402341291,0.43725694570517515,639214.3148731092
192.95,0.953209183333325,1.4607465647947222,1.226419273492386,0.5075373814613972,601641.6937574368
193.0,0.94262835,1.5210298274801939,1.1841599485336027,0.5784014774801939,560893.9134844418
193.05,0.932047516666663,1.5790901975560512,1.1375586353919742,0.6470426808893882,517615.85958194017
193.1,0.920081422222209,1.6347177436033662,1.086880325416637,0.7146363213811572,472523.5367111099
193.15,0.899605866666661,1.6877080494531016,1.03199258602731,0.7881021827864406,426003.479046134
193.2,0.8791303111110893,1.7378462614999233,0.9728597616474489,0.858715950388834,378582.44633309246
193.25,0.858654755555554,1.7849295721587315,0.9098589697103121,0.9262748166031775,331137.33790492424
193.3,0.833159299999991,1.8287700036144283,0.8431292752625957,0.9956107036144373,284346.789921932
193.35,0.803387633333319,1.8691795990801936,0.7726257697467807,1.0657919657468746,238780.23203072214
193.4,0.773615966666664,1.9059731615463222,0.6985562781696728,1.1323571948796582,195192.3495081061
193.45,0.7438442999999697,1.9389825811151171,0.6213271179017021,1.1951382811151474,154418.95497601427
193.5,0.706428083333337,1.9680540668622035,0.5409904462004264,1.2616259835288666,117068.26515205455
193.55,0.668523916666663,1.9930306911955107,0.45759676506201197,1.3245067745288477,83757.91975808727
193.6,0.630619749999989,2.013769518730914,0.371548395871276,1.383149768730925,55219.28418980738
193.65,0.590383938888891,2.030146448111039,0.2831542566140029,1.4397625092221482,32070.53321545144
193.7,0.5456219944444056,2.042047582795461,0.19251798983031873,1.4964255883510553,14825.270563322681
193.75,0.500860049999996,2.0493644350760696,0.09985133402304415,1.5485043850760736,3988.1155624726134
193.8,0.456098105555536,2.0520055848835064,0.0055549897700522405,1.5959074793279704,12.343164538154017
193.85,0.407409022222189,2.049896308180389,-0.0901598976494344,1.6424872859582003,3251.522857662594
193.9,0.357340133333319,2.042968405150567,-0.18714780824963353,1.685628271817248,14009.72085305664
193.95,0.3072712444443922,2.031165439905464,-0.28510290935046295,1.723894195461072,32513.467568039316
194.0,0.256691083333328,2.0144474403314296,-0.3837002302499044,1.7577563569981016,58890.34667753186
194.05,0.202970249999985,1.992787644754411,-0.48276501587461973,1.789817394754426,93224.82422096875
194.1,0.149249416666641,1.9661663380678804,-0.5821075543781953,1.8169169214012395,135539.68194566545
194.15,0.0955285833333283,1.9345774615324904,-0.6814173681756035,1.839048878199162,185731.8518605464
194.2,0.0407319106144768,1.8980293425370227,-0.7804440042791253,1.857297431922546,243637.13752609413
194.25,-0.014981217877092,1.8565411683578448,-0.8789854718812914,1.8715223862349368,309046.1839113506
194.3,-0.070694346368724,1.8101428788327099,-0.9768033387613652,1.8808372252014338,381657.90504614013
194.35,-0.126407474860356,1.7588773450748978,-1.073631974275128,1.8852848199352539,461074.24647436355
194.4,-0.1821392,1.702800407541425,-1.1692184653651303,1.8849396075414249,546828.7279003162
194.45,-0.2378717000000426,1.6419802419008027,-1.263321820814905,1.8798519419008453,638392.8091788349
194.5,-0.293604199999989,1.576496797700939,-1.355712349913879,1.870100997700928,735182.3902836047
194.55,-0.348748204419892,1.506441613217261,-1.4461481331257935,1.855189817637153,836537.7691772871
194.6,-0.402845994475158,1.4319191218153449,-1.534357377990724,1.834765116290503,941701.0253578278
194.65,-0.456943784530393,1.3530468786418597,-1.6201079516471932,1.8099906631722527,1049899.9099961857
194.7,-0.5110415745856886,1.2699522620128427,-1.703223866121581,1.7809938365985314,1160388.6152504582
194.75,-0.562919561111116,1.1827727549120173,-1.7834456968598573,1.7456923160231332,1272271.4214591768
194.8,-0.614017616666681,1.0916605897874438,-1.8604950647558733,1.7056782064541247,1384576.7543923846
194.85,-0.665115672222246,0.9967790144408223,-1.9341996408034037,1.6618946866630684,1496451.3001936064
194.9,-0.715489793296094,0.8982990995014147,-2.0043969515060724,1.6137888927975088,1607042.8556827344
194.95,-0.7614168882681971,0.796403595025543,-2.0707392960368223,1.5578204832937401,1715184.4928604297
195.0,-0.807343983240222,0.6912944428373151,-2.1329262574987355,1.4986384260775372,1819749.7679710248
195.05,-0.853271078212299,0.5831818423717701,-2.190861821465054,1.436452920584069,1919950.20830127
195.1,-0.895120044444459,0.47228363966191667,-2.244276203980534,1.3674036841063757,2014710.2719013102
195.15,-0.933764766666667,0.3588362027857911,-2.2927732988673224,1.292600969452458,2102723.7599995774
195.2,-0.972409488888918,0.24309149566734134,-2.3361605076112077,1.2155009845562592,2183058.3669289025
195.25,-1.0110542111111,0.12530587001843363,-2.3744059758121163,1.1363600811295336,2255121.4951889156
195.3,-1.04196486187846,0.005742834368697269,-2.4071377429992227,1.0477076962471572,2317724.845508557
195.35,-1.07255325966852,-0.11531010142011021,-2.4340029519555393,0.9572431582484099,2369748.1480513117
195.4,-1.10314165745857,-0.2375601828671018,-2.455033026705287,0.8655814745914682,2410874.864885489
195.45,-1.131018938547513,-0.3607151127028658,-2.470167504227789,0.7703038258446471,2440690.999577177
195.5,-1.15363346368715,-0.4844739231552555,-2.4791236251914315,0.6691595405318944,2458421.5795929222
195.55,-1.17624798882682,-0.6085224950770076,-2.4817823070817377,0.5677254937498124,2463697.367897581
195.6,-1.19886251396649,-0.732549777696637,-2.47829959485667,0.4663127362698529,2456787.552746694
195.65,-1.215215,-0.8562479660057586,-2.4685496907383655,0.35896703399424135,2437495.0302577917
195.7,-1.2295900000000182,-0.9792971657500915,-2.4523462500930706,0.25029283424992665,2405600.852138218
195.75,-1.243965,-1.1013774355759836,-2.4298342970695357,0.14258756442401643,2361637.8844861616
195.8,-1.25708933333333,-1.2221787418597123,-2.4012120342038266,0.034910591473617636,2306327.6932821115
195.85,-1.26364766666667,-1.341395093257358,-2.366378974634549,-0.0777474265906879,2239899.7806369844
195.9,-1.270206,-1.4587130624928915,-2.325331892446592,-0.1885070624928915,2162867.3640117
195.95,-1.2767643333333314,-1.5738303318330893,-2.2784082220016257,-0.2970659984997579,2076457.610433844
196.0,-1.27909466666667,-1.6864583569224545,-2.225754199589622,-0.40736369025578445,1981592.7027963356
196.05,-1.278103,-1.7963104417046858,-2.167382643694504,-0.5182074417046858,1879019.0096752706
196.1,-1.27711133333333,-1.9031053990728888,-2.103537899353659,-0.6259940657395588,1769948.6776068816
196.15,-1.27611966666667,-2.0065799385921994,-2.03463548178732,-0.7304602719255293,1655896.6174991678
196.2,-1.2676586666666552,-2.1064857483916533,-1.9607427242770872,-0.8388270817249981,1537804.8123222135
196.25,-1.25888644444444,-2.202572420247713,-1.8819421093735407,-0.943685975803273,1416682.4412133326
196.3,-1.25011422222222,-2.2946056108833,-1.7986797791476263,-1.0444913886610803,1294099.5791658214
196.35,-1.23819099999999,-2.382371191065266,-1.711264759396985,-1.1441801910652758,1171370.8307016084
196.4,-1.220666,-2.465663810827412,-1.6197533675601408,-1.244997810827412,1049440.3886889666
196.45,-1.20314099999998,-2.5442818908093243,-1.5243622234748624,-1.3411408908093443,929472.0753428905
196.5,-1.185616,-2.6180431542204023,-1.4255565961666843,-1.4324271542204023,812884.6435497373
196.55,-1.16021655555555,-2.6867822928840734,-1.3234358119414686,-1.5265657373285235,700592.9393316697
196.6,-1.13233044444443,-2.7503315746900268,-1.2180041579357208,-1.6180011302455968,593413.6514994818
196.65,-1.10444433333333,-2.8085334884907502,-1.1096173167376355,-1.7040891551574202,492500.2358416121
196.7,-1.0747093333333075,-2.8612502049141892,-0.9986428919870349,-1.7865408715808817,398915.0502864915
196.75,-1.03526766666667,-2.908353768517235,-0.8850286067024934,-1.8730861018505651,313310.2538727027
196.8,-0.995826,-2.9497099159955793,-0.7688233532132213,-1.9538839159955792,236435.73937840862
196.85,-0.956384333333326,-2.985200463309054,-0.6504776418196563,-2.028816129975728,169248.4650029044
196.9,-0.910795888888894,-3.0147250278390265,-0.5301723748974566,-2.1039291389501327,112433.09884176371
196.95,-0.8603778333332923,-3.03818493206182,-0.4079001425945724,-2.1778070987285276,66553.010531469
197.0,-0.809959777777777,-3.0554863869020163,-0.2839063647183424,-2.2455266091242394,32241.129571033784
197.05,-0.759541722222203,-3.066553885056497,-0.15860926286590415,-2.307012162834294,10062.759306746193
197.1,-0.700061266666633,-3.0713264283344066,-0.03205896617133766,-2.3712651616677736,411.110924789989
197.15,-0.6402032111111,-3.069739676729017,0.09570002486586224,-2.4295364656179173,3663.39790373066
197.2,-0.5803451555554974,-3.0617425843525097,0.224292010470684,-2.4813974287970124,20122.76238439257
197.25,-0.5176338,-3.047300944431478,0.35345767972117725,-2.5296671444314778,49972.93254155133
197.3,-0.449849911111098,-3.0263883195864523,0.48313441958819503,-2.576538408475354,93367.54695632884
197.35,-0.382066022222197,-2.9989817492294204,0.6131586760649873,-2.6169157270072234,150385.4248135072
197.4,-0.314282133333333,-2.965072188183854,0.7432009093752605,-2.650790054850521,220939.03667848566
197.45,-0.2412253011110545,-2.924663498394698,0.8731336518316024,-2.683438197283644,304944.94958431594
197.5,-0.166503328888903,-2.877761837987732,1.0028870042302287,-2.7112585090988293,402312.93730155315
197.55,-0.0917813566666667,-2.8243819750507377,1.132211396783466,-2.732600618384071,512761.0588025468
197.6,-0.0162159266666495,-2.7645523305496598,1.2608392185845343,-2.7483364038830103,635886.2140483436
197.65,0.0637776566666662,-2.6983115231730728,1.3886595233362233,-2.762089179839739,771350.1087009548
197.7,0.1437712400000724,-2.6257022466779016,1.5155290930918621,-2.769473486677974,918731.3728031368
197.75,0.223764823333343,-2.546779304037603,1.641158573230016,-2.770544127370946,1077360.5849945527
197.8,0.305722777777809,-2.461610682953524,1.7653314724388889,-2.767333460731333,1246558.083033302
197.85,0.389224166666714,-2.3702731601954308,1.88788528138739,-2.759497326862145,1425644.334271658
197.9,0.472725555555571,-2.272852945931119,2.008592930876841,-2.74557850148669,1613778.2247873673
197.95,0.5562269444445239,-2.1694492293889223,2.127180118438122,-2.7256761738334463,1809958.1025113694
198.0,0.6406446,-2.0601742571873407,2.24340905102821,-2.7008188571873406,2013153.6680941174
198.05,0.725100433333349,-1.9451515389520957,2.3570462498887608,-2.6702519722854445,2222266.8096458684
198.1,0.809556266666699,-1.8245172102796434,2.467829812141364,-2.6340734769463423,2436073.5926774717
198.15,0.8931502,-1.6984209848631107,2.5754687468014166,-2.5915711848631107,2653215.7063003434
198.2,0.9752118666667288,-1.5670284771409762,2.679620112412559,-2.542240343807705,2872145.5787383583
198.25,1.05727353333332,-1.430522273748435,2.7799741918674563,-2.4877958070817554,3091302.6029796465
198.3,1.1393352,-1.2890985877443133,2.8762771472686137,-2.4284337877443134,3309188.09115987
198.35,1.2159117777778,-1.1429697123738216,2.9680718428869692,-2.3588814901516217,3523780.18581538
198.4,1.29075622222223,-0.9923751509368977,3.054842472413043,-2.2831313731591276,3732825.0125034535
198.45,1.3656006666667413,-0.8375742648379825,3.136285922117801,-2.2031749315047238,3934515.754109723
198.5,1.43829533333334,-0.6788405867701554,3.2120887286495234,-2.1171359201034954,4127005.6002869247
198.55,1.49970366666669,-0.5164719749467139,3.281498162767719,-2.016175641613404,4307292.076899166
198.6,1.56111200000003,-0.3508080751501478,3.3438707651275514,-1.911920075150178,4472588.6775498865
198.65,1.62252033333335,-0.18220494986041286,3.3990419030403793,-1.8047252831937628,4621394.343449745
198.7,1.6728453333333737,-0.011034081554741504,3.4464035833715725,-1.683879414888115,4751079.063790566
198.75,1.714462,0.16228947279459827,3.4850117028088934,-1.5521725272054017,4858122.6274859775
198.8,1.75607866666667,0.33731411412765366,3.5144437415775385,-1.4187645525390162,4940525.925085411
198.85,1.79769533333335,0.5135809351335039,3.5347034481150654,-1.2841143981998462,4997651.386446614
198.9,1.81663731843575,0.6906151807959413,3.544810683446118,-1.1260221376398087,5026273.112589493
198.95,1.8346345251396805,0.8678770306167936,3.54382262706726,-0.966757494522887,5023471.524845558
199.0,1.85263173184357,1.0448152638574586,3.5319066181929077,-0.8078164679861115,4989745.743853944
199.05,1.86156458563536,1.2208829432915045,3.508909444358294,-0.6406816423438555,4924978.195482734
199.1,1.8557082320442,1.3955084821214871,3.4740536022594304,-0.46019974992271284,4827619.37254869
199.15,1.84985187845304,1.568086620486038,3.4270997930230553,-0.281765257967002,4698005.196535467
199.2,1.843995524861867,1.7380260140083823,3.3686017330813347,-0.1059695108534846,4538991.054447429
199.25,1.82112955307262,1.9047509452105178,3.2983585484319273,0.08362139213789788,4351667.645605588
199.3,1.79289212290502,2.067660344556064,3.2160276075357794,0.2747682216510441,4137133.428972924
199.35,1.76465469273741,2.2261619862154887,3.1221955233728407,0.4615072934780786,3899241.9544677623
199.4,1.73281849999999,2.3797004699138085,3.017600167123965,0.6468819699138184,3642364.307450633
199.45,1.6845879444443927,2.5277429091768853,2.902264885594973,0.8431549647324925,3369256.586463041
199.5,1.63635738888888,2.6697531220246202,2.77649999601952,1.0333957331357402,3083580.891158558
199.55,1.58812683333332,2.8052381309755443,2.6414480824793816,1.2171112976422243,2790899.188973601
199.6,1.52932255555552,2.9337543573675373,2.497784278453715,1.4044318018120172,2495570.5206762184
199.65,1.46286144444444,3.0548794844222398,2.3458970142966655,1.5920180399777997,2201293.120674404
199.7,1.3964003333332722,3.1682222349490585,2.186697749980189,1.7718219016157863,1912658.8199073686
199.75,1.32993922222223,3.2734479366776172,2.021415713064958,1.9435087144553873,1634448.594010365
199.8,1.25028077777777,3.3702731709041305,1.8506967423697667,2.1199923931263607,1370031.3728872265
199.85,1.17035299999998,3.4584379167596113,1.6751917013747624,2.2880849167596313,1122506.8945419483
199.9,1.09042522222223,3.5377317180567083,1.4960442749426017,2.4473064958344786,895259.3890354139
199.95,1.0081942222221612,3.607998114012107,1.3142386607983612,2.599803891789946,690889.3030148279
200.0,0.922205333333339,3.6691242699816002,1.1305502552131181,2.746918936648261,511257.5518249786
200.05,0.836216444444469,3.721035009193282,0.9457685456960458,2.8848185647488127,357791.2568112054
200.1,0.75022755555555,3.7636967983369023,0.7607218792486338,3.013469242781352,231479.11102702917
200.15,0.664150916666691,3.797114949264285,0.576135183424882,3.1329640325975943,132772.69983200898
200.2,0.578049527777737,3.821328510455266,0.39263518900879213,3.243278982677529,61664.95665918796
200.25,0.491948138888881,3.8364055902579226,0.21075788226938247,3.3444574513690415,17767.553975469953
200.3,0.406289100000024,3.842439080942359,0.030963052189249385,3.4361499809423353,383.48424034967246
200.35,0.322645211111119,3.8395437659057805,-0.14632411425122221,3.5168985547946616,8564.298564561892
200.4,0.239001322222262,3.827853998485386,-0.3207751394248379,3.588852676263124,41158.67602920967
200.45,0.1553574333333109,3.8075170306202506,-0.49218270950771986,3.6521595972869396,96897.52781534422
200.5,0.0743751000000075,3.778689954590963,-0.6603401557947832,3.7043148545909554,174419.6485420314
200.55,-0.0046798999999625,3.7415403561178913,-0.8250599860573682,3.7462202561178537,272289.59223719384
200.6,-0.0837348999999775,3.6962425682970554,-0.9862651317282007,3.779977468297033,389087.56402513804
200.65,-0.162789899999948,3.6429724633640035,-1.14395472514543,3.8057623633639515,523452.96527302254
200.7,-0.2365025388889068,3.581907126646114,-1.2980443724639603,3.818409665535021,673967.6771541426
200.75,-0.310106150000002,3.513229055238664,-1.4484730046216427,3.8233352052386658,839229.6180470599
200.8,-0.383709761111097,3.437119899260975,-1.5952976016989227,3.820829660372072,1017989.7751945339
200.85,-0.454423050000006,3.3537593844355595,-1.7385169937927782,3.8081824344355657,1208976.5350825116
200.9,-0.520420549999981,3.263330010889487,-1.878027482404517,3.7837505608894677,1410794.8898666592
200.95,-0.5864180500000316,3.166019394485921,-2.0137717641344453,3.7524374444859525,1622110.6872100623
201.0,-0.652415550000006,3.062015268812545,-2.1457691276749697,3.7144308188125508,1841730.0597132002
201.05,-0.710789849999984,2.9515077880941876,-2.273846950922423,3.6622976380941714,2068151.9824876797
201.1,-0.767014016666661,2.8347000552802974,-2.3977546837276638,3.6017140719469585,2299691.00933518
201.15,-0.823238183333307,2.7118036860304953,-2.5173793822588086,3.5350418693638024,2534879.581688696
201.2,-0.8776869000000133,2.5830357390186567,-2.63258569996609,3.46072263901867,2772202.9870663797
201.25,-0.924047455555551,2.4486249170121397,-2.7430024706960556,3.3726723725676906,3009625.021697866
201.3,-0.970408011111089,2.3088213182777544,-2.8482689467124698,3.2792293293888433,3245054.397122625
201.35,-1.01676856666665,2.163886785091908,-2.9482091206412373,3.180655351758558,3476774.8076128713
201.4,-1.05828966666665,2.014094739243792,-3.0424884874217724,3.0723844059104417,3702694.47843761
201.45,-1.0963063333333416,1.859739960422242,-3.1306458718436443,2.9560462937555836,3920377.42995666
201.5,-1.134323,1.7011377396064795,-3.2123479901930487,2.8354607396064795,4127671.844038928
201.55,-1.17233966666666,1.5386165628658852,-3.2873661678473525,2.7109562295325453,4322710.528602955
201.6,-1.20399994444445,1.372519968616474,-3.355253413382329,2.576519913060924,4503090.187205508
201.65,-1.23553049999999,1.2032175847729565,-3.4155594664058206,2.4387480847729464,4666418.587421766
201.7,-1.2670610555555664,1.0310939821102982,-3.468068738121267,2.2981550376658646,4811000.308933615
201.75,-1.29592527777778,0.8565455380402149,-3.5124893290494206,2.152470815817995,4935032.51467442
201.8,-1.32043916666666,0.6799872061730535,-3.548381749403143,2.0004263728397134,5036405.215798925
201.85,-1.34495305555555,0.5018545761451928,-3.5754431482087763,1.846807631700743,5113517.482429234
201.9,-1.36946694444443,0.32259153783374533,-3.593587752811271,1.6920584822781755,5165549.174862064
201.95,-1.3862761666666683,0.1426506376184822,-3.6024445202093967,1.5289268042851505,5191042.608474684
202.0,-1.40091227777778,-0.037491221993005974,-3.6016024743919184,1.3634210557847741,5188616.153418396
202.05,-1.41554838888888,-0.21734769824475605,-3.5910485120707385,1.198200690644124,5158251.766418186
202.1,-1.42801,-0.3964349663978476,-3.570831058766397,1.0315750336021523,5100333.7801003
202.15,-1.43056555555555,-0.5742639166705298,-3.5406040605658524,0.8563016388850203,5014350.845478161
202.2,-1.4331211111111115,-0.7503257585442016,-3.5002031240042206,0.6827953525669099,4900568.763715562
202.25,-1.43567666666667,-0.9241208193089411,-3.450000138167498,0.511555847357729,4761000.381342302
202.3,-1.43159766666667,-1.0951642879836705,-3.3901112970577527,0.3364333786829996,4597141.842575439
202.35,-1.42271433333333,-1.2629697686841042,-3.3204944510901777,0.15974456464922593,4410273.359888264
202.4,-1.413831,-1.4270574073220186,-3.2414996498760273,-0.013226407322018519,4202927.992058563
202.45,-1.4049476666666598,-1.5869739845118445,-3.1537609235067805,-0.18202631784518464,3978483.185055337
202.5,-1.38685777777778,-1.7422915205381897,-3.057506173446703,-0.35543374276040973,3739337.6002658796
202.55,-1.36858000000001,-1.8925873496100758,-2.9530166483183518,-0.5240073496100659,3488122.930098141
202.6,-1.35030222222222,-2.0374686628521617,-2.8410555536805644,-0.6871664406299416,3228638.663639671
202.65,-1.32903511111112,-2.176579109989857,-2.722266911475721,-0.847543998878737,2964294.8549262243
202.7,-1.302890666666655,-2.3095887751567377,-2.5970839311146188,-1.0066981084900826,2697937.978101505
202.75,-1.27674622222222,-2.436190915655842,-2.4661043178794855,-1.1594446934336222,2432668.202665537
202.8,-1.25060177777779,-2.5561163336485113,-2.3301504827065527,-1.3055145558707213,2171840.5088230325
202.85,-1.21854233333334,-2.6691320265486955,-2.1897600861137154,-1.4505896932153555,1918019.6938946985
202.9,-1.18481455555558,-2.775026184515537,-2.0453982544697302,-1.590211628959957,1673461.6077551276
202.95,-1.15108677777777,-2.8736176253245755,-1.8977799416784802,-1.7225308475468055,1440627.4828148703
203.0,-1.11585531843576,-2.96476137700046,-1.7475907989083184,-1.8489060585647,1221629.4401716057
203.05,-1.07377375418996,-3.048339931800606,-1.5951940155498192,-1.974566177610646,1017857.5788983828
203.1,-1.03169218994414,-3.124250909107929,-1.4410013577274419,-2.092558719163789,830593.9651889324
203.15,-0.989610625698335,-3.1924210755288307,-1.285665297551415,-2.202810449830496,661174.1029311874
203.2,-0.9424551270717952,-3.2528050521076817,-1.1295836939236787,-2.3103499250358865,510383.7286313053
203.25,-0.891917005524854,-3.3053709978734727,-0.9729923666212215,-2.413453992348619,378685.6582012662
203.3,-0.841378883977914,-3.3501024877015397,-0.8162890652772599,-2.5087236037236256,266531.13523648906
203.35,-0.790840762430944,-3.387005959631782,-0.6599453263570021,-2.596165197200838,174211.13351218
203.4,-0.731649206703937,-3.416104927966577,-0.5040750343971215,-2.68445572126264,101636.6561209837
203.45,-0.6722810502793093,-3.437422965990045,-0.3487715731626643,-2.7651419157107355,48656.644098543875
203.5,-0.61291289385475,-3.450997607183347,-0.19439628891349256,-2.838084713328597,15115.966857335228
203.55,-0.551047222222247,-3.456882081650342,-0.04118798529056472,-2.905834859428095,678.5800529183103
203.6,-0.48543527777779,-3.45513734029178,0.1107659776743315,-2.9697020625139903,4907.640724060201
203.65,-0.419823333333371,-3.4458288882290757,0.2613182027199684,-3.0260055548957046,27314.881229117804
203.7,-0.3542113888888747,-3.429032841750812,0.4102334533394543,-3.0748214528619373,67316.5944955257
203.75,-0.285164311111116,-3.404834515780835,0.557411768489072,-3.119670204669719,124283.15186004592
203.8,-0.21525845000002,-3.37332159025943,0.7027964662045064,-3.15806314025941,197569.1491638168
203.85,-0.145352588888884,-3.3345871247899765,0.8462477616588419,-3.1892345359010927,286454.10964504
203.9,-0.0750417388889025,-3.288731247953195,0.9876347245792492,-3.2136895090642925,390168.9396778917
203.95,-0.0031109333332924,-3.235859192887072,1.126890592512897,-3.2327482595537798,507952.9629976271
204.0,0.0688198722222359,-3.176078849849641,1.2639482011320569,-3.2448987220718766,639026.022057985
204.05,0.140750677777764,-3.1095027471320544,1.3987045203874973,-3.2502534249098183,782549.7341409675
204.1,0.212871333333333,-3.0362482765997916,1.5310690106415588,-3.2491196099331248,937668.9261387686
204.15,0.285118555555528,-2.9564371328009558,1.660956952569775,-3.2415556883564838,1103511.1993159496
204.2,0.3573657777778051,-2.8701953979110004,1.788276328755867,-3.2275611756888054,1279172.8911954246
204.25,0.429613,-2.7776539982441393,1.9129260217123694,-3.2072669982441395,1463714.3858177247
204.3,0.500467999999973,-2.678949786007789,2.0347564305683252,-3.179417786007762,1656093.4926956606
204.35,0.571322999999987,-2.5742279980444183,2.1536081809044916,-3.1455509980444054,1855211.2787435015
204.4,0.64217799999996,-2.463640806143493,2.2693494986473093,-3.105818806143453,2059978.8588043174
204.45,0.711437444444457,-2.3473481045236584,2.381787349341048,-3.0587855489681153,2269164.3909924226
204.5,0.778303555555543,-2.225521770059791,2.4906432169734525,-3.003825325615334,2481321.4537023474
204.55,0.845169666666629,-2.0983475098838733,2.59567543124883,-2.943517176550502,2695012.37775552
204.6,0.912035777777752,-1.9660209348769322,2.6967052511544973,-2.878056712654684,2908887.684641696
204.65,0.973682555555517,-1.8287496667421708,2.793374356078473,-2.802432222297688,3121176.1172787296
204.7,1.034024500000014,-1.6867629848546466,2.8852746142729826,-2.7207874848546605,3329923.839907244
204.75,1.09436644444445,-1.5403057026629994,2.972165425705889,-2.6346721471074495,3533506.9271045877
204.8,1.15281388888888,-1.3896343531246012,3.053782048053298,-2.542448242013481,3730233.9188050376
204.85,1.20368333333333,-1.235024390351705,3.1295856006699476,-2.4387077236850354,3917722.412768271
204.9,1.25455277777776,-1.0767804853693725,3.199108290127919,-2.3313332631471324,4093717.5407860707
204.95,1.305422222222235,-0.9152213103217329,3.262166782588723,-2.220643532543968,4256692.846970104
205.0,1.34898666666667,-0.7506791970447831,3.3183027232394786,-2.0996658637114534,4404453.1852234155
205.05,1.3876811111111,-0.5835170685422164,3.3668779228431958,-1.9711981796533165,4534346.778931566
205.1,1.42637555555555,-0.41412289192063684,3.4075651946985177,-1.8404984474761867,4644600.222448299
205.15,1.46506999999998,-0.2428937265212721,3.440263268954298,-1.7079637265212522,4734164.5438864445
205.2,1.4899422222222245,-0.07024083411775534,3.464307333381042,-1.56018305633998,4800570.120047066
205.25,1.51481444444444,0.10338244293816828,3.479079766708143,-1.4114320015062718,4841598.4092471935
205.3,1.53968666666665,0.27751311781177557,3.484613039112607,-1.2621735488548744,4857011.212941439
205.35,1.55875888888889,0.45168673171333074,3.480728278686284,-1.1070721571755593,4846187.740018552
205.4,1.56913111111111,0.6254202797068584,3.466907027600934,-0.9437108314042515,4807777.735211497
205.45,1.579503333333336,0.7982088332497667,3.4429725758398257,-0.7812945000835693,4741624.0631940495
205.5,1.58987555555556,0.9695538867842066,3.4092217577965207,-0.6203216687713533,4649117.19753328
205.55,1.58840777777778,1.1389638978127326,3.365448462494508,-0.44944387996504753,4530497.341482659
205.6,1.58398,1.3059272925798149,3.311391739113627,-0.27805270742018506,4386126.099947989
205.65,1.57955222222222,1.4699380703606917,3.2474370503527705,-0.10961415186152834,4218338.958401561
205.7,1.5721233333333289,1.6305133435848251,3.1740253178917888,0.05839001025149626,4029774.687447228
205.75,1.55269,1.787181556107337,3.0910747057155947,0.23449155610733707,3821897.1345259
205.8,1.53325666666667,1.9394643111215522,2.9987349076800163,0.4062076444548821,3596964.41861547
205.85,1.51382333333334,2.0869116126814844,2.8977894176505963,0.5730882793481444,3358873.403619113
205.9,1.48558500000002,2.2291063020321076,2.7886291260114753,0.7435213020320877,3110580.9609758095
205.95,1.4514766666666608,2.365640404555367,2.6714228549547787,0.9141637378887062,2854600.027989896
206.0,1.41736833333334,2.4961251538548486,2.5468096973629883,1.0787568205215086,2594495.8538328623
206.05,1.38326000000002,2.6202133815221993,2.41571556705056,1.2369533815221794,2334272.680356163
206.1,1.33561277777779,2.7375937871977456,2.27844866192078,1.4019810094199556,2076531.3220034372
206.15,1.28796555555558,2.847961367447877,2.1353668731230164,1.5599958118922972,1823916.6731324673
206.2,1.2403183333333103,2.951049774404794,1.9874405089591352,1.7107314410714836,1579967.9106606983
206.25,1.18821333333332,3.046637121931414,1.8354149151314074,1.8584237885980939,1347499.1642747326
206.3,1.12942166666668,3.1345304616393137,1.6797400883449667,2.0051087949726334,1128610.7057572624
206.35,1.07063,3.2145609092012766,1.5210482611311382,2.1439309092012766,925435.1250760237
206.4,1.01183833333336,3.2865994416831157,1.3602016310311675,2.2747611083497556,740059.3908239393
206.45,0.9470382222221974,3.350554678735174,1.1977692308944672,2.4035164565129765,573860.4521910093
206.5,0.880736,3.4063579300975073,1.0342268254617801,2.5256219300975076,427850.05060190056
206.55,0.814433777777803,3.4539697732071355,0.8702246068022382,2.6395359954293323,302916.34651364404
206.6,0.747368592178784,3.493382891732057,0.70636820953039,2.746014299553273,199582.4189740676
206.65,0.677251553072663,3.5246162920663098,0.543090312227611,2.8473647389936465,117978.83489419358
206.7,0.6071345139664631,3.5477083347234952,0.3807929459120854,2.940573820757032,58001.307062561755
206.75,0.537017474860342,3.562719313256236,0.2199152912819137,3.025701838395894,19345.09413584358
206.8,0.467009823204447,3.5697298541882287,0.06083348041856029,3.102720030983782,1480.2849359341435
206.85,0.397069215469618,3.568837931383741,-0.09613532652057269,3.1717687159141232,3696.8004020868507
206.9,0.327128607734829,3.5601559060989385,-0.250731884038933,3.2330272983641093,25146.591069485174
206.95,0.2571879999999608,3.5438078118519085,-0.4027467972300207,3.286619811851948,64881.993071615776
207.0,0.188121178770935,3.5199274819103024,-0.5519887463844942,3.331806303139367,121876.63045405019
207.05,0.119054357541909,3.488657727605958,-0.6983051721335368,3.369603370064049,195052.04537137938
207.1,0.0499875363128437,3.450147372758569,-0.8415987879240188,3.4001598364457255,283315.407934071
207.15,-0.0171740729281576,3.4045502737016173,-0.9817486806797222,3.421724346629775,385532.18880655005
207.2,-0.0817046751381496,3.352027636305835,-1.118592275316966,3.4337323114439844,500499.47135951475
207.25,-0.146235277348068,3.2927476687394,-1.2520395282525894,3.438982946087468,627041.1921227865
207.3,-0.210765879557987,3.2268804643463316,-1.3820807660634118,3.437646343904319,764058.8975689709
207.35,-0.270810994413398,3.154598337465249,-1.5085982948209595,3.425409331878647,910347.5260546827
207.4,-0.329734737430137,3.0760816778860622,-1.6314536670813398,3.4058164153161994,1064656.4271332603
207.45,-0.3886584804469414,2.9915143892000016,-1.7506240668174606,3.380172869646943,1225873.849328202
207.5,-0.445802414364638,2.9010814749758707,-1.866062242966249,3.346883889340509,1392875.3178496913
207.55,-0.496636116022083,2.804974136632632,-1.9775419625450557,3.301610252654715,1564268.88545062
207.6,-0.547469817679558,2.7033964031124222,-2.0848737232758516,3.2508662207919805,1738679.376802445
207.65,-0.598303519337004,2.596556452366761,-2.1880236225189185,3.194859971703765,1914978.9490803243
207.7,-0.6443852122905275,2.484666864538854,-2.286803441115412,3.1290520768293817,2091787.991318916
207.75,-0.687298899441351,2.3679539244197505,-2.3809136156826067,3.0552528238611014,2267499.8581371293
207.8,-0.730212586592174,2.2466562815546576,-2.47017656035793,2.9768688681468314,2440708.8957366943
207.85,-0.772959644444448,2.121018730416815,-2.554491415645169,2.8939783748612626,2610170.5570419435
207.9,-0.807541866666657,1.99129588642529,-2.633481043543574,2.798837753091947,2774088.96268134
207.95,-0.8421240888889057,1.8577657286592073,-2.706764576240051,2.699889817548113,2930629.788475193
208.0,-0.876706311111114,1.7207164616417991,-2.7742264105320844,2.597422772752913,3078532.870757493
208.05,-0.907925849999992,1.5804439881527492,-2.8356345846540916,2.4883698381527415,3216329.399074553
208.1,-0.934501683333331,1.4372605166560288,-2.8905924998442525,2.3717621999893597,3342210.000062338
208.15,-0.961077516666654,1.291496674649785,-2.9388350835658446,2.2525741913164388,3454700.6593589857
208.2,-0.9876533500000032,1.1434902192699803,-2.98028595125176,2.1311435692699834,3552841.740491443
208.25,-1.00738446111111,0.9935867986976092,-3.0146146773734848,2.0009712598087193,3635160.661214256
208.3,-1.02561307222221,0.8421536153415481,-3.041452779731503,1.8677666875637582,3700174.0045345947
208.35,-1.04384168333333,0.6895674713977828,-3.0607350867231724,1.7334091547311128,3747239.708439322
208.4,-1.06007849999999,0.536207022414236,-3.072403781868887,1.596285522414226,3775865.9995368957
208.45,-1.0692535000000052,0.3824595747512034,-3.0761252771395275,1.4517130747512086,3785018.6882626945
208.5,-1.0784285,0.22873040695308988,-3.071693614275729,1.3071589069530898,3774120.6639929167
208.55,-1.0876035,0.0754236792581282,-3.0592555761794884,1.1630271792581282,3743617.8721541176
208.6,-1.09086783333333,-0.07706027576262395,-3.0387272022639444,1.013807557570706,3693545.203911544
208.65,-1.0905095,-0.22831080199403275,-3.0099066620297057,0.8621986980059673,3623815.2456523217
208.7,-1.0901511666666697,-0.3779148020912148,-2.9729195387861402,0.7122363645754548,3535300.2336385585
208.75,-1.08960866666667,-0.5254721805800078,-2.928099583395336,0.5641364860866622,3429506.8681119764
208.8,-1.080042,-0.6705932451887817,-2.8753916501289605,0.40944875481121823,3307150.8566525388
208.85,-1.07047533333333,-0.812880118382152,-2.8148115998771797,0.2575952149511779,3169265.7371212514
208.9,-1.06090866666667,-0.951951459641575,-2.7468559580429255,0.10895720702509504,3018087.0616943673
208.95,-1.0480607499999903,-1.087448934022874,-2.6718949152669933,-0.03938818402288358,2855608.9752918454
209.0,-1.03068158333333,-1.2190272922135867,-2.5901157314307386,-0.1883457088802567,2683479.800881996
209.05,-1.01330241666667,-1.3463532894999655,-2.5019035380895507,-0.3330508728332955,2503808.5255620047
209.1,-0.995923250000005,-1.4691208268138929,-2.4078817587384487,-0.47319757681388785,2319157.8256261456
209.15,-0.974277122222234,-1.587051708276772,-2.3084747837188324,-0.6127745860545382,2131622.3308262844
209.2,-0.951694344444436,-1.6998851353741846,-2.2040767206744816,-0.7481907909297486,1943181.6762476708
209.25,-0.929111566666663,-1.8073862322245975,-2.095288297276343,-0.8782746655579345,1756093.219481279
209.3,-0.906069600000002,-1.9093509991018205,-1.9827202914427735,-1.0032813991018186,1572471.9016395668
209.35,-0.881399599999998,-2.005603924725834,-1.8668905978740458,-1.124204324725836,1394112.2017722048
209.4,-0.856729600000007,-2.095994453276887,-1.7483224835057125,-1.2392648532768797,1222652.6025326329
209.45,-0.8320595999999879,-2.1804001400273756,-1.6275901797740677,-1.3483405400273876,1059619.9173187928
209.5,-0.807222888888887,-2.2587263824466737,-1.5052302956776427,-1.4515034935577866,906287.2972103214
209.55,-0.782284000000007,-2.3309044234055936,-1.3817432931937834,-1.5486204234055867,763685.8113144008
209.6,-0.757345111111113,-2.3968898760635473,-1.257603701040606,-1.6395447649524342,632626.827548412
209.65,-0.732401488888901,-2.456661350552256,-1.1332550158752115,-1.724259861663355,513706.77240253036
209.7,-0.7072259333333257,-2.51021855449528,-1.0090944235712085,-1.8029926211619542,407308.6222730038
209.75,-0.68205037777778,-2.557579991274853,-0.8854831006058911,-1.875529613497073,313632.12858344906
209.8,-0.656874822222234,-2.5987816301591997,-0.7627550514820378,-1.9419068079369657,232718.10742454647
209.85,-0.630966016666673,-2.6338747108041107,-0.6411773921364451,-2.002908694137438,164443.37927475708
209.9,-0.60404462777779,-2.6629218023217844,-0.5209433452670299,-2.058877174543994,108552.78759120157
209.95,-0.5771232388888757,-2.6859947113373273,-0.4022467355693943,-2.1088714724484516,64720.97451049368
210.0,-0.550201849999993,-2.7031755408633353,-0.28529164250318495,-2.1529736908633423,32556.528512866033
210.05,-0.520196805555558,-2.714553829502189,-0.17013227256690416,-2.194357023946631,11577.996067511749
210.1,-0.489514861111108,-2.7202189402615247,-0.05678137347900962,-2.2307040791504167,1289.6497496651107
210.15,-0.458832916666675,-2.7202641041780837,0.054643071498341286,-2.2614311875114086,1194.3461051091351
210.2,-0.4270688166666497,-2.714788173296099,0.16405645453761264,-2.287719356629449,10765.808110180706
210.25,-0.39146798333333,-2.7038907607093856,0.27153234252407343,-2.3124227773760557,29491.925214644292
210.3,-0.35586715000001,-2.6876667240005894,0.37710236784435724,-2.3317995740005792,56882.478333528365
210.35,-0.32026631666667,-2.6662141246195574,0.48065746521906655,-2.3459478079528875,92412.63954832726
210.4,-0.281673638888908,-2.639634364348366,0.5822098609803672,-2.357960725459458,135587.3288891114
210.45,-0.241247249999988,-2.6080251933554517,0.6818396652587536,-2.366777943355464,185962.13164806768
210.5,-0.200820861111115,-2.5714830303601017,0.7795125255140244,-2.3706621692489867,243055.91097330098
210.55,-0.160322729611132,-2.53010817777718,0.8751321616069554,-2.369785448166048,306342.52011154493
210.6,-0.116309210166679,-2.484003359818399,0.9687395241588985,-2.36769414965172,375382.50626704365
210.65,-0.0722956907222514,-2.433267196456526,1.0603696151379522,-2.3609715057342746,449753.4882831236
210.7,-0.028282171277773,-2.3780009665501085,1.149926556983772,-2.3497187952723353,528932.4345826209
210.75,0.0166413084999899,-2.318310068969697,1.237352550222189,-2.334951377469687,612416.5334165419
210.8,0.0628214001666464,-2.2543014011134597,1.3226377700736252,-2.317122801280106,699748.2683301327
210.85,0.109001491833329,-2.1860827613424165,1.4057354787560787,-2.2950842531757454,790436.8944934328
210.9,0.155181583499986,-2.113765921815524,1.486549601672118,-2.2689475053155097,883931.8872926132
210.95,0.2019333222222446,-2.0374671339602854,1.5650041076829904,-2.2394004561825303,979695.1428258531
211.0,0.248810544444449,-1.9573060985202448,1.6410236858207954,-2.2061166429646937,1077183.4949699475
211.05,0.295687766666653,-1.8734070478599198,1.7145066044969428,-2.1690948145265727,1175813.1587454544
211.1,0.342423088888885,-1.7858996539061316,1.7853368764250905,-2.1283227427950164,1274971.1049293196
211.15,0.388655311111089,-1.6949198912536405,1.8533756701760435,-2.0835752023647296,1374000.5499201994
211.2,0.4348875333333462,-1.6006108551386156,1.9184887776882593,-2.0354983884719617,1472239.6760463165
211.25,0.481119755555551,-1.5031216855091627,1.9805620730735776,-1.9842414410647136,1569050.450119003
211.3,0.525974888888868,-1.4026081391895444,2.039426649356175,-1.9285830280784124,1663704.4232416616
211.35,0.569985999999987,-1.2992358129571773,2.094884498518295,-1.8692218129571643,1755416.4248528995
211.4,0.613997111111082,-1.1931787104803948,2.1468018908981734,-1.8071758215914768,1843503.3435055893
211.45,0.6579287988826857,-1.084616220228691,2.195084364670627,-1.7425450191113767,1927358.14720858
211.5,0.697968743016756,-0.9737350803504553,2.239479737574358,-1.6717038233672112,2006107.7980024456
211.55,0.738008687150826,-0.8607369319371123,2.2797548659965803,-1.5987456190879383,2078912.8996140342
211.6,0.77804863128492,-0.7458291753963617,2.3158559229526507,-1.5238778066812817,2145275.4623499494
211.65,0.815311711111105,-0.6292236896062662,2.3476170594453074,-1.4445354007173712,2204522.3431194527
211.7,0.8490406000000192,-0.5111449476955632,2.374730650911699,-1.3601855476955824,2255738.2657518014
211.75,0.882769488888895,-0.3918308460568169,2.3970316900106208,-1.2746003349457118,2298304.369166069
211.8,0.916498377777771,-0.2715218663273111,2.4145281729413073,-1.1880202441050822,2331978.5191709152
211.85,0.9434655,-0.15046293463558935,2.426931889525437,-1.0939284346355893,2355999.358558203
211.9,0.969144666666657,-0.02891889348272704,2.4339236708146954,-0.998063560149384,2369593.7741408325
211.95,0.9948238333333425,0.09283950826270446,2.435520910446342,-0.901984325070638,2372704.842088551
212.0,1.01821733333333,0.2145431047380842,2.43171386259375,-0.8036742285952458,2365292.923812246
212.05,1.03437288888888,0.3359153614757053,2.4221769781058264,-0.6984575274131746,2346776.525306349
212.1,1.05052844444444,0.4566623515847928,2.4067342117854427,-0.5938660928596473,2316947.8264713986
212.15,1.06668399999999,0.5764936382716502,2.3855838866003545,-0.49019036172833974,2276404.1920029013
212.2,1.0761266666666631,0.6951239198818185,2.358626536778205,-0.3810027467848446,2225247.65599774
212.25,1.08179333333333,0.8122554883567683,2.3256226742295025,-0.26953784497656175,2163408.329156153
212.3,1.08746,0.9275874759803245,2.286696990659879,-0.15987252401967555,2091593.250837179
212.35,1.09269166666667,1.0408316644773343,2.2421605985154653,-0.05186000218933562,2010913.6598140919
212.4,1.08748333333334,1.1517070817177597,2.1918394799002874,0.06422374838441969,1921664.1222598248
212.45,1.0822749999999972,1.259917462884286,2.135629656407395,0.17764246288428875,1824365.6117307069
212.5,1.07706666666667,1.3651790524975056,2.073960094869925,0.28811238583083565,1720524.190045147
212.55,1.06712466666667,1.467225968941703,2.007041116545077,0.40010130227503304,1611285.617401004
212.6,1.051158,1.5657947320322727,1.9348172223753657,0.5146367320322727,1497407.0736001302
212.65,1.03519133333334,1.6606227111149603,1.8574939859570272,0.6254313777816203,1380113.56314661
212.7,1.019224666666656,1.751467574045154,1.7755766143493874,0.732242907378498,1261068.9253697733
212.75,0.994796866666667,1.8381055311769603,1.6891700641690357,0.8433086645102933,1141318.2022739297
212.8,0.968757422222232,1.9203107516005986,1.5983333127551729,0.9515533293783666,1021867.7514651701
212.85,0.942717977777783,1.9978729303784115,1.5035395838166332,1.0551549526006285,904252.5120413979
212.9,0.91458020000002,2.070606196158429,1.405234357554849,1.1560259961584087,789873.4398610357
212.95,0.8797976999999932,2.138340162765465,1.3035573610077908,1.2585424627654718,679704.7173750384
213.0,0.845015200000007,2.200909969262579,1.198761048473567,1.355894769262572,574811.2205349782
213.05,0.81023270000002,2.258173444826013,1.0913935924756406,1.447940744825993,476455.9894787538
213.1,0.771052333333345,2.3100120196613774,0.9817868211053478,1.5389596863280324,385562.14483845764
213.15,0.729398166666687,2.356318445841327,0.870157693557604,1.62692027917464,302869.7646629956
213.2,0.6877439999999823,2.3970007921975607,0.7569064125226358,1.7092567921975785,229162.9269271546
213.25,0.645886966666658,2.4319899541285914,0.6425047308704038,1.7861029874619334,165124.93167634003
213.3,0.599161133333342,2.461236038606937,0.5271882050441281,1.8620749052735952,111170.96141505986
213.35,0.5524353,2.4846974105606447,0.4111872866288688,1.9322621105606448,67629.9938740846
213.4,0.505709466666684,2.502350219043881,0.29491097045842857,1.9966407523771972,34788.99219869285
213.45,0.457894999999981,2.514189474614673,0.17869054141902435,2.056294474614692,12772.123837049623
213.5,0.408695,2.5202243743822144,0.06277424832298838,2.1115293743822146,1576.2425010064837
213.55,0.359495000000019,2.5204764914540103,-0.052568652955225476,2.1609814914539913,1105.3853094107744
213.6,0.310294999999981,2.5149820797055353,-0.16703929561749825,2.2046870797055544,11160.850512155988
213.65,0.261162900000028,2.503791724240479,-0.2803620551033255,2.242628824240451,31441.15277670405
213.7,0.212043733333324,2.486969237653149,-0.39228474188294976,2.274925504319825,61554.92748566901
213.75,0.162924566666676,2.464590405326297,-0.5025797637697335,2.3016658386596207,101034.56758033644
213.8,0.114252700000025,2.4367421460719982,-0.6110233830365188,2.322489446071973,149339.82984695694
213.85,0.0669972833333151,2.4035232338255113,-0.7173588157475425,2.336525950492196,205841.46821228662
213.9,0.0197418666666858,2.3650450469785618,-0.8213688285279075,2.345303180311876,269858.70099092287
213.95,-0.0275135500000229,2.3214275522824237,-0.9229082609815,2.3489411022824465,340703.8632751586
214.0,-0.0725508333333416,2.2727989781875504,-1.021764049786709,2.345349811520892,417600.70937461464
214.05,-0.116340416666658,2.219299908263467,-1.1176957266822325,2.335640324930125,499697.4949774895
214.1,-0.1601300000000247,2.161080482078909,-1.2105640646973252,2.3212104820789334,586186.141894604
214.15,-0.203739633333318,2.0982960324339905,-1.3002817127029151,2.3020356657673084,676293.0129558506
214.2,-0.2430304666666813,2.031108904303801,-1.3866052603788708,2.2741393709704822,769069.6592441424
214.25,-0.2823213,1.9596957833702777,-1.4693130072060525,2.2420170833702775,863552.2852579573
214.3,-0.321612133333318,1.884238687726628,-1.5483563829451414,2.205850821059946,958962.9954427845
214.35,-0.3586758333333464,1.8049234463761825,-1.6236024830157045,2.163599279709529,1054434.0091419045
214.4,-0.392904999999981,1.7219457272605165,-1.694812092878154,2.1148507272604977,1148955.2120664115
214.45,-0.4271341666666735,1.6355119257198525,-1.7618408540263153,2.062646092386526,1241633.2779664705
214.5,-0.461363333333327,1.545831805335626,-1.8246602878022906,2.007195138668953,1331754.0663530952
214.55,-0.491010299999987,1.4531196105009863,-1.8830578804040372,1.9441299105009733,1418362.792380698
214.6,-0.5197844666666803,1.3576036826862217,-1.9367962778756382,1.8773881493529019,1500471.9287971708
214.65,-0.548558633333324,1.259518306609684,-1.9858359825401435,1.808076939943008,1577417.8198204709
214.7,-0.5759836000000133,1.1590992710194685,-2.0301254435599403,1.7350828710194817,1648563.7266357776
214.75,-0.599136100000004,1.056588657555277,-2.0694425018320333,1.655724757555281,1713036.90735553
214.8,-0.622288599999996,0.952240341657155,-2.1036412861088927,1.5745289416571508,1770122.6642487505
214.85,-0.6454411000000111,0.8463089612481339,-2.1327750856490133,1.491750061248145,1819491.8263860624
214.9,-0.66501866666666,0.7390487921234208,-2.156752632063935,1.4040674587900808,1860632.7663658846
214.95,-0.68258533333334,0.630722344057995,-2.175412514193617,1.313307677391335,1892967.8427640777
215.0,-0.700152,0.5215958914133585,-2.188772142151122,1.2217478914133584,1916289.3961027248
215.05,-0.717492311111107,0.41193160307047477,-2.1969440668385323,1.1294239141815818,1930625.2931268115
215.1,-0.7294000888888937,0.3019900375060591,-2.1998041008840037,1.0313901263949528,1935655.232906432
215.15,-0.74130786666666,0.19204123214093577,-2.1972623595387017,0.9333490988075959,1931184.7506582332
215.2,-0.7532156444444453,0.08235085664700899,-2.189497804550617,0.8355665010914544,1917560.2544527887
215.25,-0.762528277777777,-0.026822648451085368,-2.1765800991250983,0.7357056293266916,1895000.3711629692
215.3,-0.768537999999998,-0.135220120493592,-2.158441432817226,0.633317879506406,1863547.7675608317
215.35,-0.7745477222222255,-0.2425810864511123,-2.135160971485621,0.5319666357711131,1823564.949662168
215.4,-0.780557444444443,-0.34865474059200346,-2.106992369170023,0.4319027038524395,1775766.7374962824
215.45,-0.7817250333333331,-0.45319941094191957,-2.0739703480341762,0.32852562239141353,1720541.201810001
215.5,-0.781970311111111,-0.5559711561449969,-2.0361118128940077,0.2259991549661141,1658300.5258426091
215.55,-0.782215588888889,-0.6567344959520736,-1.9936878498401625,0.12548109293681542,1589916.497040116
215.6,-0.7812910949720643,-0.7552683555221604,-1.9469691632653174,0.026022739449903853,1516275.5690824203
215.65,-0.776662324022348,-0.8513615425837748,-1.8960590739962013,-0.0746992185614268,1438016.004833333
215.7,-0.7720335530726233,-0.9448073848649761,-1.8411361362436087,-0.17277383179235273,1355912.9088728176
215.75,-0.767404782122905,-1.0354143682120525,-1.782565495180919,-0.2680095860891475,1271015.897843838
215.8,-0.760624700000002,-1.1230074766684632,-1.7206072163596882,-0.3623827766684612,1184195.677195614
215.85,-0.7527363666666625,-1.207422130443707,-1.655470788663645,-0.4546857637770444,1096233.4128474523
215.9,-0.744848033333337,-1.288506815416329,-1.587468945145363,-0.543658782082992,1008023.0607203726
215.95,-0.7368465999999975,-1.3661271549492824,-1.5169537799910857,-0.6292805549492849,920459.5082516974
216.0,-0.727073266666668,-1.4401645907443994,-1.4441816522767446,-0.7130913240777313,834264.2579091152
216.05,-0.717299933333338,-1.5105119766192996,-1.3694076631587404,-0.7932120432859616,750110.9391671529
216.1,-0.707526599999997,-1.5770774821060498,-1.292959915036521,-0.8695508821060528,668698.1367564991
216.15,-0.696963727777785,-1.639784701606222,-1.2151151161680986,-0.9428209738284369,590601.8982160847
216.2,-0.6854740055555515,-1.698569426758069,-1.1360952959946635,-1.0130954212025176,516285.0086324808
216.25,-0.673984283333332,-1.7533788188802153,-1.0561495154225748,-1.0793945355468832,446180.7195709358
216.3,-0.662494561111112,-1.80417361167741,-0.975556495408842,-1.1416790505662981,380684.1902937528
216.35,-0.6488975999999911,-1.8509264818357343,-0.8944835077809329,-1.2020288818357432,320040.2982768329
216.4,-0.634957600000004,-1.8936163781339292,-0.8130742129118594,-1.2586587781339253,264435.8702808959
216.45,-0.6210175999999925,-1.932232121768241,-0.7315566254578298,-1.3112145217682485,214070.03850049898
216.5,-0.606231877777776,-1.9667734006559758,-0.6501193425800255,-1.3605415228781998,169062.06383867378
216.55,-0.589039100000005,-1.9972465142850142,-0.5688285635142725,-1.4082074142850092,129426.3738678843
216.6,-0.5718463222222142,-2.023660318276045,-0.4877798755302897,-1.451813996053831,95171.68278893795
216.65,-0.554653544444452,-2.046031699066876,-0.40716142620985074,-1.491378154622424,66312.17079729588
216.7,-0.5351514999999942,-2.064384791905185,-0.32704179719427184,-1.5292332919051908,42782.53484482369
216.75,-0.514459833333335,-2.0787443380891966,-0.24742851755168443,-1.5642845047558616,24488.348519129686
216.8,-0.493768166666676,-2.0891377878300057,-0.16842252480525224,-1.5953696211633297,11346.458744710324
216.85,-0.4728952166666595,-2.0955989460267297,-0.09015666104125993,-1.6227037293600701,3251.289412043454
216.9,-0.449182161111123,-2.098165782264685,-0.012629995263878188,-1.6489836211535618,63.80671214623419
216.95,-0.4254691055555455,-2.0968743898099933,0.06415098816360125,-1.6714052842544478,1646.1397129466031
217.0,-0.401756049999995,-2.091765207341993,0.14006141816604,-1.690009157341998,7846.880343472928
217.05,-0.376719600000002,-2.0828837866828516,0.21504008164851485,-1.7061641866828496,18496.894686159972
217.1,-0.3501295999999819,-2.0702766198153135,0.289093993437319,-1.7201470198153317,33430.134816614656
217.15,-0.323539600000008,-2.0539906534734844,0.3621727400837217,-1.7304510534734765,52467.637463900406
217.2,-0.2969495999999865,-2.0340774953909184,0.43416335493858116,-1.737127895390932,75399.12750860976
217.25,-0.268080599999997,-2.0105926315337364,0.5050556250275867,-1.7425120315337392,102032.47374880251
217.3,-0.238840600000008,-1.9835901654210366,0.5748548106749787,-1.7447495654210285,132183.22134246622
217.35,-0.209600599999986,-1.9531268680190725,0.6434719109913306,-1.7435262680190866,165622.44009393395
217.4,-0.179716876111126,-1.919263877486547,0.7108356796389006,-1.7395470013754208,202114.94537907912
217.45,-0.1480010149999909,-1.8820640161872524,0.7769570993825315,-1.7340630011872615,241464.9337123668
217.5,-0.116285153888892,-1.8415891658673638,0.841819489698518,-1.7253040119784717,283464.02129450935
217.55,-0.0845692927777928,-1.7979046043139435,0.9053304362530928,-1.7133353115361507,327849.27952248615
217.6,-0.0514030083333237,-1.751079110639272,0.967462515755511,-1.6996761023059483,374393.487756793
217.65,-0.0174895361111335,-1.7011812999118838,1.0282182111134177,-1.6836917638007503,422893.07586611074
217.7,0.0164239361111143,-1.6482812806435962,1.0875349206793066,-1.6647052167547105,473092.88147877826
217.75,0.0504387066666569,-1.5924533219652741,1.1453211921655744,-1.642892028631931,524704.253289429
217.8,0.0860404844444268,-1.5337750721053918,1.201552974559249,-1.6198155565498187,577491.8202688717
217.85,0.1216422622222372,-1.4723244935561826,1.2561970302203804,-1.5939667557784198,631212.3914938014
217.9,0.157244039999987,-1.4081835695074627,1.309149533701636,-1.5654276095074497,685549.0006364842
217.95,0.1932751000000177,-1.3414391456430543,1.3603261977775065,-1.534714245643072,740194.9457439232
218.0,0.229810100000003,-1.2721815765102829,1.4096658208101152,-1.5019916765102859,794863.0905441024
218.05,0.26634509999999,-1.2005044982799717,1.4570900891644494,-1.4668495982799619,849244.6111765051
218.1,0.3028801000000177,-1.1265061107300167,1.502502566635309,-1.4293862107300344,903005.5850982764
218.15,0.339430866666649,-1.0502892890088964,1.545813033257471,-1.3897201556755454,955815.1735154655
218.2,0.3759842000000107,-0.9719612558356386,1.5869374296576186,-1.3479454558356494,1007348.1622593317
218.25,0.41253753333333,-0.8916333030887319,1.625797204318676,-1.3041708364220619,1057286.619828169
218.3,0.448758355555539,-0.8094207531473097,1.6623047035041016,-1.2581791087028487,1105302.7709167437
218.35,0.48403280000001,-0.7254441206458802,1.6963357374722183,-1.2094769206458902,1151021.973690166
218.4,0.519307244444421,-0.6398301542143957,1.727788870717446,-1.1591373986588167,1194101.752710027
218.45,0.554581688888891,-0.5527090865704736,1.756611339158834,-1.1072907754593646,1234273.3587445568
218.5,0.587996216666661,-0.4642151103093626,1.7826691752466932,-1.0522113269760236,1271163.75534989
218.55,0.620452605555543,-0.37449107408192867,1.8057933454739004,-0.9949436796374718,1304355.8426231286
218.6,0.6529089944444613,-0.2836859013084689,1.8259104937185806,-0.9365948957529302,1333579.6524286524
218.65,0.685084149999992,-0.19195072825847764,1.842986030663549,-0.8770348782584696,1358639.0036883936
218.7,0.7128533166666797,-0.09944189469296223,1.856787152127659,-0.812295211359642,1379063.411322537
218.75,0.740622483333336,-0.006329907866031478,1.8671153503160474,-0.7469523911993675,1394447.8925543264
218.8,0.768391649999992,0.08721215955442561,1.8739955140918236,-0.6811794904455664,1404743.6747345114
218.85,0.793125508379898,0.18101036974047305,1.8773206263309463,-0.612115138639425,1409733.0936190467
218.9,0.81429617877094,0.2748806883731725,1.8768352323252975,-0.5394154903977675,1409004.1957190214
218.95,0.835466849162019,0.368628973936181,1.8724555762178463,-0.466837875225838,1402435.9539637228
219.0,0.856637519553073,0.4620630683944861,1.8642860304452087,-0.3945744511585869,1390224.9613252615
219.05,0.870544585635354,0.55499051450363,1.852094758741039,-0.31555407113172396,1372101.998142411
219.1,0.8834611602209983,0.6472013948359026,1.8356353201703108,-0.23625976538509574,1347822.8114627039
219.15,0.896377734806622,0.7384850171811886,1.815034556801996,-0.15789271762543333,1317740.1769541674
219.2,0.9070190444444454,0.8286370751193186,1.7903679922671176,-0.07838196932512675,1282167.019093836
219.25,0.9111846,0.9174503282076206,1.761413641298082,0.006265728207620613,1241031.2063003876
219.3,0.915350155555554,1.0047056255870515,1.7280906226404231,0.08935547003149746,1194518.8800231062
219.35,0.91951571111111,1.090190719908936,1.6906474085566319,0.17067500879782604,1143315.4640237018
219.4,0.917921483333335,1.1737012908063356,1.6490608972569132,0.25577980747300055,1087760.7371447103
219.45,0.9133600944444424,1.2550253994224592,1.6031904619916655,0.3416653049780167,1028087.8629684199
219.5,0.908798705555555,1.3339516437607608,1.5531984359629114,0.42515293820520583,964970.1525910536
219.55,0.903751350000004,1.4102814123343035,1.4993766044473342,0.5065300623342995,899252.0807856071
219.6,0.8910905166666608,1.4838243597931902,1.441659756432392,0.5927338431265293,831353.1413266816
219.65,0.878429683333339,1.5543823030007955,1.3800376507480385,0.6759526196674565,761801.5669928661
219.7,0.8657688499999949,1.6217691736090425,1.3148781290382157,0.7560003236090476,691561.7976892154
219.75,0.849680603351957,1.6858145853673858,1.246387074423429,0.8361339820154288,621392.2957159178
219.8,0.829568871508389,1.7463528072090926,1.174591878825362,0.9167839357007036,551866.4327209976
219.85,0.8094571396647976,1.8032221224454952,1.099696744710951,0.9937649827806976,483733.17213114497
219.9,0.789345407821241,1.8562773474818026,1.022092437432345,1.0669319396605617,417869.1802625568
219.95,0.7633472666666618,1.9053880283264641,0.9418880224687265,1.1420407616598025,354861.2187480193
220.0,0.736546433333338,1.9504241933015734,0.8591650170146334,1.2138777599682353,295265.8105847021
220.05,0.709745600000015,1.991268414659218,0.7742735690393693,1.281522814659203,239799.82388518518
220.1,0.6812451666666594,2.0278203444231258,0.6875086118107803,1.3465751777564665,189067.23652559446
220.15,0.648374333333352,2.059989548993129,0.5989595444959428,1.411615215659777,143501.01437711492
220.2,0.6155034999999883,2.0876893945947836,0.5087946745547841,1.4721858945947952,103548.80834212348
220.25,0.582632666666662,2.1108480083130985,0.4173677973539049,1.5282153416464364,69678.35130722009
220.3,0.546110044444452,2.129408114443863,0.3248567283738539,1.583298069999411,42212.75758790555
220.35,0.5078689333333113,2.1433173099080696,0.2313623576482438,1.6354483765747583,21411.416214621553
220.4,0.469627822222237,2.152532264169456,0.13714139095407313,1.682904441947219,7523.104445127173
220.45,0.431068088888873,2.157024429019376,0.04249784076213853,1.725956340130503,722.4265877776332
220.5,0.3888442,2.1567772404054235,-0.0524348476678409,1.7679330404054237,1099.7652999798722
220.55,0.346620311111127,2.1517785432776964,-0.14751315401539122,1.8051582321665693,8704.052243027412
220.6,0.3043964222222054,2.142028309532264,-0.24245001807728372,1.8376318873100588,23512.804506270084
220.65,0.261102133333359,2.1275396577508596,-0.3370213647414505,1.8664375244175007,45433.36011687593
220.7,0.2166482444444357,2.1083349728246707,-0.4310662041868963,1.891686728380235,74327.22895683958
220.75,0.172194355555564,2.0844450488154838,-0.524392073223025,1.9122506932599197,109994.81858365695
220.8,0.127740466666692,2.055911514063118,-0.6167747056033076,1.928171047396426,152164.4149888187
220.85,0.0828876199999852,2.022786507109517,-0.7080231255023716,1.9398988871095317,200518.69849845878
220.9,0.0379803700000207,1.9851310396784367,-0.7979627244011344,1.947150669678416,254697.80381347227
220.95,-0.0069268800000201,1.9430150418501684,-0.8864152347736087,1.9499419218501886,314292.7873755008
221.0,-0.0515898144444528,1.8965173076900985,-0.9732014983159565,1.9481071221345514,378848.46252976905
221.05,-0.0956245088888805,1.8457259288070396,-1.0581267288803227,1.94135043769592,447852.86974838877
221.1,-0.139659203333358,1.7907385868822652,-1.1410157991515812,1.930397790215623,520766.82156540867
221.15,-0.183693897777761,1.7316606702566928,-1.22172648259575,1.9153545680344537,597046.2393103132
221.2,-0.2264704222222379,1.6686054043806529,-1.300070278212023,1.8950758266028909,676073.0913161148
221.25,-0.268654866666667,1.6016965165977335,-1.3758425899622388,1.8703513832644005,757177.1329416005
221.3,-0.310839311111095,1.5310664216758936,-1.448899243368005,1.8419057327869885,839723.6069729511
221.35,-0.3527550888889041,1.4568539354890584,-1.5191163152066314,1.8096090243779626,923085.7516507893
221.4,-0.391581199999978,1.3792062441563662,-1.5862476029979125,1.770787444156344,1006472.5832066492
221.45,-0.4304073111111181,1.2982842903844687,-1.6500730730013569,1.7286916014955866,1089096.4584976565
221.5,-0.469233422222215,1.2142553524311654,-1.710514718498653,1.6834887746533804,1170344.2408802107
221.55,-0.50589726666665,1.1272919355643596,-1.7674107204818932,1.6331892022310095,1249496.2619497299
221.6,-0.5402186555555706,1.0375775578083601,-1.8205114445610548,1.5777962133639307,1325704.7679111115
221.65,-0.574540044444432,0.9453064074539073,-1.8696761963183137,1.5198464518983392,1398275.631631727
221.7,-0.60886143333335,0.8506760222273876,-1.9148768143331878,1.4595374555607377,1466701.2856283272
221.75,-0.638731000000005,0.7538884429454236,-1.9558958107862272,1.3926194429454286,1530211.369060445
221.8,-0.667993499999994,0.6551599453912114,-1.9925054108631075,1.3231534453912053,1588031.1249275045
221.85,-0.6972560000000159,0.5547116795375174,-2.0246890645858486,1.2519676795375334,1639746.3233014075
221.9,-0.725180877777769,0.4527655093293029,-2.052405352757886,1.177946387107072,1684947.0928116885
221.95,-0.7496661555555649,0.34954874370332256,-2.0754668496286732,1.0992148992588875,1723025.0575630278
222.0,-0.774151433333333,0.24529821637436433,-2.0937655949114578,1.0194496497076972,1753541.7465739723
222.05,-0.798636711111102,0.14025050096787042,-2.107366137346162,0.9388872120789724,1776396.8147333132
222.1,-0.8196981888888961,0.03464131172000767,-2.116185509810738,0.8543395006089038,1791296.4447731727
222.15,-0.839148466666656,-0.07128606332861016,-2.1200868810653963,0.7678624033380458,1797907.3533062402
222.2,-0.8585987444444477,-0.1772861650119814,-2.119116542716716,0.6813125794324664,1796261.9686462588
222.25,-0.877554066666664,-0.28311844165563205,-2.1133906611019126,0.594435625011032,1786568.0345731117
222.3,-0.890817399999995,-0.38854363160086514,-2.102770668979228,0.5022737683991298,1768657.79452774
222.35,-0.9040807333333406,-0.4933125252040836,-2.0871725264139798,0.410768208129257,1742515.662006926
222.4,-0.917344066666663,-0.5971813944792914,-2.0668056664723338,0.3201626721873716,1708674.2651848593
222.45,-0.9268778000000032,-0.6999143000751662,-2.04171249036394,0.226963499924837,1667435.957323249
222.5,-0.932371133333334,-0.801271671300603,-2.0117621288658163,0.13109946203273104,1618874.7452554884
222.55,-0.937864466666666,-0.9010108109529664,-1.9770298608832153,0.036853655713699585,1563458.8283295622
222.6,-0.9433577999999992,-0.9988996776701127,-1.9377988183812327,-0.055541877670113426,1502025.7042078807
222.65,-0.941774466666668,-1.0947148022106528,-1.8940157247231217,-0.15294033554398478,1434918.2261993808
222.7,-0.9392261333333326,-1.1882241703311385,-1.84560792114903,-0.24899803699780587,1362507.4394432176
222.75,-0.9366778,-1.279203294507345,-1.7928618901665623,-0.34252549450734504,1285741.5028846473
222.8,-0.932193500000004,-1.3674421101972833,-1.73602102883758,-0.43524861019727934,1205507.6050265157
222.85,-0.9227309999999966,-1.4527373531398662,-1.6750983282414287,-0.5300063531398695,1122381.7637108916
222.9,-0.913268500000005,-1.534886039080852,-1.6102210317493268,-0.621617539080847,1037124.7084351466
222.95,-0.9038059999999966,-1.613699769258791,-1.5417620418282458,-0.7098937692587945,950812.0774489606
223.0,-0.890708900000001,-1.6890058560791457,-1.4699201280708614,-0.7982969560791446,864266.073163143
223.05,-0.875901400000004,-1.7606375354313528,-1.3948231571870708,-0.8847361354313488,778212.6559301233
223.1,-0.8610938999999903,-1.8284390326750328,-1.3167769888456873,-0.9673451326750425,693560.6553414061
223.15,-0.845927424581009,-1.89227215177524,-1.2361449051488709,-1.046344727194231,611221.6906102044
223.2,-0.826632731843564,-1.9520131462583212,-1.1530900055345428,-1.1253804144147572,531846.6243454608
223.25,-0.80733803910614,-2.007543832570152,-1.0677945258655617,-1.200205793464012,456074.0597873838
223.3,-0.788043346368717,-2.058761334362978,-0.9806216103340275,-1.270717987994261,384647.49706164055
223.35,-0.7666846740331337,-2.1055789204222877,-0.8918231308669801,-1.338894246389154,318139.39869975304
223.4,-0.743262022099455,-2.1479190468851064,-0.8015473841855958,-1.4046570247856514,256991.28363790843
223.45,-0.7198393701657366,-2.185712947761828,-0.7100272076478069,-1.4658735775960912,201655.45424005677
223.5,-0.696416718232044,-2.2189061999158537,-0.617571218893905,-1.5224894816838097,152557.6841624414
223.55,-0.668652622222233,-2.2474561527328403,-0.5242795789813925,-1.5788035305106072,109947.63077476248
223.6,-0.6402965111111009,-2.2713214691459696,-0.43022516704746044,-1.6310249580348688,74037.4777444061
223.65,-0.611940400000016,-2.2904702363097473,-0.33566325038954675,-1.6785298363097314,45067.92706483022
223.7,-0.5820622681564178,-2.304882708364766,-0.24079508759447227,-1.7228204402083482,23192.909683851827
223.75,-0.548270368715089,-2.3145450918486006,-0.14564722920879525,-1.7662747231335114,8485.246150479736
223.8,-0.51447846927376,-2.3194443653308925,-0.050314033781362746,-1.8049658960571326,1012.6007981408447
223.85,-0.4806865698323906,-2.3195776508932533,0.044951219643878534,-1.8388910810608627,808.2448589888845
223.9,-0.443059222222244,-2.3149517255057583,0.14006815243710902,-1.8718925032835143,7847.634930858083
223.95,-0.4037881111110967,-2.305573525575072,0.23502482561158827,-1.901785414463975,22094.66746150299
224.0,-0.364516999999994,-2.2914547616528096,0.3296519143794744,-1.9269377616528156,43468.15386162092
224.05,-0.324704083333338,-2.2726172451191093,0.4237458072796888,-1.9479131617857712,71824.20367484607
224.1,-0.2800149166666366,-2.2490889519569532,0.517314046368699,-1.9690740352903167,107045.5290281426
224.15,-0.235325750000013,-2.2208949174763215,0.6103392164916431,-1.9855691674763085,149005.58367505312
224.2,-0.1906365833333113,-2.188067627182186,0.7026100593050073,-1.9974310438488747,197464.35817463434
224.25,-0.143777849999995,-2.1506483679029214,0.794014507158861,-2.0068705179029265,252183.61503149156
224.3,-0.0947495500000139,-2.1086809820144077,0.8845314966471718,-2.013931432014394,312958.38742435427
224.35,-0.0457212499999767,-2.0622118661355846,0.9740507530636879,-2.016490616135608,379509.947817575
224.4,0.0033070499999766,-2.0112957981435162,1.0623775452210282,-2.0146028481434928,451458.4194359432
224.45,0.0546456600000146,-1.955995605322101,1.1494152569032159,-2.0106412653221155,528462.1731207543
224.5,0.106240971111106,-1.896377249139378,1.2350751897189542,-2.002618220250484,610164.2897037243
224.55,0.157836282222198,-1.8325141079216718,1.3191746700648097,-1.9903503901438697,696088.7240562398
224.6,0.2096041666666836,-1.764488859803809,1.4015303217564012,-1.9740930264704928,785714.8971210407
224.65,0.261774722222198,-1.6923928869464884,1.481978146418822,-1.9541676091686864,878503.6905851869
224.7,0.3139452777778016,-1.6163256591664874,1.5603501010729555,-1.930270936944289,973876.975167353
224.75,0.366115833333346,-1.536395489275547,1.6364663499795122,-1.902511322608893,1071208.845846107
224.8,0.417288499999995,-1.4527202236065262,1.7101118699993814,-1.8700087236065213,1169793.0431651124
224.85,0.4680335000000338,-1.3654292289778,1.7810629850700157,-1.8334627289778338,1268874.142714606
224.9,0.518778499999986,-1.2746617305339558,1.8491469198425505,-1.7934402305339419,1367737.732465277
224.95,0.5692068333333561,-1.1805650088093715,1.9142037033366224,-1.7497718421427275,1465670.327147056
225.0,0.616785166666671,-1.0832963801249427,1.9759607181609735,-1.7000815467916137,1561768.303886092
225.05,0.664363499999986,-0.9830280404313987,2.034172533036375,-1.6473915404313848,1655143.1576638485
225.1,0.7119418333333547,-0.879940124706588,2.088725396711423,-1.5918819580399428,1745109.5131469166
225.15,0.757134333333313,-0.7742200073283758,2.139409017288745,-1.531354340661689,1830828.377302558
225.2,0.7999410000000123,-0.6660687768648831,2.1859205296137305,-1.4660097768648954,1911299.424714709
225.25,0.842747666666663,-0.555700562266903,2.228076396997255,-1.398448228933566,1985729.7723425073
225.3,0.885554333333313,-0.44333485998892513,2.265809732528001,-1.3288891933222382,2053557.4976074444
225.35,0.9221812500000104,-0.32919890299361093,2.2987859303266567,-1.2513801529936213,2113766.701387117
225.4,0.958121527777754,-0.2135412434215342,2.3266646790115577,-1.1716627711992882,2165347.411423982
225.45,0.994061805555558,-0.09661805134590927,2.3494075760627497,-1.0906798569014673,2207886.383384418
225.5,1.02730749999999,0.021312004654601063,2.366901468774014,-1.005995495345389,2240889.0251538344
225.55,1.05426583333332,0.13997824157742755,2.3787663167207,-0.9142875917558924,2263411.6758259865
225.6,1.081224166666675,0.25909118234295364,2.384785314166972,-0.8221329843237215,2274880.3978665853
225.65,1.10818249999999,0.37836108835940807,2.3850645525846295,-0.729821411640582,2275413.167998288
225.7,1.1273766666666791,0.49749796172731064,2.379365722337027,-0.6298787049393685,2264552.496252961
225.75,1.14324333333333,0.6161920978147073,2.3673349212146984,-0.5270512355186228,2241709.851681041
225.8,1.15911,0.7341268382385209,2.3490282808100775,-0.4249831617614792,2207173.5456182193
225.85,1.1737033333333318,0.8509933167478232,2.3246261843296008,-0.3227100165855086,2161554.7587483195
225.9,1.17683666666667,0.9664820346060001,2.29378162319504,-0.21035463206066995,2104573.6539629092
225.95,1.1799700000000015,1.0802602426286447,2.256263582905312,-0.09970975737135679,2036290.1422178864
226.0,1.18310333333333,1.192003099367165,2.2124283878705167,0.008899766033835022,1957935.7485821333
226.05,1.17932694444445,1.3013984298474153,2.1623158367202024,0.1220714854029652,1870243.911092396
226.1,1.168640833333334,1.4081257761659838,2.1056706547775446,0.23948494283264976,1773539.562556517
226.15,1.15795472222223,1.5118587400872439,2.042620360237214,0.3539040178650139,1668919.1744222427
226.2,1.147268611111107,1.6122891446974392,1.9736500093110065,0.4650205335863322,1558117.7437013346
226.25,1.12419,1.709123429513027,1.8986638430837894,0.5849334295130271,1441969.7556134819
226.3,1.09973444444445,1.802053498724206,1.8175560700120934,0.7023190542797562,1321404.0270551222
226.35,1.075278888888874,1.8907856831525878,1.730846693410246,0.8155067942637138,1198332.1104356728
226.4,1.04716750000001,1.975051784653282,1.6389545816943498,0.927884284653272,1074468.8483427605
226.45,1.0105258333333191,2.0545953398443513,1.5419157618188515,1.0440695065110321,951001.6866181637
226.5,0.973884166666663,2.129161655806792,1.439973469090376,1.1552774891401287,829409.4366736688
226.55,0.93724250000001,2.198521719335377,1.3337715838462274,1.261279219335367,711578.6551502696
226.6,0.894099972222201,2.262473398059414,1.2236446908551064,1.3683734258372129,598922.5317831556
226.65,0.848171361111133,2.320824414926397,1.1098100722630029,1.4726530538152638,492671.3585985647
226.7,0.8022427499999866,2.3734011204178413,0.9927760018912747,1.5711583704178547,394241.6759724897
226.75,0.755686722222227,2.4200583903835637,0.8731220652219234,1.6643716681613367,304936.8563109586
226.8,0.703483944444469,2.4606748215524235,0.7511567318997477,1.7571908771079543,225694.5743513238
226.85,0.6512811666666514,2.495141024283232,0.6272063275359916,1.8438598576165808,157355.11092047422
226.9,0.599078388888924,2.523371444897497,0.5018126387647543,1.9242930560085731,100726.36976961832
226.95,0.5450567222222122,2.5453054461567213,0.37540624927498156,2.000248723934509,56371.940797883835
227.0,0.489216166666669,2.5609007072119563,0.2483159875025146,2.071684540545287,24664.331859739596
227.05,0.433375611111126,2.5701320002575283,0.12092052842970644,2.1367563891464023,5848.709678287777
227.1,0.3775350555555183,2.5729947274691787,-0.006359321141029772,2.1954596719136603,16.176386149899283
227.15,0.320067000000016,2.569503438677333,-0.13319890799868633,2.2494364386773174,7096.779636817002
227.2,0.2624181111110842,2.5596870788690134,-0.2593062378487681,2.297268967757929,26895.88999491276
227.25,0.204769222222217,2.543590517949326,-0.3843536615135283,2.3388212957271093,59091.09484754235
227.3,0.147059441666683,2.5212744619197056,-0.5080383615606859,2.374215020253023,103241.1907269065
227.35,0.0892075805555282,2.4928139181941353,-0.630091049818285,2.403606337638607,158805.89242444342
227.4,0.0313557194444719,2.4582966789452176,-0.7502665624264179,2.4269409595007456,225159.9658780616
227.45,-0.0264961416666822,2.4178223401649137,-0.8683394426444219,2.444318481831596,301605.35506081005
227.5,-0.0828676194444392,2.371502091415455,-0.9840531160441859,2.4543697108598943,387344.2140785088
227.55,-0.138604647222196,2.319460633602934,-1.097152367217274,2.4580652808251298,481497.32675618725
227.6,-0.1943416750000154,2.2618334543321605,-1.2074572337102565,2.456175129332176,583181.18849569
227.65,-0.249667638888855,2.1987641204372594,-1.3148109437868754,2.4484317593261142,691491.1271606935
227.7,-0.3012940277777913,2.1304062502893926,-1.418932915668225,2.4317002780671837,805348.2476666921
227.75,-0.352920416666669,2.056928859980983,-1.5195740111177245,2.409849276647652,923642.0701057641
227.8,-0.404546805555547,1.9785086111566579,-1.6166302265569619,2.383055416712205,1045397.3157670456
227.85,-0.4536153072626014,1.89532887450722,-1.709905215947285,2.3489441817698213,1169510.3390094924
227.9,-0.500125921787698,1.8075858968719687,-1.799112683715535,2.3077118186596666,1294722.5794824457
227.95,-0.5466365363128745,1.7154884479365642,-1.8840702938399654,2.2621249842494384,1419888.3488520854
228.0,-0.593147150837998,1.61925106591189,-1.964696681036011,2.2123982167498877,1544013.2193895667
228.05,-0.633614844444437,1.519096226942688,-2.0406775038420712,2.152711071387125,1665745.8698748427
228.1,-0.6735570666666898,1.4152661261362862,-2.111690579061686,2.088823192802976,1783694.8406791515
228.15,-0.713499288888874,1.3080112213589419,-2.17766144039534,2.0215105102478157,1896883.7395938823
228.2,-0.7510341333333455,1.1975864185375813,-2.2384472932675106,1.9486205518709268,2004258.5138946578
228.25,-0.7834533,1.0842586128901026,-2.293707335884699,1.8677119128901025,2104437.3370765136
228.3,-0.815872466666654,0.9683115184117089,-2.3432184605519457,1.784183985078363,2196269.101548572
228.35,-0.8482916333333419,0.8500325212112659,-2.3869853726666106,1.6983241545446077,2279079.6677297433
228.4,-0.874467599999987,0.7297129088370097,-2.4247581570115826,1.6041805088369967,2351780.8479976826
228.45,-0.8982156555555596,0.6076621707871986,-2.456204258401425,1.5058778263427581,2413175.743595718
228.5,-0.921963711111107,0.4841986051206348,-2.481284007380775,1.4061623162317418,2462708.1301134396
228.55,-0.944543733333326,0.3596393400337531,-2.500030574179352,1.3041830733670792,2500061.1487326156
228.6,-0.958558177777783,0.23430671443491174,-2.512108942266246,1.1928648922126948,2524276.5351256146
228.65,-0.972572622222216,0.10854373125306374,-2.5172712128429784,1.0811163534752797,2534661.743603184
228.7,-0.986587066666671,-0.017307949017886015,-2.515687009630419,0.9692791176487849,2531472.452169296
228.75,-0.995318311111112,-0.14291160347502363,-2.5073025297548535,0.8524067076360884,2514626.390286035
228.8,-0.999172755555555,-0.2679206972541366,-2.491869573478549,0.7312520583014184,2483765.5884912666
228.85,-1.0030272000000022,-0.3919817516346895,-2.4694292543406946,0.6110454483653127,2439232.3368774555
228.9,-1.00688164444444,-0.514751874182718,-2.440285117382848,0.492129770261722,2381996.5816480885
228.95,-1.002207688888887,-0.6358971805397996,-2.4043584771909887,0.3663105083490873,2312375.8747360683
229.0,-0.996792133333333,-0.7550735592695879,-2.36158323963243,0.2417185740637452,2230830.159085121
229.05,-0.99137657777778,-0.8719476941475449,-2.3123401586729604,0.11942888363023507,2138766.8037646767
229.1,-0.983771511111106,-0.9862053128348719,-2.2569622632985404,-0.0024338017237659493,2037551.4631814682
229.15,-0.97151373333334,-1.097543857735024,-2.195581809112001,-0.12603012440168404,1928231.7922014112
229.2,-0.959255955555553,-1.2056679403277533,-2.128468111587855,-0.24641198477220028,1812150.6008185481
229.25,-0.94699817777778,-1.3103036133983212,-2.056130679229013,-0.3633054356205413,1691069.348026705
229.3,-0.931727600000008,-1.411200079773238,-1.978937527637727,-0.47947247977323004,1566477.4953171678
229.35,-0.9152853777777706,-1.5081218026088528,-1.8972098924563348,-0.5928364248310821,1439762.1504136708
229.4,-0.898843155555561,-1.6008533360649013,-1.8114170922330812,-0.7020101805093403,1312492.7528136605
229.45,-0.8820705999999892,-1.6892041439504464,-1.7220609183474498,-0.8071335439504572,1186197.5225998648
229.5,-0.862875599999996,-1.7730063281394561,-1.6295178693241994,-0.9101307281394602,1062131.3945787514
229.55,-0.843680600000004,-1.8521092875042724,-1.5341746294743195,-1.0084286875042685,941476.7174890662
229.6,-0.8244855999999882,-1.9263852656863472,-1.4365181931631748,-1.1018996656863589,825433.8077155168
229.65,-0.803556688888897,-1.9957290448725349,-1.3369367608313119,-1.192172355983638,714959.9609848481
229.7,-0.7810272444444363,-2.0600519111777413,-1.235732132655816,-1.2790246667333052,610813.5614712364
229.75,-0.7584978,-2.1192813773317587,-1.1332728054812757,-1.3607835773317587,513722.9006573606
229.8,-0.735968355555564,-2.1733653122194077,-1.029978763444145,-1.4373969566638438,424342.5012583721
229.85,-0.7091376555555455,-2.2222687769688005,-0.9260552005967818,-1.513131121413255,343031.2938209383
229.9,-0.681932933333349,-2.2659633646665256,-0.8216815609679454,-1.5840304313331766,270064.23505388777
229.95,-0.6547282111111046,-2.3044353071107,-0.717208151262218,-1.6497070959995956,205755.01289478745
230.0,-0.625909177777782,-2.337687028204408,-0.6129037708321352,-1.7117778504266261,150260.4129201002
230.05,-0.593659733333345,-2.3657301917631655,-0.5088683922592648,-1.7720704584298206,103578.81625621162
230.1,-0.5614102888888707,-2.388580979343457,-0.40525744147023535,-1.8271706904545866,65693.43754680049
230.15,-0.529160844444452,-2.4062676732426516,-0.30234850262101637,-1.8771068287981996,36565.846814868295
230.2,-0.4942203999999795,-2.418829861085733,-0.20027996291625932,-1.9246094610857536,16044.825418295282
230.25,-0.458233455555549,-2.426311024456819,-0.09913098282592413,-1.96807756890127,3930.780702413466
230.3,-0.422246511111118,-2.4287612230946416,0.0009239861935039367,-2.006514711983524,0.3415001943143578
230.35,-0.3861090999999788,-2.4262400715611694,0.09969382027995333,-2.0401309715611906,3975.5431208046534
230.4,-0.348868266666681,-2.4188154159461845,0.19705040881736785,-2.0699471492795034,15531.54544603672
230.45,-0.3116274333333188,-2.406560625354054,0.2928726615313026,-2.0949331920207355,34309.75834897157
230.5,-0.2743866,-2.3895562759731446,0.38700858505284264,-2.1151696759731444,59910.25796184133
230.55,-0.237530855555569,-2.367890454157071,0.4793045182575767,-2.130359598601502,91893.12848885107
230.6,-0.2010305777777642,-2.3416590793809813,0.5696063429955571,-2.140628501603217,129780.55439230891
230.65,-0.164530300000021,-2.3109651691055624,0.6577883431689062,-2.1464348691055415,173074.2017635579
230.7,-0.1280300222222163,-2.2759172635443496,0.7437503666106,-2.1478872413221333,221265.8431333608
230.75,-0.0934131940000015,-2.23662988261217,0.8273288167054094,-2.143216688612169,273789.18838046916
230.8,-0.0589601440000091,-2.193226711419493,0.9083686296704929,-2.134266567419484,330053.42694777966
230.85,-0.024507093999978,-2.1458364949970044,0.9868009870859785,-2.1213294009970265,389510.4752455446
230.9,0.009252626222216,-2.094591443242229,1.0625446043353666,-2.103844069464445,451600.4144808803
230.95,0.041539020666685,-2.0396290518389772,1.135468279583935,-2.0811680725056623,515715.28557652055
231.0,0.0738254151111172,-1.981093194532546,1.205477967090801,-2.0549186096436634,581270.851656548
231.05,0.106111809555549,-1.919130328264275,1.272543902474119,-2.025242137819824,647747.193489624
231.1,0.1368992000000171,-1.8538893438760116,1.3365781676598678,-1.9907885438760287,714576.4793060039
231.15,0.167103644444433,-1.7855248365173317,1.3974734207510833,-1.9526284809617647,781172.7846822937
231.2,0.1973080888889,-1.714195049681623,1.4551861507290071,-1.911503138570523,847026.6933094019
231.25,0.227258966666667,-1.6400597609906682,1.5096868601234326,-1.8673187276573353,911661.7662517396
231.3,0.255350355555545,-1.56328167635425,1.5608693700869634,-1.818632031909795,974525.2761902695
231.35,0.2834417444444549,-1.4840296452641422,1.6086430009020538,-1.767471389708597,1035092.921740466
231.4,0.311533133333317,-1.4024743462011302,1.6529989038023403,-1.7140074795344473,1092962.1503886955
231.45,0.3384117932960946,-1.3187876764354425,1.6938802099363395,-1.657199469731537,1147692.066245591
231.5,0.364171011173181,-1.2331458736398795,1.7311893810991767,-1.5973168848130606,1198806.6692922204
231.55,0.389930229050266,-1.145728878386587,1.7648908438620956,-1.535659107436853,1245935.876299304
231.6,0.4156894469273799,-1.0567165689868094,1.7950062325991551,-1.4724060159141894,1288818.950027925
231.65,0.438423950276231,-0.96628977473178,1.821431525093847,-1.404713725008011,1327045.120242279
231.7,0.4609653867403388,-0.8746365644291131,1.8440686399746895,-1.335601951169452,1360235.6595752405
231.75,0.483506823204422,-0.7819452598545708,1.8629653936890367,-1.2654520830589928,1388256.023233179
231.8,0.504930910614522,-0.6884021443738579,1.8781356228827528,-1.19333305498838,1410957.3671764745
231.85,0.5239806312849279,-0.5941952379019453,1.8894941601216049,-1.118175869186873,1428075.2724534594
231.9,0.543030351955301,-0.49951661929848246,1.897019574389948,-1.0425469712537834,1439473.3062474479
231.95,0.5620800726257051,-0.404555569100939,1.9008079257192165,-0.9666356417266442,1445228.3081907963
232.0,0.578020150000001,-0.3094988365676775,1.9008163831146594,-0.8875189865676785,1445241.1689268383
232.05,0.592867649999996,-0.21453827465116077,1.8969646425176705,-0.8074059246511567,1439389.9419848775
232.1,0.6077151500000071,-0.11986540960022866,1.8893309515905135,-0.7275805596002357,1427828.577855166
232.15,0.621953805555551,-0.02566638788269264,1.878025167806325,-0.6476201934382436,1410791.41236559
232.2,0.63245241666667,0.06787492274233396,1.8629893173844014,-0.564577493924336,1388291.678675359
232.25,0.642951027777777,0.1605702175598951,1.8442143160793367,-0.48238081021788193,1360450.5774527902
232.3,0.653449638888884,0.2522370884495483,1.8218837575160907,-0.4012125504393357,1327704.1703603799
232.35,0.6615946000000025,0.34270065409558914,1.7960776280369108,-0.31889394590441333,1290357.9383738784
232.4,0.667734599999997,0.4317868967451181,1.7667948991965032,-0.23594770325487885,1248625.6863307129
232.45,0.6738746000000034,0.5193243461762954,1.7341644744116365,-0.15455025382370802,1202930.569724555
232.5,0.680014600000002,0.6051514510138364,1.6984204559805818,-0.07486314898616564,1153852.818117315
232.55,0.682111816666666,0.6891151965313366,1.659605380461562,0.007003379864670589,1101716.0075427864
232.6,0.683950983333334,0.7710615488714405,1.6177636568227605,0.08711056553810648,1046863.69973462
232.65,0.685790149999999,0.850845229406855,1.5731415024949071,0.16505507940685604,989909.6747487736
232.7,0.6862247388888877,0.9283325112666249,1.525927783547983,0.24210777237773717,931382.240241464
232.75,0.683932794444444,1.0033957887773401,1.4761808605451596,0.31946299433289616,871643.9732159392
232.8,0.681640850000001,1.0759105999660639,1.424033406123394,0.3942697499660629,811148.4567021579
232.85,0.6793489055555532,1.1457635120794267,1.3697481890570835,0.46641460652387357,750484.0405700639
232.9,0.67418966666667,1.2128517874992484,1.313445025619719,0.5386621208325784,690055.1341300737
232.95,0.6680229999999985,1.2770756559638266,1.2551999014897222,0.6090526559638281,630210.7170799233
233.0,0.661856333333334,1.3383430141878339,1.1952283046525796,0.6764866808544998,571428.2800970718
233.05,0.655199588888894,1.3965736495337195,1.1337659225047996,0.7413740606448256,514170.06681326363
233.1,0.6455323666666636,1.4516962416139194,1.0709016401243143,0.8061638749472558,458732.1291283786
233.15,0.635865144444451,1.5036423994661572,1.006751753393718,0.8677772550217062,405419.6371845302
233.2,0.6261979222222206,1.5523542484382533,0.9415708887677762,0.9261563262160327,354622.29542997596
233.25,0.614815750000003,1.5977850593639107,0.8755237040932912,0.9829693093639077,306616.70257169474
233.3,0.60197269444445,1.6398937191873653,0.8087017946811845,1.0379210247429151,261599.43708822748
233.35,0.5891296388888827,1.6786451215091178,0.7412716555527505,1.0895154826202351,219793.46693036627
233.4,0.576286583333337,1.714014471809563,0.6734554597915214,1.1377278884762259,181416.90252920383
233.45,0.5608997833333261,1.7459857591493433,0.6053440254899738,1.1850859758160173,146576.55567856244
233.5,0.545350616666665,1.774545259336966,0.5370144125983456,1.229194642670301,115353.79173533847
233.55,0.529801450000004,1.799686632722806,0.4686494560277901,1.2698851827228022,87852.92505405744
233.6,0.5134270277777688,1.821411944262452,0.4003878317520357,1.307984916484683,64124.166326038576
233.65,0.495450638888897,1.8397280885193847,0.33228581018407555,1.3442774496304877,44165.543859875
233.7,0.4774742499999947,1.8546446734147306,0.26443167339636503,1.377170423414736,27969.64395808075
233.75,0.459497861111113,1.8661779353414376,0.19697739275310283,1.4066800742303247,15520.037302324052
233.8,0.440006116666676,1.874350337241804,0.12999807122536788,1.434344220575128,6759.799408926328
233.85,0.4199819499999946,1.879186467829835,0.0635415929276254,1.4592045178298403,1615.0136127120215
233.9,0.399957783333347,1.8807150732035884,-0.0022810710685235436,1.4807572898702415,2.081314087862056
233.95,0.3796791666666645,1.87897086738149,-0.06735409602249369,1.4992917007148254,1814.6297004029202
234.0,0.357837500000002,1.8739928250938656,-0.13163797164257587,1.5161553250938635,6931.422231268644
234.05,0.33599583333334,1.8658210214255189,-0.1950856854954866,1.529825188092179,15223.369874097565
234.1,0.3141541666666531,1.8545000147487543,-0.25758887262097535,1.5403458480821013,26540.810919258023
234.15,0.291506700000007,1.8400789435625162,-0.31908433763723054,1.5485722435625093,40725.925810156055
234.2,0.2681728111110997,1.8226088188365959,-0.3795463975066413,1.5544360077254962,57622.18714410775
234.25,0.24483892222222,1.8021424498731549,-0.43892065701909794,1.5573035276509348,77060.53726323064
234.3,0.22150503333334,1.7787361703675477,-0.49713077946496426,1.5572311370342078,98855.60475657717
234.35,0.197064555555544,1.7524491219782419,-0.5541564952581017,1.555384566422698,122835.76849469701
234.4,0.172553444444456,1.7233405045147476,-0.6099838612424994,1.5507870600702915,148832.1243905235
234.45,0.1480423333333259,1.6914717006078794,-0.664553913499753,1.5434293672745536,176652.76157913488
234.5,0.123302515555558,1.6569068848831094,-0.7178180957191413,1.5336043693275514,206105.12741674177
234.55,0.0981187377777897,1.6197121158889594,-0.769749110057429,1.5215933781111697,237005.47697368157
234.6,0.0729349599999928,1.5799548171646678,-0.8203098910488887,1.507019857164675,269163.3269410559
234.65,0.0477511822222389,1.5377048962529554,-0.8694448718495935,1.4899537140307164,302373.75407422247
234.7,0.022465243333328,1.4930349216193464,-0.9171047430293929,1.4705696782860183,336432.44387480355
234.75,-0.0028565899999997,1.4460197752084576,-0.9632438809769662,1.4488763652084573,371135.50969582715
234.8,-0.0281784233333275,1.3967366735793287,-1.0078151574664123,1.4249150969126563,406276.5566476197
234.85,-0.0534423200000165,1.3452651875575532,-1.0507713693511045,1.3987075075575697,441648.1882591981
234.9,-0.0783503199999929,1.2916874330369674,-1.0920545195336848,1.3700377530369603,477033.2294535788
234.95,-0.1032583200000121,1.2360884482430883,-1.1316155976794278,1.3393467682431004,512221.5443645474
235.0,-0.128166320000002,1.1785550384384478,-1.1694274363392039,1.3067213584384498,547024.211545153
235.05,-0.152646549999993,1.1191755574099889,-1.2054487984054982,1.2718221074099818,581242.7222309038
235.1,-0.1767623833333447,1.058040878349274,-1.239627583211152,1.2348032616826188,614670.6180231688
235.15,-0.200878216666655,0.9952439788977551,-1.2719360368025538,1.1961221955644101,647128.5126867951
235.2,-0.2249940500000062,0.9308785905304894,-1.3023659001520471,1.1558726405304955,678462.7751515408
235.25,-0.248197561111109,0.865039513413687,-1.330868724371826,1.113237074524796,708484.6246044366
235.3,-0.271342838888878,0.7978246374375192,-1.3573966346498834,1.0691674763263972,737010.2495035316
235.35,-0.2944881166666729,0.7293328383341937,-1.3819454576894703,1.0238209550008666,763909.2992114238
235.4,-0.317286122222209,0.659663361330749,-1.4044983909837443,0.976949483552958,789046.2921103707
235.45,-0.3394100111111176,0.5889170374544336,-1.425009429947659,0.9283270485655513,812260.7501759008
235.5,-0.361533900000002,0.5171968814020989,-1.4434530457480057,0.8787307814021008,833422.6781116778
235.55,-0.383657788888886,0.4446060316782876,-1.459839169203562,0.8282638205671736,852452.1599763783
235.6,-0.4053390167597912,0.3712473766805046,-1.4741611423022623,0.7765863934402959,869260.4293895643
235.65,-0.426864715083794,0.2972244584203495,-1.486411240116999,0.7240891735041435,883767.3498984622
235.7,-0.4483904134078331,0.22264046516286534,-1.4966091575810843,0.6710308785706984,895935.5882222251
235.75,-0.469803955555559,0.14759729616781425,-1.5047824284859335,0.6174012517233732,905748.0628320095
235.8,-0.490628677777774,0.07219589279622866,-1.5109360631847895,0.5628245705740027,913171.11481294
235.85,-0.5114534000000118,-0.0034629187316629617,-1.5150866140993378,0.5079904812683489,918194.9792891983
235.9,-0.532278122222214,-0.0792801906419543,-1.5172827791207604,0.45299793158025975,920858.8127265673
235.95,-0.5525927777777854,-0.155159057108191,-1.5175508534465942,0.39743372066959437,921184.2371185947
236.0,-0.572506666666667,-0.23100329586573426,-1.5159002946958746,0.3415033708009328,919181.4813836159
236.05,-0.592420555555548,-0.3067177064524518,-1.5123669603992693,0.2857028491030962,914901.5291629301
236.1,-0.6123344444444514,-0.38220953149104453,-1.5070059962245659,0.23012491295340687,908426.8290627184
236.15,-0.630609933333323,-0.4573874327210459,-1.499792958915424,0.17322250061227717,899751.567844913
236.2,-0.6488171555555593,-0.5321575764802442,-1.4907049364907958,0.1166595790753151,888880.4830712111
236.25,-0.667024377777774,-0.6064276617180561,-1.4798011395602544,0.06059671605971795,875924.5650575309
236.3,-0.684283099999992,-0.6801077226196218,-1.4670996333802342,0.0041753773803702154,860952.533705767
236.35,-0.6998556000000059,-0.7531066836480476,-1.4525422259309861,-0.05325108364804165,843951.5672450176
236.4,-0.715428099999994,-0.8253309644745164,-1.436126252988861,-0.10990286447452235,824983.4458095303
236.45,-0.7310006000000064,-0.8966897365980687,-1.4179362054287397,-0.16568913659806228,804217.2330662613
236.5,-0.744148700000002,-0.9670945145219493,-1.3979426748652315,-0.22294581452194728,781697.4888837433
236.55,-0.756531199999998,-1.0364530102251228,-1.3760898580621235,-0.27992181022512486,757449.318984574
236.6,-0.7689137000000068,-1.1046736615522024,-1.3524467891666816,-0.33575996155219556,731644.9270109066
236.65,-0.780778066666663,-1.1716692243364994,-1.327095891501704,-0.3908911576698364,704473.402096281
236.7,-0.7899222333333372,-1.2373539905370758,-1.2999898197619404,-0.4474317572037386,675989.4125938729
236.75,-0.7990664,-1.3016387132928318,-1.27111392285417,-0.5025723132928318,646292.2419494867
236.8,-0.808210566666663,-1.3644378397171673,-1.240585105785033,-0.5562272730505042,615620.5618782646
236.85,-0.8157417777777806,-1.4256702771587746,-1.2084394682558797,-0.609928499380994,584130.3793754212
236.9,-0.822005666666663,-1.4852544643383587,-1.1746544146072828,-0.6632487976716958,551925.1975025514
236.95,-0.8282695555555566,-1.5431093591047502,-1.1392874505913777,-0.7148398035491936,519190.35803000035
237.0,-0.834533444444443,-1.5991587907910723,-1.1024550673601292,-0.7646253463466293,486162.87021921086
237.05,-0.838044533333332,-1.653330176837866,-1.0641417228270842,-0.8152856435045341,452959.042504558
237.1,-0.8414409222222239,-1.7055480684697695,-1.024334549471468,-0.8641071462475456,419704.5076963661
237.15,-0.84483731111111,-1.755740749513339,-0.9831542755086673,-0.910903438402229,386636.931780389
237.2,-0.8468324999999997,-1.803841612736644,-0.9406611474231569,-0.9570091127366442,353937.35770858004
237.25,-0.846336666666667,-1.8497841246815756,-0.8968040077090876,-1.0034474580149086,321702.97129723255
237.3,-0.845840833333333,-1.893499685742314,-0.8516069339489034,-1.047658852408981,290093.7479799408
237.35,-0.8453449999999973,-1.934924854431399,-0.8052116597070914,-1.0895798544314017,259346.32677129953
237.4,-0.840751500000002,-1.97400005100498,-0.7575687792156676,-1.1332485510049781,229564.18209692676
237.45,-0.8348639999999977,-2.0106593061757616,-0.7085800450459159,-1.1757953061757638,200834.27209490887
237.5,-0.8289765,-2.0448372363995455,-0.6583414876740503,-1.2158607363995455,173365.40575715268
237.55,-0.822083533333338,-2.0764743942347,-0.6069587607989926,-1.254390860901362,147359.57492425948
237.6,-0.8099118666666622,-2.105511782132866,-0.5542966301128534,-1.295599915466204,122897.90166178613
237.65,-0.797740200000007,-2.1318814867855647,-0.5002795292441492,-1.3341412867855578,100111.84295229902
237.7,-0.785568533333329,-2.155519927084409,-0.4450732275579117,-1.36995139375108,79236.07115552666
237.75,-0.769791400000002,-2.176368991374431,-0.38867796757861656,-1.406577591374429,60428.22499241764
237.8,-0.751181400000006,-2.194365962456317,-0.3309770641689378,-1.4431845624563113,43818.32680235567
237.85,-0.7325713999999894,-2.2094458917750193,-0.2720272631996321,-1.4768744917750298,29599.532769552767
237.9,-0.713961400000004,-2.2215509588265365,-0.2120131445563221,-1.5075895588265324,17979.82938586397
237.95,-0.6890583333333187,-2.230627908116526,-0.1508419898379723,-1.5415695747832074,9101.322359311576
238.0,-0.663893055555551,-2.2366144717077634,-0.08842918500209973,-1.5727214161522123,3127.888304054232
238.05,-0.638727777777783,-2.2394534670738264,-0.02497418023370504,-1.6007256892960435,249.48387133823343
238.1,-0.6112937999999821,-2.239096351965768,0.0394133404191916,-1.627802551965786,621.3645611996329
238.15,-0.57982657777779,-2.235495576410905,0.10479423789414001,-1.655668998633115,4392.732918325444
238.2,-0.5483593555555432,-2.228601195769589,0.17112001519980868,-1.6802418402140455,11712.823840793102
238.25,-0.516892133333333,-2.2183715380595386,0.23816903523492225,-1.7014794047262056,22689.79573789345
238.3,-0.481156666666681,-2.2047727800780508,0.30590900317736797,-1.7236161134113699,37432.12728998837
238.35,-0.4440733333333189,-2.1877688181307984,0.374358976494354,-1.7436954847974795,56057.85731276012
238.4,-0.406990000000021,-2.1673278303413417,0.44335316486349363,-1.7603378303413206,78624.81151779045
238.45,-0.3692217333333255,-2.1434275921682158,0.5127028331389757,-1.7742058588348903,105145.67804349292
238.5,-0.327857566666674,-2.1160521760099926,0.5823750378672258,-1.7881946093433188,135664.27389234107
238.55,-0.286493400000023,-2.0851858679719757,0.6523013608292281,-1.7986924679719527,170198.82613586512
238.6,-0.2451292333333245,-2.0508214959311086,0.7222611547402831,-1.805692262597784,208664.47025870686
238.65,-0.202102535555585,-2.01296165471564,0.7921072966259027,-1.8108591191600552,250973.58774719835
238.7,-0.1577695633333228,-1.9716142340733114,0.8617459041108473,-1.8138446707399887,297042.4013007286
238.75,-0.11343659111111,-1.9267933083877224,0.9310106594630838,-1.8133567172766125,346712.3392135545
238.8,-0.0691036188888976,-1.8785230631456182,0.9996825627902748,-1.8094194442567206,399746.0905387727
238.85,-0.0233781133333072,-1.8268375426642713,1.0676057206285687,-1.803459429330964,455912.78988753824
238.9,0.0224054144444271,-1.7717775113132568,1.1346286665493202,-1.7941829257576838,514952.88438219536
238.95,0.0681889422222394,-1.7133931138540333,1.2005464379860187,-1.7815820560762727,576524.699904367
239.0,0.11389586,-1.6517446852675295,1.2651563182003822,-1.7656405452675294,640248.2037929387
239.05,0.159466582222205,-1.586902625538857,1.3282588064116159,-1.746369207761062,705708.5827240042
239.1,0.2050373044444619,-1.5189470580492814,1.389667284469735,-1.7239843624937432,772470.064610195
239.15,0.250608026666641,-1.4479670071572028,1.4492103152973963,-1.698575033823844,840084.2151857516
239.2,0.2946119666666748,-1.3740609648217135,1.5066583747590379,-1.6686729314883881,908007.7832926181
239.25,0.338121133333325,-1.2973400814134182,1.5617728162921667,-1.635461214746743,975653.7318836664
239.3,0.381630299999975,-1.2179252717728226,1.614392866423296,-1.5995555717727976,1042505.7308633705
239.35,0.4245093333333415,-1.1359450336058885,1.664359521108817,-1.5604543669392301,1108037.0462022282
239.4,0.464080166666644,-1.0515384818154212,1.7113777177765932,-1.5156186484820653,1171525.4771608883
239.45,0.5036510000000135,-0.9648606187978396,1.7551952947243914,-1.468511618797853,1232284.2090490572
239.5,0.543221833333338,-0.8760739054276531,1.795716492153783,-1.419295738760991,1289839.0880772348
239.55,0.579586653631279,-0.7853477535866052,1.8327119581975644,-1.3649344072178842,1343533.2486881404
239.6,0.6134324636871712,-0.6928668999675869,1.8658573122594655,-1.306299363654758,1392569.4038848465
239.65,0.647278273743006,-0.5988288699048343,1.8949928594789116,-1.2461071436478401,1436399.1749904247
239.7,0.6811240837988939,-0.5034349521794911,1.9200892157559075,-1.1845590359783849,1474697.0385848545
239.75,0.707361850000002,-0.4068933260226651,1.9407851734762362,-1.114255176022667,1506658.8358340738
239.8,0.733444349999993,-0.3094353526895951,1.956747335684675,-1.042879702689588,1531544.0542836296
239.85,0.7595268500000107,-0.2112968000367451,1.968018240599562,-0.9708236500367559,1549238.3181330385
239.9,0.781990254143638,-0.11271340501370608,1.9744982317911934,-0.8947036591573441,1559457.3069386198
239.95,0.7985488176795624,-0.0139326730409534,1.9758384317608104,-0.8124814907205158,1561575.0033692075
240.0,0.815107381215467,0.08478238067104764,1.9718961666826826,-0.7303250005444194,1555349.7968711434
240.05,0.831665944751372,0.1831715486882377,1.9628309989847612,-0.6484943960631343,1541082.2122302062
240.1,0.8399209111111132,0.2809764220509295,1.9484243802493444,-0.5589444890601838,1518543.0262200166
240.15,0.845553688888886,0.3779198499309063,1.928370651143209,-0.4676338389579797,1487445.3472761936
240.2,0.8511864666666681,0.4737214206093813,1.9027934536468216,-0.37746504605728676,1448249.1708964796
240.25,0.854924614525138,0.5681100720037313,1.8718696071712562,-0.2868145425214067,1401558.3305005892
240.3,0.848715955307264,0.6608145317595355,1.8353170644478167,-0.18790142354772843,1347355.4908213406
240.35,0.8425072960893815,0.7515455638307424,1.792992097320663,-0.09096173225863902,1285928.26442174
240.4,0.83629863687151,0.8400236151346833,1.7452598767289762,0.0037249782631733064,1218372.8149280166
240.45,0.823541483333325,0.9259824562766273,1.6921835504924836,0.10244097294330234,1145394.0674229392
240.5,0.806042316666665,1.0091506929408463,1.6336318367832092,0.2031083762741812,1067501.1912606726
240.55,0.788543150000005,1.089258096911312,1.5698276402901146,0.30071494691130696,985743.5280875317
240.6,0.7710439833333196,1.16605372723747,1.501239509857688,0.39500974390415045,901488.0263831007
240.65,0.743874394444457,1.2393024765945757,1.427878978294069,0.4954280821501187,815535.3506616459
240.7,0.7165074499999925,1.3087627545916214,1.3497857424195663,0.5922553045916289,728768.6201756559
240.75,0.689140505555558,1.3742108444461194,1.267479270552611,0.6850703388905615,642601.4805122316
240.8,0.658689438888906,1.4354467690378443,1.1813376449860977,0.7767573301489383,558223.4525845199
240.85,0.6232063833333228,1.4922830937097646,1.0915049837681579,0.8690767103764419,476553.2518362906
240.9,0.587723327777801,1.5445408067032003,0.9982831137668471,0.9568174789253993,398627.67009281274
240.95,0.5522402722222162,1.5920637975273841,0.9022030188840644,1.039823525305168,325588.1149134078
241.0,0.51197928333334,1.6347183527016622,0.8035568876275392,1.1227390693683224,258281.46866146303
241.05,0.470370672222238,1.6723805566319083,0.7025733832150911,1.2020098844096703,197443.7435209197
241.1,0.4287620611110889,1.7049441101888883,0.5996930497548513,1.2761820490777993,143852.7015697098
241.15,0.386462450000013,1.7323257826532656,0.4953661578533319,1.3458633326532525,98155.05213854885
241.2,0.3410149499999781,1.7544614549280972,0.38988180935577643,1.413446504928119,60803.1301066136
241.25,0.295567449999996,1.7712998695387348,0.283549853089878,1.4757324195387387,32160.207674916564
241.3,0.250119950000013,1.7828095423984958,0.1768020512905069,1.5326895923984827,12503.586136212414
241.35,0.2039249266666444,1.7889794174537377,0.07001299861500823,1.5850544907870932,1960.727990026058
241.4,0.157188593333355,1.7898156706039576,-0.03648825816572737,1.6326270772706026,532.5571935875081
241.45,0.1104522599999864,1.785341081595381,-0.1423621960512153,1.6748888215953945,8106.797945809865
241.5,0.0637159266666711,1.7755955754949195,-0.2472707900173458,1.7118796488282484,24457.13743832093
241.55,0.0180163788889105,1.7606360629725915,-0.35085814655181585,1.742619684083681,49240.575600710195
241.6,-0.0276620100000129,1.7405372709380622,-0.45279706943155995,1.768199280938075,82010.07443432357
241.65,-0.0733403988888586,1.7153881305119665,-0.5528316617226507,1.788728529400825,122249.13848121093
241.7,-0.1178568111111172,1.6852905362915465,-0.650682660584454,1.8031473474026636,169355.1699141055
241.75,-0.160477366666664,1.6503618310620265,-0.7460179815016932,1.8108391977286904,222617.13148954426
241.8,-0.20309792222221,1.610734943825268,-0.8385827757633701,1.813832866047478,281288.4287227995
241.85,-0.2457184777778017,1.5665523223965034,-0.9282230819826379,1.812270800174305,344639.23597013875
241.9,-0.284013283333323,1.5179667310684462,-1.0146198714982206,1.801980014401769,411781.3934556263
241.95,-0.3210880055555731,1.4651501642368647,-1.0974284394749068,1.7862381697924379,481739.6719073316
242.0,-0.358162727777781,1.408286087105131,-1.1765061923037947,1.766448814882912,553666.7282116694
242.05,-0.393867549999992,1.3475640367430664,-1.2517157325806425,1.7414315867430583,626716.9100759579
242.1,-0.4233317166666808,1.2831855151649099,-1.3226671371441858,1.7065172318315907,699779.3422724785
242.15,-0.452795883333319,1.215373420949872,-1.389053707789945,1.668169304283191,771788.0812499975
242.2,-0.4822600500000059,1.144356653337302,-1.450850791025314,1.6266167033373078,841987.2071275115
242.25,-0.50672107222222,1.0703687140182476,-1.5078273095209715,1.5770897862404676,909417.2781349007
242.3,-0.527559127777768,0.9936604111666505,-1.5596161419234897,1.5212195389444185,972961.0040593244
242.35,-0.5483971833333389,0.9144956618648107,-1.606092465036755,1.4628928451981495,1031813.2024991361
242.4,-0.569235238888875,0.833138878952046,-1.6473071314526069,1.402374117840921,1085448.3141338464
242.45,-0.5820261333333362,0.7498575851054439,-1.68296585066964,1.33188371843878,1132949.6218080742
242.5,-0.5946528,0.664939417066129,-1.7127983942896658,1.2595922170661291,1173471.335792503
242.55,-0.607279466666664,0.5786729786386002,-1.7369180323998363,1.1859524453052641,1206753.7005102877
242.6,-0.6174193500000045,0.4913424860294329,-1.7553466150625325,1.1087618360294373,1232496.6956045963
242.65,-0.623501849999998,0.4032356221068525,-1.7679382969051374,1.0267374721068505,1250242.328665535
242.7,-0.6295843500000025,0.3146460670819749,-1.7746860616814233,0.9442304170819773,1259804.247010528
242.75,-0.635666850000001,0.22586113498944282,-1.7757872592093447,0.8615279849894438,1261368.1559880944
242.8,-0.638014883333333,0.13716090401200498,-1.7712757347116124,0.775175787345338,1254967.0913512649
242.85,-0.6393096055555558,0.04882703920056544,-1.76115615827312,0.6881366447561212,1240668.4055293342
242.9,-0.640604327777777,-0.03886455377453303,-1.7456274812470358,0.601739774003244,1218886.1213139482
242.95,-0.6411801999999994,-0.12564933647305304,-1.724916908431358,0.5155308635269464,1190135.3363969577
243.0,-0.638481311111111,-0.21127125877847164,-1.6991080759251067,0.4272100523326393,1154787.3014695672
243.05,-0.635782422222223,-0.29547748599620044,-1.6683400674982543,0.3403049362260226,1113343.4323280316
243.1,-0.633083533333331,-0.37802779458648533,-1.6329240270625265,0.2550557387468457,1066576.3512632395
243.15,-0.627891933333337,-0.45869575857713135,-1.5930607895448516,0.1691961747562057,1015137.0716741065
243.2,-0.6208952666666641,-0.5372619089385496,-1.5488800662459343,0.08363335772811442,959611.783845604
243.25,-0.613898599999999,-0.6135162401744035,-1.5006477136234653,0.00038235982559542414,900777.4241613335
243.3,-0.606901933333334,-0.6872651581703809,-1.448723686521262,-0.08036322483704694,839520.1279551025
243.35,-0.5949745055555471,-0.7583291326462778,-1.393231585713182,-0.16335462709073068,776437.7005715471
243.4,-0.582946450000003,-0.8265310911556386,-1.3343052625056013,-0.2435846411556356,712148.2134200566
243.45,-0.5709183944444381,-0.8917087075798794,-1.2723209254916554,-0.32079031313544126,647520.2149775771
243.5,-0.556958566666665,-0.9537169263320255,-1.207560458935406,-0.39675835966536055,583280.9047937153
243.55,-0.539846900000005,-1.0124206414078913,-1.1401527549851422,-0.4725737414078863,519979.32188008394
243.6,-0.5227352333333253,-1.067691864531016,-1.0703235204981998,-0.5449566311976908,458236.9754126641
243.65,-0.505623566666675,-1.1194188336406063,-0.9984433364068759,-0.6137952669739314,398755.63840611756
243.7,-0.4848972499999936,-1.1675051396848868,-0.9246991073347095,-0.6826078896848932,342027.3756422434
243.75,-0.463151416666669,-1.2118600172191103,-0.8492301550367856,-0.7487086005524413,288476.74248952116
243.8,-0.441405583333344,-1.2524045706918496,-0.7723448112245102,-0.8109989873585056,238606.60297016965
243.85,-0.4189959162011095,-1.2890761518389213,-0.6943575076224797,-0.8700802356378119,192852.93935668078
243.9,-0.393562117318452,-1.3218246777662321,-0.6154309612915423,-0.9282625604477801,151502.10724649273
243.95,-0.3681283184357505,-1.35060682652133,-0.5357577832562643,-0.9824785080855796,114814.56092786652
244.0,-0.342694519553078,-1.375393450878054,-0.4556628747569987,-1.0326989313249761,83051.4621727249
244.05,-0.315879333333347,-1.3961702034832515,-0.37539215064253284,-1.0802908701499045,56367.706705610435
244.1,-0.2881432222222102,-1.4129329609446397,-0.2951377513528273,-1.1247897387224295,34842.51690944133
244.15,-0.260407111111121,-1.4256883425157862,-0.21514351473958648,-1.1652812314046652,18514.692773801067
244.2,-0.2326709999999835,-1.434456160441017,-0.13567841676168604,-1.2017851604410337,7363.453109983107
244.25,-0.203743499999995,-1.439268287852507,-0.05693802416485513,-1.235524787852512,1296.7754383190509
244.3,-0.174816000000005,-1.440165073385069,0.020897503550022845,-1.265349073385064,174.68226184928696
244.35,-0.1458884999999835,-1.4371972643486681,0.097611140935365,-1.2913087643486847,3811.173933881476
244.4,-0.116889922222233,-1.4304259424427557,0.17300740864865788,-1.3135360202205226,11972.62537892948
244.45,-0.0877847277777667,-1.4199214026906335,0.246912419410245,-1.3321366749128667,24386.29714360829
244.5,-0.0586795333333333,-1.4057622792254865,0.31916409200802576,-1.3470827458921533,40746.28705092301
244.55,-0.0295743388888999,-1.3880351238749244,0.38960919540857164,-1.3584607849860246,60718.130058765826
244.6,-0.0012117444444336,-1.3668343925507296,0.45807361364489707,-1.365622648106296,83932.57420707776
244.65,0.026965199999984,-1.3422636098821106,0.5243882817271646,-1.3692288098820946,109993.22800510724
244.7,0.0551421444444495,-1.314433477485852,0.5884291663687916,-1.3695756219303015,138499.55353338842
244.75,0.0828954388888848,-1.2834606841905087,0.6500716592607304,-1.3663561230793935,169037.26486959966
244.8,0.108954133333323,-1.2494694598827765,0.709126568044008,-1.3584235932160995,201144.19580234922
244.85,0.1350128277777918,-1.2125937462305334,0.7654393869595143,-1.3476065740083252,234358.98204358283
244.9,0.161071522222216,-1.1729723342046965,0.8189444969480388,-1.3340438564269124,268268.0356325906
244.95,0.1851215000000129,-1.1307485227643883,0.869497486759317,-1.3158700227644011,302410.3517923075
245.0,0.207832333333338,-1.086074931546367,0.916911061232483,-1.293907264879705,336290.35768419126
245.05,0.230543166666662,-1.039111073169229,0.9611063290936007,-1.269654239835891,369490.15032951074
245.1,0.2532540000000103,-0.9900180429265064,1.0020779505957362,-1.2432720429265167,401664.0876280603
245.15,0.271416222222215,-0.9389603801836927,1.0396251365652314,-1.2103766024059077,432328.1698313104
245.2,0.2895784444444513,-0.8861155961010461,1.0735691422352918,-1.1756940405454974,461020.28126392805
245.25,0.307740666666667,-0.8316628229825983,1.103952412284704,-1.1394034896492653,487484.37143568683
245.3,0.32373144444444,-0.775780539937102,1.1307254966808489,-1.0995119843815422,511416.0595376609
245.35,0.3364650555555602,-0.7186535762462285,1.153701416551449,-1.0551186318017887,532410.783421128
245.4,0.349198666666659,-0.6604748564767268,1.1728102563481553,-1.0096735231433858,550193.5589581704
245.45,0.3619322777777775,-0.6014355046519783,1.188142204256186,-0.9633677824297557,564672.7590138994
245.5,0.369919888888888,-0.5417256834440629,1.1995724533601688,-0.9116455723329508,575589.6283442137
245.55,0.376720999999998,-0.4815459820667818,1.2069399460357264,-0.8582669820667798,582681.6133346889
245.6,0.3835221111111151,-0.42109812380930023,1.2103217737043612,-0.8046202349204153,585951.5183611484
245.65,0.389103444444444,-0.3605788234496885,1.2098031362194075,-0.7496822678941325,585449.4513625257
245.7,0.3898056666666674,-0.3001850557099774,1.2052511040431897,-0.6899907223766448,581052.0895189311
245.75,0.390507888888889,-0.24012178850155894,1.1966150591902163,-0.630629677390448,572755.0399523219
245.8,0.391210111111111,-0.18058834549286026,1.184091709013426,-0.5717984566039712,560829.2701417344
245.85,0.388332666666664,-0.1217768340381856,1.1677163658100969,-0.5101095007048496,545424.6043922959
245.9,0.38306877777778,-0.06388192444502921,1.1474287846475806,-0.4469507022228092,526637.1263351296
245.95,0.377804888888887,-0.007097000605406557,1.123358607892554,-0.3849018894942936,504773.8247705187
246.0,0.372541,0.04839510372855805,1.095758386256334,-0.32414589627144197,480274.57642043417
246.05,0.361628500000004,0.10241972660823961,1.064612328802131,-0.2592087733917644,453359.7642549987
246.1,0.3507159999999958,0.1547972956660253,1.0299234823047605,-0.19591870433397052,424296.95176110574
246.15,0.339803500000006,0.20535776429355146,0.9919755241772461,-0.13444573570645452,393606.1762266889
246.2,0.326914444444442,0.253943656181056,0.9509558761725758,-0.07297078826338599,361726.8313708606
246.25,0.311060555555559,0.3004029709254606,0.9069133753222451,-0.010657584630098416,328996.74813535495
246.3,0.295206666666676,0.3445872012539653,0.8600027262133202,0.049380534587289304,295841.87563773716
246.35,0.279352777777773,0.3863604554504831,0.8105241655473463,0.10700767767271008,262779.76917448884
246.4,0.260152666666679,0.42559909265699314,0.7586141772527941,0.16544642599031412,230198.1879715735
246.45,0.2401159999999946,0.4621831019857394,0.7043774925091264,0.2220671019857448,198459.06078137778
246.5,0.220079333333332,0.4960026003763471,0.6480856718401832,0.27592326704301506,168006.01521781663
246.55,0.199436500000004,0.526962102291125,0.5900192497485935,0.32752560229112093,139249.08602955728
246.6,0.1763689999999869,0.5549776446614487,0.5303397052651111,0.3786086446614618,112504.08119227395
246.65,0.153301499999996,0.5799724317223894,0.46924078423748666,0.42667093172239345,88074.7654367246
246.7,0.1302339999999902,0.601883190809486,0.407028866589624,0.47164919080949586,66268.99929489357
246.75,0.105958883333333,0.6206607669514205,0.34394292410531746,0.5147018836180874,47318.69401684647
246.8,0.0808786888888984,0.6362661558000391,0.28017619370536834,0.5553874669111407,31399.479807691234
246.85,0.0557984944444349,0.648671109764249,0.21597145525575917,0.5928726153198142,18657.467794116154
246.9,0.0307183,0.6578605006932929,0.15159719927680126,0.627142200693293,9192.684331428078
246.95,0.0047941888888839,0.6638315901800722,0.08726725939141852,0.6590374012911883,3046.2298246756495
247.0,-0.0211299222222173,0.6665913571786689,0.023183687912018178,0.6877212794008862,214.9933540807431
247.05,-0.0470540333333186,0.6661579103477522,-0.04042420756207363,0.7132119436810708,653.6466228086442
247.1,-0.0728358888888953,0.6625605970863276,-0.10333381979710174,0.7353964859752229,4271.151325543958
247.15,-0.0984043611111119,0.6558398499811287,-0.1653254202767137,0.7542442110922405,10932.99783586881
247.2,-0.1239728333333425,0.6460467170315869,-0.22619846353649994,0.7700195503649294,20466.297962509318
247.25,-0.14954130555556,0.6332416542076741,-0.2857735733498453,0.7827829597632341,32666.61409005577
247.3,-0.174018333333329,0.6174946866455401,-0.3438303662090324,0.7915130199788691,47287.728290974934
247.35,-0.1982225000000137,0.5988875977568393,-0.4001494906477879,0.797110097756853,64047.84594627363
247.4,-0.222426666666671,0.577511295606981,-0.45457624872204916,0.799937962273652,82655.82636088412
247.45,-0.2461496111111193,0.5534640789651527,-0.5069579002721973,0.799613690076272,102802.52505935807
247.5,-0.267947666666667,0.5268534435158568,-0.5570648807019434,0.7948011101825239,124128.51252458816
247.55,-0.289745722222214,0.4977986427125319,-0.6047100278552022,0.7875443649347459,146269.68711545577
247.6,-0.3115437777777853,0.46642482695794135,-0.6498132880995591,0.7779686047357266,168902.92375630423
247.65,-0.331468833333333,0.4328622789605532,-0.6922202816114292,0.7643311122938862,191667.56730968255
247.7,-0.3501452222222256,0.39725098964008476,-0.7317372988727665,0.7473962118623103,214175.78982464498
247.75,-0.368821611111108,0.3597381604073845,-0.7682787807720195,0.7285597715184925,236100.9139938163
247.8,-0.387497999999989,0.3204729289381279,-0.80183223542126,0.7079709289381169,257173.97350426202
247.85,-0.4021938333333383,0.2796079268075196,-0.8322079421054092,0.6818017601408579,277028.023561328
247.9,-0.416889666666668,0.23730790690512996,-0.8592380996053095,0.654197573571798,295316.04472533753
247.95,-0.4315855000000062,0.19373929720578054,-0.8829580796868843,0.6253247972057867,311845.98819374014
248.0,-0.444307581005589,0.1490681264227532,-0.9033173294890258,0.5933757074283421,326392.879102074
248.05,-0.454069033519552,0.1034665643185024,-0.9201376399989266,0.5575355978380544,338661.31061711774
248.1,-0.4638304860335255,0.05711443856738646,-0.9333538699090096,0.5209449246009119,348459.77858964977
248.15,-0.473591938547489,0.010189786501413597,-0.94305401767726,0.4837817250489026,355740.35210288875
248.2,-0.4786467666666683,-0.03713019066091572,-0.9491092094023516,0.44151657600575256,360323.31654894276
248.25,-0.482668433333334,-0.08465778890126652,-0.9513644250085379,0.39801064443206746,362037.70766873035
248.3,-0.486690099999999,-0.13220479705188487,-0.9499100305154753,0.35448530294811414,360931.6264295645
248.35,-0.4893660388888878,-0.17958840432501005,-0.9448331675037293,0.30977763456387775,357083.88576605206
248.4,-0.487270761111111,-0.22662558478378436,-0.9360059987409131,0.26064517632732664,350442.89187158964
248.45,-0.4851754833333328,-0.27312588693713946,-0.9233922402163774,0.21204959639619336,341061.291716728
248.5,-0.483080205555556,-0.31890519106978843,-0.9072017103854416,0.16417501448576755,329205.9773305083
248.55,-0.477188461111115,-0.36378700608132836,-0.8874689666231127,0.11340145502978666,315040.4666876382
248.6,-0.4689698499999973,-0.4075920504271152,-0.8641344605982989,0.061377799572882086,298691.3463974052
248.65,-0.46075123888889,-0.45014278155488396,-0.83733955587297,0.01060845733400606,280455.0127318171
248.7,-0.4524124499999989,-0.4912725731698314,-0.8073383606211834,-0.038860123169832506,260718.09141219995
248.75,-0.438184950000002,-0.5308226897571678,-0.7741022579175664,-0.09263773975716583,239693.72228522977
248.8,-0.423957450000005,-0.5686288336425998,-0.7376277326128526,-0.14467138364259474,217637.8687678312
248.85,-0.4097299499999906,-0.6045363205741436,-0.6982040715118607,-0.19480637057415306,194995.5701902958
248.9,-0.393088149999994,-0.638402950131318,-0.6560028584106495,-0.245314800131324,172135.90009717707
248.95,-0.3731123166666576,-0.6700906054906657,-0.6110416991950568,-0.29697828882400806,149348.78326207292
249.0,-0.353136483333331,-0.6994635885190174,-0.5634680617988033,-0.3463271051856864,126998.50266691999
249.05,-0.333160650000006,-0.7263990750872039,-0.5135936144450465,-0.3932384250871979,105511.36031949082
249.1,-0.3088599999999876,-0.7507863044996882,-0.46152074210313493,-0.4419263044997006,85200.55815657135
249.15,-0.283609999999998,-0.7725156676488566,-0.40731852176441696,-0.4889056676488586,66363.35126893994
249.2,-0.258359999999992,-0.7914873998378366,-0.3512701373201267,-0.5331273998378445,49356.28374916026
249.25,-0.232129594444447,-0.8076165614641531,-0.2936538900081843,-0.575486967019706,34493.04284677553
249.3,-0.20242320555557,-0.8208284857202945,-0.23457921181561506,-0.6184052801647245,22010.96264641408
249.35,-0.1727168166666581,-0.8310528766593868,-0.17420704620810612,-0.6583360599927286,12139.237979421288
249.4,-0.143010427777781,-0.8382329426422631,-0.11285874100709517,-0.6952225148644822,5094.838168682634
249.45,-0.1111832083333271,-0.8423259725873524,-0.050742818007041834,-0.7311427642540254,1029.9334317183077
249.5,-0.0780561250000009,-0.8432967922871157,0.012000201267619554,-0.7652406672871148,57.601932185351174
249.55,-0.0449290416666749,-0.8411194240211834,0.07513640920100761,-0.7961903823545086,2258.191995048505
249.6,-0.011767936111088,-0.8357812973637382,0.13838533188690783,-0.8240133612526502,7660.200032579852
249.65,0.0230602583333431,-0.8272821498642415,0.2015597907559869,-0.8503424081975847,16250.53969983889
249.7,0.0578884527777942,-0.8156295768074941,0.26448009428859,-0.8735180295852883,27979.888109960575
249.75,0.0927166472222255,-0.8008425071076816,0.3268996765890513,-0.8935591543299071,42745.35942161053
249.8,0.12732019999999,-0.7829520370697517,0.38857483644283775,-0.9102722370697417,60396.16140663125
249.85,0.1616135333333495,-0.7620015283677657,0.4492609171388354,-0.9236150617011152,80734.14866737102
249.9,0.19590686666667,-0.7380461213386894,0.5087375598874151,-0.9339529880053594,103525.56193608051
249.95,0.2302002000000081,-0.7111511642344971,0.5668118100993043,-0.9413513642345052,128510.25122721991
250.0,0.262089338888886,-0.6813932064097095,0.6231917314271139,-0.9434825452985955,155347.17364764962
250.05,0.293450727777763,-0.6488651730633039,0.6775820562858574,-0.9423159008410669,183646.97720022834
250.1,0.3248121166666751,-0.6136709069697235,0.7298192789631244,-0.9384830236363986,213054.4719785019
250.15,0.354949449999998,-0.5759221525272055,0.7797236118951996,-0.9308716025272035,243187.5643787583
250.2,0.3807469500000076,-0.5357434995598549,0.8269329078689847,-0.9164904495598625,273527.21364666184
250.25,0.406544450000002,-0.4932783617634016,0.8711735796994096,-0.8998228117634036,303577.3623865134
250.3,0.432341949999996,-0.4486764448993398,0.9123973701654814,-0.8810183948993358,332987.58443395456
250.35,0.4534145333333453,-0.40209316236899006,0.9503510240883819,-0.8555076957023353,361266.8275943345
250.4,0.471591200000005,-0.3537018703590637,0.984674704868114,-0.8252930703590686,387833.709762843
250.45,0.4897678666666752,-0.30368802735199757,1.0152592949692867,-0.7934558940186728,412300.5744086132
250.5,0.507766844444445,-0.25223768370566585,1.0421402210631674,-0.7600045281501109,434422.4961430349
250.55,0.517059066666664,-0.19954182905330445,1.064954069856628,-0.7166008957199684,453650.8683616783
250.6,0.5263512888888934,-0.1458153899991328,1.0833818463055462,-0.6721666788880262,469486.48996176565
250.65,0.535643511111112,-0.09127484296187313,1.0975383218289358,-0.6269183540729851,481836.1471532307
250.7,0.541060533333333,-0.03613376243510797,1.1073637861624146,-0.5771942957684411,490501.82196158316
250.75,0.541126088888889,0.0193844291339791,1.1125644257950433,-0.5217416597549099,495119.8406178618
250.8,0.541191644444444,0.07504429019000217,1.113062282874004,-0.46614735425444187,495563.0582226757
250.85,0.541257199999996,0.13061553327753136,1.1090532734589347,-0.4106416667224646,491999.6653479914
250.9,0.5342047,0.1858722305690602,1.100402982107962,-0.34833246943093976,484354.68921283825
250.95,0.5255896999999972,0.24057551470553926,1.0869346111994003,-0.2850141852944579,472570.7396092766
251.0,0.516974699999999,0.2944885745615881,1.0688397568691193,-0.2224861254384109,456967.3703456152
251.05,0.506691000000002,0.3473856908394544,1.046317670047692,-0.15930530916054758,437912.2666616123
251.1,0.4904909999999888,0.399045333333775,1.0192965646570311,-0.09144566666621379,415586.1946886501
251.15,0.474290999999995,0.44924098169247934,0.987813683392231,-0.025050018307515687,390310.34923877066
251.2,0.4580909999999897,0.4977579592634532,0.9522061810499854,0.039666959263463475,362678.644491919
251.25,0.438191666666665,0.5443955371712966,0.9126354033822036,0.10620387050463165,333161.351802639
251.3,0.416025000000006,0.5889565155328396,0.8691656138847637,0.1729315155328336,302179.54574387125
251.35,0.3938583333333223,0.6312513618650963,0.8220510078447829,0.23739302853177402,270307.1437994493
251.4,0.371611577777775,0.6711068688776267,0.7716507982305445,0.29949529109985173,238177.9817639346
251.45,0.3454404666666591,0.7083644334062957,0.7181300819375401,0.3629239667396366,206284.32583344725
251.5,0.319269355555558,0.7428708088207341,0.6616643766493758,0.42360145326517606,175119.89893072285
251.55,0.293098244444457,0.774487852730794,0.6026166276577233,0.48138960828633703,145258.71997182685
251.6,0.2660803666666569,0.8030946866778486,0.5413010058744816,0.5370143200111916,117202.71158429023
251.65,0.237893144444441,0.8285843777898115,0.4779701404945871,0.5906912333453705,91382.18208176612
251.7,0.209705922222209,0.8508629526111368,0.4129133971748841,0.6411570303889278,68198.98942660145
251.75,0.181518699999993,0.8698525902321144,0.34646797644514593,0.6883338902321213,48016.023480797674
251.8,0.153333391111114,0.885492065608602,0.27896036328276247,0.7321586744974881,31127.553713140325
251.85,0.1251485022222039,0.8977361852403879,0.21070506362183924,0.772587683018184,17758.649534353328
251.9,0.0969636133333253,0.9065551497691364,0.1420031154397557,0.8095915364358112,8065.953917838632
251.95,0.0691880222222097,0.9119341674012197,0.07315988361508391,0.84274614517901,2140.947428229049
252.0,0.0428635777777753,0.913874740535176,0.00453093932983982,0.8710111627574008,8.211764484275726
252.05,0.0165391333333407,0.9123960800373183,-0.06357051359934504,0.8958569467039776,1616.484079713805
252.1,-0.0097853111111225,0.9075302507872577,-0.1309199395756756,0.9173155618983801,6856.012231399421
252.15,-0.0343434290502819,0.8993214579078036,-0.19722909851594592,0.9336648869580855,15559.726920565081
252.2,-0.0578189597765439,0.8878299508208383,-0.2621835289308708,0.9456489105973822,27496.08113705791
252.25,-0.0812944905027927,0.8731291808509113,-0.3255749682838726,0.954423671353704,42399.623989217864
252.3,-0.10464717777777,0.8553009551162565,-0.38725780624201794,0.9599481328940265,59987.44339815213
252.35,-0.1250516222222296,0.834436365678338,-0.4469646257920695,0.9594879879005676,79910.95068377789
252.4,-0.145456066666667,0.8106414297236003,-0.5044564282747457,0.9560974963902673,101790.51521108547
252.45,-0.165860511111114,0.7840290847412992,-0.5596476167848852,0.9498895958524132,125282.18198920068
252.5,-0.185334355555553,0.7547170018059223,-0.6124199767802768,0.9400513573614753,150023.29118382192
252.55,-0.203623799999994,0.7228300975070512,-0.6626129150286876,0.9264538975070452,175622.3500651259
252.6,-0.2219132444444554,0.688500427995346,-0.7101237620422953,0.9104136724398014,201710.302966841
252.65,-0.240202688888895,0.651863039278265,-0.754916508464969,0.89206572816716,227959.5739011759
252.7,-0.2572935000000096,0.6130554655483038,-0.79690918132749,0.8703489655483134,254025.69731362013
252.75,-0.274156000000003,0.5722201167726408,-0.8360232000082705,0.8463761167726438,279573.91638082743
252.8,-0.291018499999997,0.529501293327667,-0.872249402872137,0.820519793327664,304327.6083243199
252.85,-0.3075292000000088,0.48504338495106725,-0.9055841973611124,0.7925725849510761,328033.09540406807
252.9,-0.32292586666667,0.4389918197545803,-0.9359834192597688,0.7619176864212502,350425.9844516833
252.95,-0.3383225333333388,0.3914942113219918,-0.9634334566696389,0.7298167446553305,371281.6101721636
253.0,-0.3537192,0.3426968122375956,-0.9879839980821885,0.6964160122375956,390444.95218658634
253.05,-0.367687955555551,0.29274432014631024,-1.0096249467498228,0.6604322757018612,407737.01323983306
253.1,-0.3808535111111165,0.24178344976046873,-1.0283186440421879,0.6226369608715852,422975.6934739055
253.15,-0.394019066666667,0.18996092721411542,-1.0441044508757509,0.5839799938807824,436061.64173542126
253.2,-0.4070622666666687,0.13742020066240634,-1.057058799755194,0.5444824673290751,446949.3224559565
253.25,-0.417168933333333,0.08430326334982015,-1.0671209452644224,0.5014721966831531,455498.8447288137
253.3,-0.427275599999998,0.03075704313361357,-1.0742470607853716,0.45803264313361153,461602.69904240395
253.35,-0.4373822666666729,-0.023074220022690148,-1.0785399833107383,0.41430804664398274,465299.398239971
253.4,-0.446015544444447,-0.07705030300749754,-1.0800342436501704,0.3689652414369495,466589.5869827983
253.45,-0.4527736000000038,-0.13103018703577785,-1.0786816624389886,0.3217434129642259,465421.651552856
253.5,-0.459531655555557,-0.1848715842056998,-1.0745162566168416,0.27466007134985715,461834.0742935481
253.55,-0.46628971111111,-0.23843711099848588,-1.067669030254392,0.22785260011262412,455966.86326574156
253.6,-0.4705168000000021,-0.291593999012885,-1.058153287807962,0.1789228009871171,447875.3521995199
253.65,-0.474261800000001,-0.3442079932126305,-1.0459710986612882,0.1300538067873705,437622.215693881
253.7,-0.4780068000000008,-0.3961488819961021,-1.0312554580495565,0.08185791800389869,425395.1279028002
253.75,-0.4811464,-0.4472934821876449,-1.014136571625,0.033852917812355054,411389.1943629234
253.8,-0.4823689,-0.49752315726430274,-0.9946550815108521,-0.01515425726430275,395735.49247014394
253.85,-0.4835914000000007,-0.5467208920455723,-0.9728874846346921,-0.06312949204557156,378604.0231035273
253.9,-0.4848139,-0.5947766438518265,-0.9490038257955905,-0.10996274385182647,360243.304549867
253.95,-0.4845898222222224,-0.6415876240329528,-0.9231009788213165,-0.15699780181073036,340846.16684034903
254.0,-0.483552044444445,-0.6870540612115008,-0.8952369578400842,-0.20350201676705582,320579.68427310744
254.05,-0.482514266666667,-0.7310807741271894,-0.8655396474995344,-0.2485665074605224,299663.5525574473
254.1,-0.4813833666666661,-0.773580127834512,-0.8341679154273784,-0.29219676116784593,278334.4444513832
254.15,-0.478017533333333,-0.8144704422614067,-0.8011687394172801,-0.3364529089280737,256748.53960778945
254.2,-0.4746516999999991,-0.8536708008069208,-0.7665970519261757,-0.3790191008069217,235068.41600876144
254.25,-0.471285866666666,-0.8911066551321707,-0.730615409833287,-0.4198207884655047,213519.5508343448
254.3,-0.466760266666668,-0.9267105796741664,-0.6933279078159386,-0.4599503130074984,192281.43510257063
254.35,-0.4607585999999966,-0.9604182639769528,-0.6547694470353388,-0.49965966397695627,171489.21150838534
254.4,-0.454756933333332,-0.9921679289338827,-0.6150348811865375,-0.5374109956005507,151307.1620304553
254.45,-0.4487552666666631,-1.0219049066620682,-0.5742891450822885,-0.5731496399954051,131923.20886373828
254.5,-0.440216566666667,-1.0495806657464137,-0.5325727727495092,-0.6093640990797468,113453.50330964015
254.55,-0.431194622222226,-1.0751463734817415,-0.4899072718040369,-0.6439517512595154,96003.65398658981
254.6,-0.4221726777777744,-1.0985579567063946,-0.44643488114182345,-0.6763852789286202,79721.64124004562
254.65,-0.4124052,-1.1197784859069249,-0.40227929504277615,-0.7073732859069248,64731.45248804518
254.7,-0.4002768666666641,-1.1387746194661355,-0.35744734066686923,-0.7384977527994714,51107.44053992674
254.75,-0.388148533333336,-1.1555126786526664,-0.3119820130746753,-0.7673641453193304,38933.11059285075
254.8,-0.376020200000007,-1.1699647795234553,-0.2660333107061401,-0.7939445795234483,28309.488962107876
254.85,-0.3619743555555514,-1.182108824446118,-0.21965304189387114,-0.8201344688905665,19298.983525292286
254.9,-0.34684991111111,-1.1919229061961656,-0.17284157211588738,-0.8450729950850555,11949.6836205966
254.95,-0.3317254666666603,-1.1993873229679353,-0.12568988062509726,-0.867661856301275,6319.178436620479
255.0,-0.316493399999997,-1.2044884518400556,-0.07833103704774086,-0.8879950518400586,2454.3005459898204
255.05,-0.298678400000003,-1.2072171175029598,-0.030773624970305183,-0.9085387175029568,378.80639752519625
255.1,-0.2808633999999899,-1.2075628270746797,0.01696353621674019,-0.9266994270746898,115.10462439066242
255.15,-0.263048399999997,-1.205520116647197,0.06474005245646146,-0.9424717166471999,1676.5097568261524
255.2,-0.2441157999999924,-1.2010895886649517,0.11247088409032455,-0.9569737886649594,5059.879907223688
255.25,-0.2237608,-1.1942741071505487,0.1601372989091156,-0.9705133071505487,10257.581800762975
255.3,-0.203405800000008,-1.185078151108078,0.20766686168864176,-0.9816723511080699,17250.210177443787
255.35,-0.1830507999999913,-1.1735119666038019,0.2549244666147483,-0.9904611666038106,25994.59347152557
255.4,-0.16074385,-1.1595908790248255,0.3018720522824738,-0.9988470290248255,36450.69437969304
255.45,-0.1380650999999961,-1.14333027161797,0.3484898375750803,-1.005265171617974,48578.06675724233
255.5,-0.115386350000004,-1.1247491874682343,0.3946709996451781,-1.0093628374682302,62306.079184369664
255.55,-0.0922306593333464,-1.1038720439069716,0.44032062366839114,-1.0116413845736252,77552.90065108838
255.6,-0.067564656555546,-1.0807263159702916,0.4854193297112734,-1.0131616594147457,94252.77026293679
255.65,-0.0428986537777737,-1.0553399819596483,0.5299265219910426,-1.0124413281818745,112328.84748380921
255.7,-0.0182326509999868,-1.0277453256721691,0.5737346628403986,-1.0095126746721823,131668.58533783437
255.75,0.0073368682222271,-0.9979791985123085,0.6167822341538323,-1.0053160667345356,152168.1297471171
255.8,0.0334146154444395,-0.9660804102772348,0.6590317275946184,-0.9994950257216743,173729.12719053891
255.85,0.0594923626666815,-0.9320906625312877,0.7004034758371618,-0.9915830251979691,196226.01158591107
255.9,0.085592027932966,-0.896056375965961,0.7407968835290284,-0.981648403898927,219512.00905852835
255.95,0.1122177262569941,-0.8580285141968258,0.7801382804336578,-0.9702462404538199,243446.29463919386
256.0,0.138843424581007,-0.8180613090260386,0.8183545585795832,-0.9569047336070455,267881.6734191938
256.05,0.165469122905005,-0.7762133907954032,0.8553515154925715,-0.9416825137004082,292650.4860221755
256.1,0.191637232044213,-0.7325483316156167,0.8910188193913624,-0.9241855636598297,317565.8146038309
256.15,0.217268171270711,-0.6871358142470184,0.9252286843347746,-0.9044039855177294,342419.24732634315
256.2,0.24289911049723895,-0.6400513864229649,0.9578839855772092,-0.8829504969202038,367016.6919301117
256.25,0.268530049723766,-0.5913744010581627,0.9889210025230469,-0.8599044507819287,391185.8996924753
256.3,0.292731871508364,-0.5411883269947706,1.0182166496059661,-0.8339201985031346,414706.0582139195
256.35,0.31666148044694,-0.4895838458117449,1.0456465283707599,-0.8062453262586848,437350.6649175289
256.4,0.340591089385461,-0.43665558043788455,1.0711627054774586,-0.7772466698233456,458955.8166423155
256.45,0.36370208888887634,-0.382500610375499,1.0946975032866675,-0.7462026992643753,479345.0494808253
256.5,0.384483199999994,-0.3272217117184514,1.1160803308431655,-0.7117049117184453,498254.12195799587
256.55,0.405264311111086,-0.27093045046473807,1.1351912013595118,-0.6761947615758241,515463.62545762066
256.6,0.426045422222224,-0.21374051382463,1.1520271106851223,-0.6397859360468541,530866.5855014044
256.65,0.444272883333319,-0.15576768518273926,1.1664671104533697,-0.6000405685160582,544258.2079077736
256.7,0.461184827777767,-0.09713661740814905,1.178338880997461,-0.558321445185916,555393.0073881395
256.75,0.478096772222214,-0.037977255362484856,1.1876036009853885,-0.5160740275846988,564160.9252293848
256.8,0.494746866666649,0.021580593858633867,1.1942799309615624,-0.47316627280801515,570521.8213990217
256.85,0.507294644444447,0.08140473359764969,1.1981973539197508,-0.4258899108467974,574270.759576117
256.9,0.519842422222217,0.14135203924861664,1.1992180116786735,-0.3784903829736004,575249.5358138204
256.95,0.5323901999999986,0.2012794592144604,1.1974147649994202,-0.3311107407855382,573520.8477754467
257.0,0.542771888888893,0.2610460518623027,1.192764707397778,-0.2817258370265904,569075.0588854828
257.05,0.550610777777774,0.32050629016267257,1.1851373231181206,-0.23010448761510144,561820.1898590338
257.1,0.558449666666673,0.3795100266330945,1.174524960481768,-0.17893964003357843,551803.5531178794
257.15,0.566288555555555,0.43791111602319255,1.1610527143196043,-0.12837743953236247,539217.3621715683
257.2,0.5699134444444443,0.4955663967757996,1.1446474382830056,-0.07434704766864464,524087.10318713885
257.25,0.572852333333334,0.5523254856802319,1.125219950921115,-0.020526847653102087,506447.9751803665
257.3,0.57579122222222,0.6080401126256146,1.102895675024193,0.032248890403394626,486551.547994828
257.35,0.577439572222221,0.6625684158310513,1.0777732877020907,0.08512884360883033,464638.10387366946
257.4,0.575414850000001,0.7157695686116923,1.049779125747274,0.14035471861169124,440814.4851418843
257.45,0.573390127777778,0.7674985212840307,1.0189163600249778,0.19410839350625275,415276.2194906201
257.5,0.571365405555555,0.8176165106485932,0.9853717587657361,0.24625110509303816,388383.001189232
257.55,0.566024550000006,0.8659914562020987,0.9491732296807863,0.29996690620209276,360371.9279770619
257.6,0.55897538333333,0.9124888987114091,0.9102788422706706,0.3535135153780792,331443.02827425295
257.65,0.55192621666667,0.9569765839191743,0.8688189332978198,0.4050503672525043,301938.5355427046
257.7,0.5445767499999977,0.9993314055824184,0.8249957309330731,0.4547546555824207,272247.1824231182
257.75,0.532522583333335,1.0394364109582057,0.778788583394087,0.5069138276248707,242604.6630499875
257.8,0.520468416666679,1.0771707147295377,0.7302082134004788,0.5567022980628588,213281.6139670077
257.85,0.508414249999997,1.1124217304642878,0.6794973209616986,0.6040074804642909,184686.64367765025
257.9,0.494060083333345,1.1450871218343062,0.6267868802018306,0.6510270385009611,157144.7172772576
257.95,0.47700591666667497,1.1750672095949877,0.5720838226546309,0.6980612929283128,130911.96005725405
258.0,0.459951750000005,1.2022643695439441,0.5155118800184344,0.7423126195439391,106300.99937605628
258.05,0.442897583333354,1.2265914142455157,0.4573199937862531,0.7836938309121617,83656.63068666343
258.1,0.421578533333331,1.2479700402494194,0.39754831744030805,0.8263915069160883,63217.86587984798
258.15,0.399565200000019,1.2663201564413857,0.3362103927518563,0.8667549564413668,45214.971277742996
258.2,0.3775518666666796,1.2815685689651104,0.27352079172676735,0.9040167022984308,29925.44940273506
258.25,0.354342244444455,1.293652780786594,0.20966314137180825,0.939310536342139,17583.453139957943
258.3,0.327727800000027,1.3025157737075084,0.14465871148881396,0.9747879737074814,8370.457123841565
258.35,0.301113355555539,1.308100942214598,0.07859080005875706,1.006987586659059,2470.6055415502115
258.4,0.274498911111111,1.310361150771875,0.01169984169951896,1.035862239660764,54.754518317521075
258.45,0.2451208999999893,1.3092589905733212,-0.055907522081920444,1.064138090573332,1250.260410136169
258.5,0.214319233333319,1.3047592072541878,-0.12418690875725169,1.0904399739208688,6168.955322672782
258.55,0.183517566666681,1.2968320282581676,-0.19296347753234377,1.1133144615914865,14893.961464550137
258.6,0.152501854999971,1.285458352611443,-0.26201139158273834,1.1329564976114719,27459.987727649223
258.65,0.11813277166667,1.2706274621690874,-0.33126528391754734,1.1524946905024174,43894.6753315893
258.7,0.08376368833333006,1.252329704875217,-0.40064748075730117,1.168566016541887,64207.3615348688
258.75,0.0493946049999902,1.2305643714436438,-0.46993147360314813,1.1811697664436536,88334.23595313053
258.8,0.01379405055558,1.2053408739404083,-0.5389575323020933,1.1915468233848283,116190.08865006478
258.85,-0.0232521438889135,1.176674380567882,-0.6076388809434989,1.1999265244567956,147690.00385370708
258.9,-0.0602983383333228,1.1445850560591564,-0.6758373236214714,1.2048833943924793,182702.4351999334
258.95,-0.09734453277777588,1.1091019754416256,-0.7433573972003944,1.2064465082194014,221032.08798901798
259.0,-0.135807027777781,1.0702626579105612,-0.810077892283008,1.2060696856883422,262490.47662627226
259.05,-0.1745000833333,1.028109300595464,-0.875892573024229,1.202609383928764,306875.1197916017
259.1,-0.213193138888907,0.9826912769183742,-0.9406356785507348,1.1958844158072812,353918.1919050405
259.15,-0.252108061111092,0.9340662717363261,-1.0041473311407663,1.1861743328474181,403324.7450548495
259.2,-0.291654449999989,0.882299179749891,-1.0663015862629244,1.17395362974988,454799.62914673146
259.25,-0.331200838888885,0.8274609638160262,-1.1269656555708736,1.1586618027049111,508020.63553451555
259.3,-0.370747227777737,0.7696300817622723,-1.185982547182373,1.1403773095400094,562621.8408884759
259.35,-0.409984516666678,0.7088929310282575,-1.2431871057507673,1.1188774476949355,618205.6719619877
259.4,-0.449062572222196,0.6453443395103606,-1.298414592628461,1.0944069117325566,674352.1817402128
259.45,-0.4881406277777589,0.5790868043296048,-1.3515232008501938,1.0672274321073636,730645.9849745414
259.5,-0.527113683333323,0.5102295229956371,-1.4023827541665066,1.03734320632896,786670.9556734546
259.55,-0.564441738888843,0.43888930629296535,-1.4507971432481204,1.0033310451818083,841924.9403427627
259.6,-0.601769794444448,0.36519351651731224,-1.496590275871582,0.9669633109617602,895912.9815333514
259.65,-0.639097849999968,0.2892754366915031,-1.5396751142676024,0.9283732866914711,948239.7829979819
259.7,-0.6745607333333086,0.21127389432104848,-1.5798880525902583,0.885834627654357,998418.5034869756
259.75,-0.707834066666651,0.13133870440784415,-1.6169780586699205,0.8391727710744952,1045847.216887978
259.8,-0.741107399999953,0.04963058854529784,-1.6507990385063904,0.7907379885452508,1090054.9862134492
259.85,-0.77438073333333,-0.03368616684383391,-1.6813189288844157,0.7406945664894962,1130733.3362500155
259.9,-0.802519627777757,-0.11844180610708195,-1.7082706239239442,0.684077821670675,1167275.4098246007
259.95,-0.829822683333326,-0.20444899230008967,-1.7313690357263305,0.6253736910332364,1199055.4951487693
260.0,-0.857125738888896,-0.29151405440939515,-1.7505888763779232,0.5656116844795008,1225824.565639248
260.05,-0.882660290502783,-0.37944220198231393,-1.7658690965952892,0.5032180885204691,1247317.4665241053
260.1,-0.903161407821243,-0.46803046886586347,-1.776921323357376,0.4351309389553795,1262979.7557608513
260.15,-0.923662525139657,-0.5570608971642879,-1.7835682021357404,0.3666016279753691,1272446.2126678869
260.2,-0.9441636424580887,-0.6463152093880203,-1.7858911916333413,0.29784843307006836,1275762.9393414224
260.25,-0.960123027624308,-0.7355758275722046,-1.7837646488768066,0.22454720005210338,1272726.5290330388
260.3,-0.973945127071811,-0.8246141128302842,-1.7769858028101906,0.14933101424152684,1263071.417355591
260.35,-0.987767226519345,-0.9131975507268333,-1.7655964469957366,0.07456967579251172,1246932.3254575876
260.4,-1.00124620111732,-1.0010992937992402,-1.7497401357575388,0.00014690731807975865,1224636.2170723241
260.45,-1.00934955307262,-1.0880953546627201,-1.729313040830598,-0.07874580159010014,1196209.4372747077
260.5,-1.01745290502793,-1.1739534146021446,-1.7042555168903928,-0.15650050957421469,1161794.746740536
260.55,-1.02555625698323,-1.258447333300074,-1.6747839624244016,-0.23289107631684414,1121960.5283175919
260.6,-1.03060801104972,-1.34135948735279,-1.6409738236602684,-0.3107514763030701,1077118.0359752807
260.65,-1.03235386740331,-1.422471245507516,-1.6027562331082834,-0.390117378104206,1027531.0171069817
260.7,-1.03409972375691,-1.5015632728085833,-1.5602282607571207,-0.4674635490516732,973724.890266076
260.75,-1.0358455801105,-1.5784266110250833,-1.5136523965669497,-0.5425810309145833,916457.4310531481
260.8,-1.03031262569833,-1.652859627714783,-1.4629448099249749,-0.622547002016453,856083.0067545684
260.85,-1.02359474860335,-1.7246503334500058,-1.4079916777887422,-0.7010555848466558,792976.225888943
260.9,-1.01687687150838,-1.7935922016543444,-1.349042543009503,-0.7767153301459644,727966.3131398187
260.95,-1.0072577555555418,-1.8594908307062363,-1.2862682575978956,-0.8522330751506946,661794.4122015706
261.0,-0.990178311111105,-1.9221524607294076,-1.219501360602778,-0.9319741496183026,594873.4274048108
261.05,-0.973098866666676,-1.9813744552829116,-1.1487433225457215,-1.0082755886162356,527844.4884373535
261.1,-0.956019422222209,-2.0369663130004145,-1.0743558935734743,-1.0809468907782054,461696.2344224233
261.15,-0.932029666666672,-2.088750235800705,-0.996380925189722,-1.1567205691340328,397109.97923277057
261.2,-0.9047880000000001,-2.136543214832533,-0.9147344855128108,-1.231755214832533,334695.6715945546
261.25,-0.877546333333328,-2.1801667053006155,-0.8296682597833588,-1.3026203719672875,275339.7685167788
261.3,-0.849642377777805,-2.2194591749106634,-0.7415489843348502,-1.3698167971328583,219957.95846721914
261.35,-0.81412209999998,-2.2542710407246096,-0.6503964038030274,-1.4401489407246295,169206.1928319643
261.4,-0.778601822222236,-2.284449409173988,-0.5562778840454703,-1.505847586951752,123778.03371124227
261.45,-0.7430815444444472,-2.3098561773889728,-0.4595985450373819,-1.5667746329445256,84492.32904019134
261.5,-0.704178866666667,-2.330370642015495,-0.36060094054009406,-1.6261917753488278,52013.21532736019
261.55,-0.661611922222263,-2.3458790155000386,-0.2593670561978612,-1.6842670932777757,26908.5079362978
261.6,-0.619044977777762,-2.356273981488864,-0.15612939016085065,-1.7372290037111018,9750.55458879965
261.65,-0.576478033333358,-2.361464931771044,-0.05126857639004688,-1.784986898437686,1051.386770024829
261.7,-0.527821488888907,-2.361375636771686,0.055104687229681815,-1.8335541478827788,1214.6106218724233
261.75,-0.478334544444454,-2.3559306926267425,0.1629056649766104,-1.8775961481822885,10615.302272588653
261.8,-0.428847600000056,-2.345066977195069,0.27179387803932603,-1.916219377195013,29548.764855862413
261.85,-0.377331122222211,-2.3287378807989794,0.38148872762640873,-1.9514067585767685,58213.4597224065
261.9,-0.320595844444487,-2.306905719045385,0.4919272302418026,-1.986309874600898,96796.9599413486
261.95,-0.263860566666699,-2.279535377255107,0.6029542725908154,-2.0156748105884077,145421.54193420772
262.0,-0.20712528888891,-2.2466065695754533,0.7142064139116213,-2.039481280686543,204036.32066899928
262.05,-0.145609800000085,-2.208113641400097,0.8255250980148524,-2.062503841400012,272596.67498097266
262.1,-0.0818448,-2.16405414541161,0.9368400953418928,-2.08220934541161,351067.7456960827
262.15,-0.0180798000000604,-2.114434092553112,1.0478893790026462,-2.0963542925530514,439228.86025062064
262.2,0.046145088888843985,-2.0592750438748233,1.1583503188140738,-2.1054201327636672,536710.1844386666
262.25,0.115658699999984,-1.9986105587225835,1.2681223157086499,-2.1142692587225675,643253.6830393074
262.3,0.185172311111051,-1.9324763492071595,1.3770839165437696,-2.1176486603182103,758544.045281411
262.35,0.254685922222277,-1.8609211405397414,1.4849088185236743,-2.1156070627620185,881981.6797317497
262.4,0.326177666666667,-1.784008387924607,1.5913597538326947,-2.110186054591274,1012970.3464473819
262.45,0.39981238888890297,-1.7018105532095424,1.6962885353054082,-2.1016229420984454,1150957.9180034269
262.5,0.473447111111139,-1.6144087010908625,1.7994686718472028,-2.0878558122020014,1295235.0003838146
262.55,0.547081833333292,-1.5218979711320963,1.9005929750873154,-2.068979804465388,1444901.4627805012
262.6,0.622637155555613,-1.4243874140723163,1.999437606492715,-2.0470245696279292,1599100.2969029269
262.65,0.698454377777763,-1.3219957446196675,2.095791375464069,-2.0204501223974303,1756936.5957878297
262.7,0.7742715999999996,-1.214854542480802,2.189370438971937,-1.9891261424808016,1917337.1676176686
262.75,0.849764333333347,-1.1031099652449334,2.2798749827550937,-1.9528742985782803,2079131.9747970155
262.8,0.92442266666661,-0.986923709837217,2.3669810760335657,-1.911346376503827,2241039.7657204065
262.85,0.999081000000043,-0.8664734835570839,2.4503910743575155,-1.8655544835571267,2401766.5669163913
262.9,1.07373933333331,-0.7419503929725539,2.529855156426949,-1.815689726305864,2560066.8450000095
262.95,1.145029777777758,-0.6135600555662519,2.6049959213573834,-1.75858983334401,2714401.500115441
263.0,1.21473533333333,-0.48152993666512744,2.675390294467663,-1.6962652699984573,2863085.2910927073
263.05,1.28444088888882,-0.3461044676343531,2.740779738711034,-1.630545356523173,3004749.4304515696
263.1,1.35325000000002,-0.20753891992303175,2.8009533616978355,-1.5607889199230518,3138135.8937625624
263.15,1.41174999999997,-0.06610681768363386,2.855268412119051,-1.477856817683604,3261023.0820979387
263.2,1.4702499999999805,0.07788082775197533,2.903159370140713,-1.3923691722480052,3371333.731374328
263.25,1.52874999999999,0.2241006451417174,2.9445433251734956,-1.3046493548582727,3468134.1575295143
263.3,1.57824599999995,0.37221888028801164,2.9789529547617777,-1.2060271197119383,3549664.2826735703
263.35,1.61798766666667,0.5218651240010421,3.0055163184350753,-1.0961225426656278,3613251.3361518113
263.4,1.6577293333333,0.6726328960177614,3.023824487563655,-0.9850964373155386,3657405.8126358404
263.45,1.6974709999999553,0.8241112885502733,3.0339573608138855,-0.873359711449682,3681958.9068947034
263.5,1.71549622222222,0.9758772056168923,3.03500946887936,-0.7396190166053278,3684512.99047495
263.55,1.73056011111109,1.127444854719019,3.0260215397581343,-0.603115256392071,3662722.5436320757
263.6,1.745624,1.2783143150042309,3.0071332793490635,-0.4673096849957692,3617140.223907461
263.65,1.7533798888889,1.4279928261948798,2.978327081598418,-0.3253870626940203,3548172.8819930195
263.7,1.74234377777778,1.5759673988415817,2.938749143428858,-0.16637637893619828,3454498.6112015396
263.75,1.73130766666667,1.7216816977052287,2.888011133678987,-0.0096259689614413,3336243.3233015155
263.8,1.72027155555556,1.8645924232676716,2.8267097867090234,0.1443208677121115,3196115.287310629
263.85,1.69305899999997,2.004174299660389,2.754711120989349,0.31111529966041895,3035373.344040958
263.9,1.658234,2.1398785539324106,2.6716169448776013,0.48164455393241057,2855014.840062851
263.95,1.6234089999999881,2.2711590211568398,2.5779053769167866,0.6477500211568517,2658238.452934592
264.0,1.58691133333331,2.3975056173625284,2.474386071417284,0.8105942840292184,2449034.5721695446
264.05,1.53117800000003,2.518433078463624,2.36099922015841,0.9872550784635941,2229726.9270354477
264.1,1.47544466666662,2.6334431478262865,2.237868352852258,1.1579984811596664,2003221.905879071
264.15,1.41971133333334,2.74207533063318,2.106061234001218,1.3223639972998402,1774197.568545093
264.2,1.3556953333333197,2.8439161771518817,1.9662694045777616,1.488220843818562,1546486.148551434
264.25,1.28270644444443,2.938574616839391,1.8188192189650325,1.655868172394961,1323241.3405106284
264.3,1.20971755555561,3.025682752089884,1.6644455066342623,1.815965196534274,1108151.5378219944
264.35,1.13672866666663,3.1049222911609853,1.5042559841121614,1.9681936244943552,905114.426294899
264.4,1.05337508888892,3.1760221257142423,1.3388931813380902,2.122647036825322,717053.9804134528
264.45,0.968608144444461,3.238735261755471,1.1689460785501409,2.2701271173110102,546573.9738231009
264.5,0.8838412,3.2928566319394244,0.9953885414257714,2.4090154319394244,396319.3393606898
264.55,0.797367245810137,3.3382289345584755,0.8191161358917557,2.5408616887483384,268380.49763129646
264.6,0.706503837988771,3.3747342426040436,0.6408003217972968,2.6682304046152727,164250.02096620767
264.65,0.615640430167611,3.4022863030973753,0.4611197016586037,2.786645872929764,85052.55170308788
264.7,0.5247770223463476,3.4208361625049553,0.28083103913872565,2.8960591401586075,31546.42901749458
264.75,0.433604694444401,3.4303703407365314,0.10059353677215588,2.9967656462921304,4047.6238561324303
264.8,0.342299972222265,3.4309059635489323,-0.07902189068866258,3.0886059913266672,2497.7836832043754
264.85,0.250995249999922,3.4224869264926263,-0.25751538583642664,3.171491676492704,26525.66957699347
264.9,0.160002527777786,3.4051804652401914,-0.4344507724607604,3.2451779374624055,75498.98947670058
264.95,0.07181780555554715,3.379075253786619,-0.6093864006759029,3.307257448231072,148540.7141314928
265.0,-0.0163669166666916,3.3442811985184386,-0.7819629297963692,3.36064811518513,244586.40943028854
265.05,-0.10455163888883,3.300922075809803,-0.9519554063678587,3.405473714698633,362487.638285198
265.1,-0.190229000000055,3.249132869339032,-1.1191180537202747,3.439361869339087,500970.08726506226
265.15,-0.273398999999976,3.1890619232934116,-1.2831838360687264,3.4624609232933876,658624.3028592209
265.2,-0.356568999999992,3.120868921489432,-1.4439849492441716,3.477437921489424,834037.0134574773
265.25,-0.439739000000008,3.0447192698753356,-1.6014367414841222,3.4844582698753435,1025839.8547901132
265.3,-0.518766749999933,2.960784038585213,-1.7553623642621687,3.479550788585146,1232518.8119472284
265.35,-0.597334250000037,2.8692447646030352,-1.9055847661561311,3.4665790146030724,1452501.3204025268
265.4,-0.675901749999963,2.770288480490691,-2.0520325162362134,3.446190230490654,1684334.97907629
265.45,-0.7526628333333082,2.6641062730418015,-2.194595077846455,3.4167691063751096,1926499.0222831552
265.5,-0.825208944444438,2.550897508279957,-2.3330457962954303,3.3761064527243954,2177241.0750447116
265.55,-0.89775505555548,2.4308733758679066,-2.467195611656808,3.3286284314233865,2434821.6744714445
265.6,-0.970301166666687,2.3042511630555857,-2.5969524392194088,3.2745523297222725,2697664.788627055
265.65,-1.03505958333329,2.1712567701675867,-2.721990696822233,3.2063163535008767,2963693.3414347144
265.7,-1.09648041666664,2.032138076363701,-2.8418695865329955,3.128618493030341,3230489.098744488
265.75,-1.15790124999998,1.887159836799344,-2.956346645079771,3.0450610867993237,3495994.1943497667
265.8,-1.21788499999994,1.7365969010786841,-3.065213972088345,2.954481901078624,3758214.6778742434
265.85,-1.264935,1.58074258055887,-3.167831802217395,2.8456775805588697,4014063.330855963
265.9,-1.31198499999996,1.4199282049630386,-3.2635804804440696,2.7319132049629986,4260383.020934218
265.95,-1.3590349999999636,1.2545026265922965,-3.352243605231595,2.61353762659226,4495014.87552645
266.0,-1.40050722222221,1.084828893966031,-3.433403778237477,2.485336116188241,4715304.601766152
266.05,-1.43640166666663,0.9112977048602322,-3.50643699590608,2.347699371526862,4918040.162503542
266.1,-1.47229611111114,0.7343276097172483,-3.5709264466900175,2.206623720828388,5100606.275068077
266.15,-1.50819055555556,0.5543506176914056,-3.6266839353875593,2.0625411732469656,5261134.546879278
266.2,-1.5379650000000094,0.37181155326069126,-3.6733028914276624,1.9097765532607007,5397261.6528683305
266.25,-1.56705944444446,0.18717931426422013,-3.710384952929491,1.7542387587086803,5506782.599570232
266.3,-1.59615388888888,0.0009337576965569305,-3.737827504347131,1.597087646585437,5588541.780901561
266.35,-1.62265666666668,-0.18644047400015576,-3.755495005486571,1.4362161926665242,5641497.0944938315
266.4,-1.64311222222222,-0.3744469515346516,-3.763038062426111,1.2686652706875685,5664182.183707064
266.45,-1.66356777777778,-0.5625726524368395,-3.7602863581980825,1.1009951253409405,5655901.3982602395
266.5,-1.68402333333334,-0.7503067400652408,-3.747406573589579,0.9337165932680993,5617222.411112956
266.55,-1.69325944444444,-0.9371394943054223,-3.7241016747718017,0.7561199501390177,5547573.313615255
266.6,-1.69768722222223,-1.1225357043976152,-3.6899280085747,0.5751515178246147,5446227.483385622
266.65,-1.702115,-1.3059539056410576,-3.6450536291762474,0.3961610943589424,5314566.383828373
266.7,-1.7047369444444316,-1.4868689924658722,-3.589857343466403,0.21786795197855935,5154830.298575864
266.75,-1.69110638888889,-1.6647618413314926,-3.5239983323229556,0.026344547557397346,4967425.698485989
266.8,-1.67747583333334,-1.839088646200431,-3.4473307875773433,-0.16161281286709106,4753635.82359145
266.85,-1.66384527777777,-2.0093267313073016,-3.3605735975310638,-0.34548145352953163,4517381.961769151
266.9,-1.64482861111112,-2.1749862849915407,-3.2642356935940366,-0.5301576738804206,4262093.865333336
266.95,-1.6204258333333397,-2.335595796001333,-3.158629794648412,-0.7151699626679933,3990776.871856267
267.0,-1.59602305555556,-2.490705348554225,-3.044389253973105,-0.8946822929986653,3707322.371882768
267.05,-1.5716202777778,-2.639906127064606,-2.922432686693527,-1.068285849286806,3416245.1233018986
267.1,-1.54410999999999,-2.7828330527096465,-2.793542237322159,-1.2387230527096564,3121551.292681157
267.15,-1.51625444444446,-2.919157724709266,-2.6584927407035233,-1.4029032802648063,2827033.460949332
267.2,-1.4883988888888986,-3.0485948213263123,-2.518190699625022,-1.5601959324374137,2536513.7598711834
267.25,-1.45922083333334,-3.1709032073573686,-2.3734711007589775,-1.7116823740240286,2253346.026455213
267.3,-1.42695694444448,-3.2858795333232784,-2.225005460407444,-1.8589225888787984,1980259.7195371767
267.35,-1.39469305555555,-3.393353029827361,-2.0734927919281225,-1.998659974271811,1719748.943271152
267.4,-1.36242916666669,-3.4931910918439337,-1.9197129651288978,-2.130761925177244,1474119.1473935938
267.45,-1.323068055555577,-3.5852939458477295,-1.7641086923262188,-2.262225890292153,1244831.7913363685
267.5,-1.2806652777778,-3.669576639408234,-1.6069819925870834,-2.3889113616304343,1032956.4497996613
267.55,-1.23826250000006,-3.745975927728453,-1.4488780266327703,-2.507713427728393,839699.0144237083
267.6,-1.19460472222223,-3.8144574518972623,-1.2903509179371007,-2.6198527296750322,666002.1965684473
267.65,-1.13965194444448,-3.8750057322929243,-1.1315063570019375,-2.735353787848444,512122.6543743184
267.7,-1.08469916666668,-3.9276053002890294,-0.972490569612989,-2.8429061336223493,378295.1631944783
267.75,-1.02974638888887,-3.972260246112794,-0.8137983829409947,-2.942513857223924,264907.12323095114
267.8,-0.969706250000031,-4.008995106370011,-0.6557022447081926,-3.0392888563699803,171978.17348614498
267.85,-0.904578749999944,-4.037841840212989,-0.4982863481074845,-3.1332630902130454,99315.7138841173
267.9,-0.839451250000006,-4.058838756131356,-0.34176793343948564,-3.2193875061313504,46722.12813099867
267.95,-0.7743237499999878,-4.072038996297377,-0.18646805513346826,-3.2977152462973893,13908.134234103265
268.0,-0.70369774999998,-4.0775078789168875,-0.03250565923278931,-3.3738101289169076,422.6471528632883
268.05,-0.632460805555603,-4.0753131491499,0.12004432707625218,-3.442852343594297,5764.256185276085
268.1,-0.561223861111064,-4.06553013173664,0.2709959368080815,-3.504306270625576,29375.519106595875
268.15,-0.488898166666688,-4.048242426062523,0.42021756958020046,-3.5593442593958353,70633.12231355625
268.2,-0.414032055555563,-4.02353784669458,0.5676726049643489,-3.6095057911390174,128900.87457080388
268.25,-0.339165944444437,-3.9915052900696466,0.7133221758858245,-3.65233934562521,203531.4106441948
268.3,-0.264299833333397,-3.9522369670367494,0.8570931416996601,-3.687937133703352,293843.46141943743
268.35,-0.18808309166663,-3.905827653359969,0.9989645739857631,-3.717744561693339,399172.08803142287
268.4,-0.11128750833337,-3.852372108543956,1.1389410152942492,-3.741084600210586,518874.654527798
268.45,-0.034491925000021614,-3.7919654278718387,1.2770056154124114,-3.757473502871817,652297.3367179326
268.5,0.0424116670391002,-3.72470378641782,1.413136274726376,-3.7671154534569204,798781.6523790159
268.55,0.120287337430102,-3.6506840627817962,1.5473313014609742,-3.770971400211898,957693.6625923648
268.6,0.198163007821281,-3.5700030738592945,1.679581307764959,-3.7681660816805755,1128397.34775738
268.65,0.276038678212284,-3.482758972039359,1.8098488064033118,-3.7587976502516427,1310221.080815797
268.7,0.3532127222222362,-3.389052269807047,1.9380715390188596,-3.742264992029283,1502448.5161419725
268.75,0.42973911111114,-3.2889873573647965,2.06416165664372,-3.7187264684759365,1704305.3379032589
268.8,0.506265499999957,-3.182673085926589,2.188032534506654,-3.6889385859265458,1914994.5488238444
268.85,0.582791888888947,-3.0702225555012856,2.3095959556187693,-3.653014444390233,2133693.3912842306
268.9,0.656479566666653,-2.9517547702605555,2.4286821581931104,-3.6082343369272083,2359398.8102102177
268.95,0.7299204,-2.82739884384372,2.5450976243306487,-3.55731924384372,2591008.7669494045
269.0,0.803361233333347,-2.697291971383127,2.6586947509495835,-3.5006532047164742,2827463.111490747
269.05,0.874919577777727,-2.561579804169458,2.7692651015150065,-3.4364993819471854,3067531.6809875676
269.1,0.942477633333372,-2.4204214486921027,2.8764753571827755,-3.362899082025475,3309644.19219191
269.15,1.01003568888886,-2.2739934122112317,2.980016299870591,-3.2840291011000917,3552198.858997763
269.2,1.077593744444422,-2.122484717840246,3.079662628607178,-3.200078462284668,3793728.76241587
269.25,1.138218,-1.9660994561454679,3.1749694673091327,-3.104317456145468,4032172.4473380954
269.3,1.19614577777772,-1.8050692281167788,3.2653881968079315,-3.001215005894499,4265104.030341022
269.35,1.25407355555558,-1.6396481504488443,3.350555804517995,-2.893721706004424,4490489.679675691
269.4,1.31045199999997,-1.470106803544277,3.430133909678198,-2.7805588035442472,4706327.455329697
269.45,1.35546866666665,-1.2967400329285006,3.5033950325076533,-2.6522086995951506,4909510.70151972
269.5,1.40048533333332,-1.1198839670724436,3.5696568840033587,-2.520369300405764,5096980.107805028
269.55,1.44550199999995,-0.9398957267930782,3.6286368707745895,-2.385397726793028,5266802.215977922
269.6,1.48245144444445,-0.7571510666711698,3.6797706355495907,-2.2396025111156197,5416284.772101216
269.65,1.5119542222222,-0.5720633131006261,3.722226953723177,-2.0840175353228263,5541989.398009328
269.7,1.54145699999998,-0.3850811838574201,3.755516856719502,-1.9265381838574003,5641562.744441732
269.75,1.57095977777777,-0.19666686065336703,3.7794952725443642,-1.767626638431137,5713833.806074079
269.8,1.58497844444443,-0.007299421169668863,3.7934104861521343,-1.5922778656140988,5755985.246579588
269.85,1.59765066666667,0.18249396839349244,3.7965158181395515,-1.4151566982731776,5765412.942953531
269.9,1.61032288888888,0.37217183920244934,3.7888051342245337,-1.2381510496864307,5742017.738050475
269.95,1.6176777777777671,0.5611922911887279,3.7701665230721995,-1.0564854865890392,5685662.244677727
270.0,1.61373333333333,0.7489970541873642,3.7400459068650402,-0.8647362791459657,5595177.3541831765
270.05,1.60978888888889,0.9350019428085675,3.698232475335933,-0.6747869460803225,5470769.376651737
270.1,1.60584444444444,1.1186321783307422,3.6451348284333847,-0.4872122661136977,5314803.166983232
270.15,1.591368,1.299327024773136,3.58073768304142,-0.2920409752268638,5128672.941901134
270.2,1.57279577777777,1.4765157317400441,3.5049313228656938,-0.09628004603772577,4913817.431202025
270.25,1.55422355555555,1.6496382214082062,3.4182113812643253,0.09541466585265623,4673667.618801987
270.3,1.53422966666668,1.8181665747786253,3.321276016834868,0.2839369081119454,4412349.752000994
270.35,1.5038102222222,1.9815998299740332,3.214385142355006,0.4777896077518331,4132908.737357045
270.4,1.47339077777778,2.139446113517995,3.097956829228024,0.666055335740215,3838934.6063042213
270.45,1.4429713333333243,2.291252785508225,2.97296515818265,0.8482814521749009,3535408.732707196
270.5,1.40746599999999,2.4366125348206573,2.8401689046465046,1.0291465348206674,3226623.76276837
270.55,1.36726600000003,2.5751491735993475,2.7001429224760676,1.2078831735993174,2916308.72071904
270.6,1.32706599999998,2.7065203598414236,2.5537271112671056,1.3794543598414435,2608608.8635282544
270.65,1.28686600000002,2.830432848741185,2.4019666040615935,1.543566848741165,2307777.426810873
270.7,1.2384166666666792,2.946638872579435,2.2455170267280335,1.7082222059127559,2016938.6869302033
270.75,1.18925,3.054916876282477,2.085003626304718,1.8656668762824773,1738896.0486815292
270.8,1.14008333333338,3.1550874132065325,1.9213768838791196,2.0150040798731528,1476675.6519620144
270.85,1.08844653333331,3.247016393359803,1.7554564329150197,2.1585698600264926,1232650.91514509
270.9,1.03156070000003,3.330604216077463,1.5878029753720784,2.2990435160774334,1008447.31544017
270.95,0.9746748666666878,3.405778221476258,1.4190367649496267,2.4311033548095704,805466.1361114809
271.0,0.917789033333344,3.4725020609034423,1.2499160729908896,2.554713027570098,624916.0758083868
271.05,0.857006800000071,3.5307730178602617,1.080983595702584,2.673766217860191,467410.213671235
271.1,0.794709299999988,3.5806108552626252,0.9126733441963748,2.785901555262637,333189.0532826378
271.15,0.732411800000047,3.6220592986288667,0.7454956542679968,2.8896474986288196,222305.50821298745
271.2,0.6697762333333671,3.6551873376217245,0.579929070841933,2.9854111042883575,134527.0908830351
271.25,0.604661511111136,3.6800846451173688,0.416305797317711,3.0754231340062326,69324.20675213404
271.3,0.539546788888975,3.696855140667174,0.2549122939917692,3.157308351778199,25992.111051258464
271.35,0.474432066666667,3.7056181277050144,0.09605058545258863,3.2311860610383474,3690.285986314012
271.4,0.409614033333384,3.7065066044844834,-0.06003003227514819,3.2968925711510995,1441.4419099821334
271.45,0.345069866666685,3.699664856648175,-0.21312966210760337,3.3545949899814897,18169.701148040473
271.5,0.280525699999985,3.6852457055933616,-0.3631078358346903,3.4047200055933766,52738.92017782096
271.55,0.215981533333359,3.663407622274818,-0.5098753278139836,3.447426088941459,103989.13996536689
271.6,0.154175465555497,3.6343137351240533,-0.6533115054585493,3.480138269568556,170726.36926580645
271.65,0.0926074933333333,3.5981334957184745,-0.7933277971065764,3.505526002385141,251747.59746478932
271.7,0.031039521111101004,3.5550378615573845,-0.9299308791042425,3.5239983404462834,345908.57596463576
271.75,-0.0290569488889105,3.5051974299975024,-1.0631136292786703,3.5342543788864127,452084.2355032264
271.8,-0.0860264766666343,3.4487846862996374,-1.1928059072057389,3.5348111629662715,569114.3729059623
271.85,-0.142996004444488,3.3859754292959723,-1.3189829097077794,3.5289714337404603,695886.3664404801
271.9,-0.199965532222211,3.3169441396655124,-1.4416951624033156,3.5169096718877233,831393.976518849
271.95,-0.25313335754189326,3.2418644784092767,-1.5608934470843994,3.49499783595117,974555.3412604075
272.0,-0.304822743016758,3.160914890738412,-1.6764856143059985,3.46573763375517,1124241.6059899845
272.05,-0.356512128491621,3.0742761545537287,-1.7884630347409545,3.4307882830453496,1279440.0106539298
272.1,-0.407253977900558,2.9821289852005792,-1.8968160994504621,3.3893829631011374,1439164.5260537863
272.15,-0.452175248618753,2.8846579016425054,-2.0013672558411657,3.3368331502612585,1602188.3571012793
272.2,-0.49709651933699894,2.7820583984775666,-2.101949575898038,3.279154917814566,1767276.8078471764
272.25,-0.542017790055246,2.6745295321528215,-2.198536160050597,3.2165473222080676,1933424.4988200099
272.3,-0.583702983240235,2.562273594947611,-2.2909935108694595,3.145976578187846,2099460.506738389
272.35,-0.622401027932986,2.4455029224303972,-2.3790858939332113,3.0679039503633834,2264019.876284795
272.4,-0.661099072625694,2.324440342427647,-2.462657696365146,2.985539415053341,2425873.171786595
272.45,-0.6997971173184381,2.19931377730276,-2.5416316859537074,2.899110894621198,2583956.650817554
272.5,-0.731562812154706,2.0703589957926103,-2.6156957868339306,2.8019218079473163,2736745.77970431
272.55,-0.762886016574595,1.9378316452233444,-2.684512850440772,2.700717661797939,2882643.6976726553
272.6,-0.794209220994485,1.8019970870605277,-2.7479672005416553,2.5962063080550126,3020529.494101097
272.65,-0.823188374301659,1.6631273841131962,-2.8058739289975465,2.486315758414855,3149171.4021712514
272.7,-0.847186418994406,1.521508267206546,-2.857866314273829,2.368694686200952,3266959.9481044323
272.75,-0.871184463687152,1.377443943653299,-2.903667669820324,2.248628407340451,3372514.3747039163
272.8,-0.895182508379898,1.2312460184619636,-2.9431985630314506,2.1264285268418615,3464967.112572158
272.85,-0.913032805555566,1.0832337452641307,-2.9761508354694035,1.9962665508196968,3542989.5181860914
272.9,-0.928723083333329,0.933746833293253,-3.002150414774184,1.8624699166265821,3605162.8451715223
272.95,-0.9444133611111085,0.7831362310103548,-3.0210997685391474,1.7275495921214632,3650817.524586916
273.0,-0.958983833333334,0.6317547712400775,-3.032975799515027,1.5907386045734115,3679576.8801775267
273.05,-0.966675500000002,0.4799613810634581,-3.0374900011436066,1.4466368810634602,3690538.202818955
273.1,-0.97436716666667,0.32813176703206537,-3.0344462726924006,1.3024989336987354,3683145.672742721
273.15,-0.98205883333333,0.1766402441340204,-3.0239948635069234,1.1586990774673505,3657817.9738065023
273.2,-0.9862596999999966,0.02585526254905826,-3.0061664893818487,1.0121149625490549,3614814.7847529557
273.25,-0.987486922222222,-0.12385237486368872,-2.9808981994116235,0.8636345473585333,3554301.6301021837
273.3,-0.988714144444445,-0.27211294359116633,-2.9483345021895424,0.7166012008532787,3477070.5347205033
273.35,-0.989941366666667,-0.4185695934990652,-2.908798082057915,0.5713717731676018,3384442.5128735225
273.4,-0.987520605555557,-0.5628795392266241,-2.862470431721917,0.42464106632893284,3277494.788992903
273.45,-0.984866994444446,-0.7047069165018925,-2.809560427621937,0.2801600779425535,3157451.918583664
273.5,-0.982213383333334,-0.8437327816349015,-2.7504829847033125,0.13848060169843246,3026062.6596569773
273.55,-0.979095105555556,-0.9796595207932883,-2.6856643421234705,-0.0005644152377323186,2885117.1834213976
273.6,-0.975074827777777,-1.112210220832772,-2.615506348666833,-0.137135393054995,2736349.383966604
273.65,-0.971054550000003,-1.241128520881213,-2.540450230783401,-0.2700739708812101,2581554.9500349746
273.7,-0.9670342722222249,-1.3661818618394208,-2.460990924960029,-0.3991475896171959,2422590.533094247
273.75,-0.962885933333334,-1.4871624456894548,-2.37762109021676,-0.5242765123561207,2261232.819457413
273.8,-0.958692599999999,-1.6038869720634725,-2.2908305946845253,-0.6451943720634735,2099161.9254170624
273.85,-0.954499266666663,-1.716196681990403,-2.201109706943174,-0.7616974153237401,1937953.5767997862
273.9,-0.950209372222222,-1.823957071358884,-2.1089352969364654,-0.873747699136662,1779043.234665799
273.95,-0.945326316666665,-1.9270565727918396,-2.0147411973953133,-0.9817302561251746,1623672.8369927604
274.0,-0.940443261111109,-2.025404572637691,-1.9189482520102927,-1.0849613115265822,1472944.9575573432
274.05,-0.935560205555552,-2.118931877365904,-1.8219821319701217,-1.183371671810352,1327847.555687356
274.1,-0.929599849999994,-2.207589093151157,-1.7241926581343587,-1.277989243151163,1189136.1289457702
274.15,-0.922721794444445,-2.2913421852005196,-1.6258637880716322,-1.3686203907560746,1057373.222945055
274.2,-0.9158437388888881,-2.3701716549522605,-1.5273037006894044,-1.4543279160633724,933062.6376558199
274.25,-0.908965683333331,-2.444074070814556,-1.428832365472648,-1.535108387481225,816624.7714488652
274.3,-0.899276766666662,-2.513059178494336,-1.3306168865769858,-1.6137824118276738,708216.5195375325
274.35,-0.889408433333327,-2.5771424092525783,-1.2327984413715987,-1.6877339759192513,607916.7988192972
274.4,-0.879540100000003,-2.6363496866459086,-1.1356179471956,-1.7568095866459057,515851.24879709946
274.45,-0.868777283333333,-2.690717931739514,-1.0392595729116774,-1.8219406484061809,432024.1839554249
274.5,-0.856278116666666,-2.740290866813869,-0.9438133407520006,-1.884012750147203,356313.44887258083
274.55,-0.843778949999996,-2.7851163622381945,-0.849391308604835,-1.9413374122381986,288586.23805337364
274.6,-0.831279783333327,-2.825249835305386,-0.7561580050825505,-1.9939700519720591,228709.97146016898
274.65,-0.817587161111118,-2.860753568416209,-0.6642078312760915,-2.0431664073050912,176468.81725139555
274.7,-0.803475216666671,-2.8916930432195467,-0.5736017694252683,-2.0882178265528757,131607.59595511947
274.75,-0.789363272222224,-2.9181377116414122,-0.48443222898156646,-2.128774439419188,93869.83379041954
274.8,-0.775050194444443,-2.9401616048454744,-0.396781627000113,-2.1651114104010314,62974.26380994272
274.85,-0.759501583333329,-2.957841482320002,-0.3106663837193147,-2.198339898986673,38605.44078929459
274.9,-0.743952972222232,-2.971254048495679,-0.22609814438249087,-2.227301076273447,20448.148357282276
274.95,-0.7284043611111172,-2.980477872113113,-0.14312321711436193,-2.2520735110019956,8193.702110865914
275.0,-0.711307900000005,-2.98559249635295,-0.061715082888875505,-2.274284596352945,1523.5005823923098
275.05,-0.692892900000002,-2.9866741178588496,0.018209483299149454,-2.2937812178588475,132.63411280880115
275.1,-0.674477899999998,-2.9837958457664544,0.09667696054723543,-2.3093179457664563,3738.5738802606866
275.15,-0.656062900000016,-2.9770310366142563,0.17366817164553222,-2.3209681366142405,12064.253537080816
275.2,-0.6329975111111267,-2.966450948284602,0.24934387143718428,-2.333453437173475,24868.946489313235
275.25,-0.6096352888889,-2.9521158899680002,0.323865489320423,-2.3424806010791004,41955.542069102805
275.3,-0.586273066666673,-2.9340839738416857,0.3972129739929331,-2.347810907175013,63111.25868332421
275.35,-0.560905883333333,-2.912413423908496,0.4694305595673375,-2.3515075405751626,88146.02010228143
275.4,-0.531646716666685,-2.88715665818869,0.5407034159667888,-2.355509941522005,116944.07361526172
275.45,-0.502387550000003,-2.858357211078719,0.6111289108234426,-2.355969661078716,149391.41825769888
275.5,-0.473128383333322,-2.8260587818924257,0.6806539271630866,-2.3529303985591037,185315.90742501296
275.55,-0.439991205555533,-2.7903052670891477,0.749371877648704,-2.3503140615336147,224623.28440429774
275.6,-0.405491483333304,-2.751132779090996,0.8174190071709584,-2.3456412957576918,267269.53331374214
275.65,-0.370991761111114,-2.708574825415102,0.8847790825180313,-2.3375830643039883,313133.60994457966
275.7,-0.3359953499999925,-2.662667152871276,0.951402627330625,-2.3266718028712834,362066.78371664643
275.75,-0.297947849999989,-2.6134457546216123,1.01735463404138,-2.3154979046216235,414004.18056218803
275.8,-0.259900349999982,-2.5609422545176015,1.0826730791925105,-2.3010419045176196,468872.39856327686
275.85,-0.221852849999975,-2.5051903903581865,1.1472751668026993,-2.2833375403582115,526496.1233448646
275.9,-0.182623620000011,-2.4462273538795842,1.2111203221084548,-2.2636037338795734,586724.9738496349
275.95,-0.14238773111111494,-2.384091113059253,1.2742001812327195,-2.241703381948138,649434.440741398
276.0,-0.102151842222218,-2.3188211190296024,1.3364531460231939,-2.2166692768073846,714442.804606117
276.05,-0.0619159533333219,-2.250461352965732,1.3977729501813718,-2.18854539963241,781507.6881034944
276.1,-0.0204739138888692,-2.1790604393158652,1.4580958402749047,-2.1585865254269962,850417.3917707922
276.15,0.0210451138888692,-2.1046695068340573,1.5173546716425363,-2.1257146207229263,920946.0798221718
276.2,0.06256414166665508,-2.0273446911114257,1.5754306847831472,-2.0899088327780806,992792.7370225184
276.25,0.104303017222218,-1.9471480741212688,1.6322089482403146,-2.0514510913434867,1065642.4202863018
276.3,0.146468656111115,-1.8641470788337127,1.6875907267338282,-2.0106157349448277,1139184.984383204
276.35,0.188634295000012,-1.7784140858072217,1.7414680378970069,-1.9670483808072337,1213084.3708067404
276.4,0.230799933888861,-1.690027429245312,1.7937167420973468,-1.920827363134173,1286967.9003521279
276.45,0.2724917055555357,-1.59907192857317,1.8441951479483483,-1.8715636341287056,1360422.2974864922
276.5,0.314016983333322,-1.505639854826272,1.8927578096197761,-1.819656838159594,1433012.850350661
276.55,0.355542261111107,-1.4098301331252752,1.939281968710955,-1.7653723942363821,1504325.821666975
276.6,0.396772189944139,-1.311747743079337,1.9836416403085306,-1.708519933023476,1573933.6628663673
276.65,0.436187832402209,-1.211505408471997,2.0256357125912037,-1.647693240874206,1641280.0160499495
276.7,0.475603474860325,-1.1092266536471789,2.0650814168223635,-1.584830128507504,1705824.5032420242
276.75,0.51501911731844,-1.005041427126334,2.10187803904694,-1.520060544444774,1767156.516411124
276.8,0.552227688888902,-0.8990862578929303,2.135831013115923,-1.4513139467818323,1824709.6466351158
276.85,0.587702133333354,-0.7915101149795787,2.1666775107926757,-1.3792122483129328,1877796.574309898
276.9,0.623176577777764,-0.6824728574679424,2.1942637279515926,-1.3056494352457064,1925917.3231216085
276.95,0.6586510222222112,-0.5721392075317535,2.218522871253475,-1.2307902297539646,1968737.4921099045
277.0,0.689757733333333,-0.46068030808629135,2.239199285484961,-1.1504380414196245,2005605.3760465442
277.05,0.720682455555561,-0.3482830553211499,2.2560502329091756,-1.0689655108767109,2035905.0613638181
277.1,0.75160717777779,-0.23513947215021744,2.269051067748517,-0.9867466499280074,2059437.0992202745
277.15,0.780768499999985,-0.12144352319526143,2.27811881925016,-0.9022120231952464,2075930.141848697
277.2,0.806794888888879,-0.007396668370277859,2.283043495622073,-0.8141915572591568,2084915.0411609018
277.25,0.832821277777773,0.10679005465189408,2.283722975773403,-0.726031223125879,2086156.252030131
277.3,0.858847666666667,0.22090593791548646,2.280221963303919,-0.6379417287511806,2079764.8807734316
277.35,0.881191011111115,0.33474096254769015,2.2724451297657233,-0.5464500485634248,2065602.7471183818
277.4,0.902371288888873,0.44807705713799584,2.2602656614599486,-0.45429423175087713,2043520.3441499916
277.45,0.9235515666666543,0.560695311463933,2.2437538196967663,-0.36285625520272125,2013772.481361532
277.5,0.943947933333327,0.6723819289921624,2.223012049487791,-0.2715660043411646,1976713.0288671635
277.55,0.960228766666664,0.782924633717666,2.1979585719275394,-0.17730413294899805,1932408.7535638995
277.6,0.9765096,0.8921055957603581,2.1685741195478716,-0.0844040042396419,1881085.4847891307
277.65,0.992790433333318,0.9997131277907253,2.1350549707908493,0.006922694457407341,1823383.8913194856
277.7,1.0061258222222174,1.1055432451098302,2.097465907818539,0.0994174228876128,1759745.2937844195
277.75,1.01714693333333,1.2093914241505972,2.055780010960112,0.19224449081726713,1690492.5813852632
277.8,1.02816804444445,1.3110552554080015,2.0101349565318087,0.2828872109635514,1616257.0173884546
277.85,1.03918915555557,1.41034329919165,1.9607928461684891,0.3711541436360801,1537883.4342342098
277.9,1.044278,1.5070726574148359,1.9077392151020676,0.46279465741483583,1455787.565135301
277.95,1.04911966666667,1.6010553784629697,1.8509751048775371,0.5519357117962997,1370443.5355505638
278.0,1.05396133333334,1.692113342799493,1.7908012792473231,0.638152009466153,1282787.6887015395
278.05,1.056068,1.7800817569042098,1.7274027219378205,0.7240137569042098,1193568.0655032767
278.1,1.05331244444444,1.8647992773930422,1.660744508410238,0.8114868329486022,1103228.928885905
278.15,1.05055688888889,1.9461037994783883,1.5909410474356642,0.8955469105894982,1012437.3665662754
278.2,1.047801333333322,2.023846745958443,1.518338456893029,0.9760454126251208,922140.6678721218
278.25,1.03802,2.097891194255304,1.4429494802677763,1.059871194255304,832841.2810420183
278.3,1.02602,2.1680940690350403,1.3647024263608811,1.1420740690350404,744965.0850061104
278.35,1.01401999999999,2.234318219509012,1.2838611037455285,1.220298219509022,659319.7334842747
278.4,1.00034173333334,2.2964416441710616,1.2007068114601236,1.2960999108377216,576678.7388346947
278.45,0.977852566666671,2.3543483404619416,1.1151199042690858,1.3764957737952708,497396.960358838
278.5,0.9553634,2.4079128024883802,1.027081826729284,1.4525494024883803,421958.83151902526
278.55,0.932874233333329,2.457022008193975,0.9369715683022011,1.524147774860646,351166.2879226745
278.6,0.904383577777765,2.501577136338624,0.8448921628399642,1.5971935585608592,285537.106731357
278.65,0.871177466666685,2.541476889014287,0.7507525119516727,1.6702994223476018,225451.73368069858
278.7,0.837971355555568,2.576621146072688,0.654736952725097,1.7386497905171199,171472.19090549837
278.75,0.804765244444451,2.60692564887954,0.5572237365354473,1.8021604044350887,124199.31702341024
278.8,0.762211933333333,2.6323180291791353,0.4581818297098904,1.8701060958458022,83972.2356305212
278.85,0.719269155555547,2.652717867940521,0.3575804468054922,1.9334487123849737,51145.51037504618
278.9,0.67632637777781,2.6680560410082075,0.25577524581883126,1.9917296632303976,26168.390549473424
278.95,0.6306217000000235,2.6782792969996185,0.15300307346156045,2.047657596999595,9363.976195473466
279.0,0.580006977777797,2.6833406968666966,0.04929105739207465,2.1033337190888997,971.8433355315187
279.05,0.529392255555565,2.6831950644868767,-0.0552231986865519,2.153802808931312,1219.8406692697552
279.1,0.478777533333333,2.6778103351214764,-0.16022185837047087,2.1990328017881433,10268.41755987489
279.15,0.424432688888928,2.6671673228964097,-0.2655548195098207,2.2427346340074816,28207.744865957375
279.2,0.3689099111111219,2.6512509129431523,-0.3711256316137638,2.2823410018320303,55093.69377628603
279.25,0.313387133333316,2.630054671835963,-0.4767032957081111,2.316667538502647,90898.41285558992
279.3,0.257592959999957,2.6035846489981216,-0.5820384224874101,2.3459916889981645,135507.49010065317
279.35,0.200373959999946,2.5718578965497674,-0.686950601915768,2.3714839365498213,188760.45178897437
279.4,0.14315496,2.5348996721335673,-0.7912590619983904,2.3917447121335673,250436.361277829
279.45,0.08593595999999004,2.492745787316725,-0.8947409333310353,2.406809827316735,320224.5351112369
279.5,0.0295172622222011,2.4454433792836174,-0.997156117746116,2.4159261170614164,397728.12926340237
279.55,-0.0262726266666984,2.3930521366314768,-1.0982549331213547,2.4193247632981754,482465.5592501565
279.6,-0.0820625155555978,2.3356432908561295,-1.1978306498153317,2.4177058064117274,573919.3062548079
279.65,-0.137852404444434,2.2732973555028613,-1.2957105311457846,2.4111497599472953,671546.3122088365
279.7,-0.18976906666666676,2.2061056472849563,-1.391587549379011,2.395874713951623,774606.3630346727
279.75,-0.241524344444454,2.1341769376943875,-1.4851654898526137,2.3757012821388415,882286.6128996615
279.8,-0.293279622222242,2.0576297840083093,-1.5763033578025103,2.350909406230551,993892.9103277875
279.85,-0.342990100000026,1.976590725461048,-1.6647950329155177,2.319580825461074,1108617.0006480718
279.9,-0.38906537777776,1.8912000083044882,-1.7503043202761686,2.2802653860822484,1225426.085430968
279.95,-0.435140655555547,1.8016141452381782,-1.8325832811727725,2.236754800793725,1343344.592973586
280.0,-0.481215933333333,1.707997273685573,-1.9115273214361022,2.189213207018906,1461574.6802386718
280.05,-0.522384566666674,1.6105219476145642,-1.986840356943584,2.1329065142812382,1579013.8415918832
280.1,-0.562003733333348,1.5093795943847454,-2.058172743086071,2.0713833277180935,1694430.0161529763
280.15,-0.601622899999977,1.404773524779711,-2.1253746525520607,2.006396424779688,1806886.965484317
280.2,-0.6402797555555372,1.2969130474001134,-2.1883222004853895,1.9371928029556504,1915501.621254887
280.25,-0.673884477777771,1.1860176871503276,-2.2466879658844774,1.8599021649280987,2019042.7264200523
280.3,-0.7074892,1.072325204359217,-2.3001974047133973,1.7798144043592172,2116363.240260099
280.35,-0.741093922222229,0.9560797887651271,-2.3487973077632662,1.6971737109873561,2206739.5171823874
280.4,-0.771657688888868,0.8375301989399568,-2.392315054840224,1.6091878878288248,2289268.5286460733
280.45,-0.7998321333333172,0.7169373218299766,-2.430491922699391,1.5167694551632938,2362916.394522793
280.5,-0.828006577777767,0.5945718093214475,-2.463221915913369,1.4225783870992146,2426984.8828143715
280.55,-0.856181022222217,0.4707056342442034,-2.490522946422976,1.3268866564664203,2481081.8186637526
280.6,-0.879716223463691,0.3456129074667693,-2.5122221698242218,1.2253291309304604,2524504.092222528
280.65,-0.903058122905014,0.2195793729308812,-2.528165327672184,1.1226374958358951,2556647.969617521
280.7,-0.9264000223463619,0.09289099887566218,-2.538432176949644,1.019291021222024,2577455.1667893236
280.75,-0.947924883977903,-0.03416961773781724,-2.54304666859655,0.9137552662400857,2586834.5434640045
280.8,-0.966485104972384,-0.16131790233167945,-2.5419165837888116,0.8051672026407046,2584535.9675762327
280.85,-0.985045325966865,-0.28826584301991187,-2.5350614004137313,0.6967794829469531,2570614.521547051
280.9,-1.00360554696133,-0.41473161596772146,-2.52266140931327,0.5888739309936086,2545528.234415366
280.95,-1.0193092737430192,-0.5404405805117528,-2.50477838875807,0.47886869323126635,2509565.9107157895
281.0,-1.03411094972067,-0.6651187780428156,-2.481455609337229,0.36899217167785436,2463048.7764444794
281.05,-1.04891262569833,-0.7884988503781104,-2.4528960007483565,0.2604137753202197,2406679.516194912
281.1,-1.06301,-0.9103249171526931,-2.4193294274410753,0.15268508284730686,2341261.9513929444
281.15,-1.07389888888888,-1.0303498661310322,-2.38084837212421,0.04354902275784789,2267375.5884186
281.2,-1.08478777777777,-1.1483303659257458,-2.337604449060615,-0.06354258814797586,2185757.824107193
281.25,-1.09567666666666,-1.2640363248974402,-2.2899216332759478,-0.16835965823078025,2097496.4346180735
281.3,-1.10327657458564,-1.3772514630615833,-2.237975674272786,-0.2739748884759432,2003414.0474546927
281.35,-1.10849480662984,-1.4877641677783582,-2.181846735851348,-0.3792693611485183,1904182.0714980727
281.4,-1.11371303867403,-1.5953707134379984,-2.121792143485776,-0.4816576747639685,1800800.7600631854
281.45,-1.1189312707182208,-1.6998842499590083,-2.0581890944923638,-0.5809529792407875,1694456.9394749184
281.5,-1.11628145251397,-1.801130489665363,-1.991039238297323,-0.6848490371513931,1585694.8993758338
281.55,-1.11330379888268,-1.8989292589944478,-1.920353725175802,-0.7856254601117678,1475103.371918632
281.6,-1.11032614525139,-1.9931135015934904,-1.8465255097999527,-0.8827873563421005,1363862.58333679
281.65,-1.10394427777778,-2.0835334395905583,-1.769794722885812,-0.9795891618127783,1252869.3444617873
281.7,-1.09200816666666,-2.170044342951975,-1.6901462506572587,-1.0780361762853152,1142637.7394443157
281.75,-1.08007205555555,-2.2525021060619475,-1.6077389442435546,-1.1724300505063974,1033929.8051349518
281.8,-1.06813594444444,-2.3307791316903885,-1.5229839030454733,-1.2626431872459485,927791.9875742494
281.85,-1.05046943333332,-2.4047636554132548,-1.4360185198638113,-1.3542942220799348,824859.6757567407
281.9,-1.03118665555556,-2.4743453682319463,-1.3469152370825437,-1.4431587126763863,725672.26235405
281.95,-1.011903877777779,-2.5394250742078532,-1.2560042044720467,-1.5275211964300743,631018.6246605836
282.0,-0.991649399999993,-2.599921408033714,-1.163629076109501,-1.6082720080337212,541613.0507069803
282.05,-0.966968288888877,-2.6557658736354917,-1.0699270650600856,-1.6887975847466148,457897.5698192354
282.1,-0.942287177777761,-2.7068949996892573,-0.9750765103291696,-1.7646078219114962,380309.6803982845
282.15,-0.917606066666674,-2.7532603157960693,-0.8794316691802866,-1.8356542491293952,309360.02430289
282.2,-0.8902461611111118,-2.794828592965203,-0.7832112635183065,-1.9045824318540912,245367.95332077687
282.25,-0.860946438888886,-2.83157395244324,-0.6865400640942808,-1.970627513554354,188534.90384263167
282.3,-0.831646716666658,-2.863478828690183,-0.5896406655303845,-2.0318321120235248,139070.4457788459
282.35,-0.802346994444431,-2.8905388993520558,-0.49279212205594486,-2.0881919049076245,97137.6302241605
282.4,-0.76877964444446,-2.9127603041421044,-0.39607848338908314,-2.1439806596976445,62751.26600151848
282.45,-0.73512520000001,-2.930150220803854,-0.2995713928176548,-2.195025020803844,35897.20775788386
282.5,-0.701470755555559,-2.9427246557280506,-0.20349529060755578,-2.2412539001724916,16564.13331978143
282.55,-0.666547427777774,-2.9505095703648805,-0.10800709106694464,-2.2839621425871064,4666.21268829731
282.6,-0.629553816666656,-2.9535362238013656,-0.013169413979688988,-2.3239824071347095,69.3733858273711
282.65,-0.59256020555558,-2.951839083034498,0.08091532629257807,-2.359278877478918,2618.91601161375
282.7,-0.5555665944444604,-2.945460062127638,0.17407902488058608,-2.3898934676831773,12121.402761350282
282.75,-0.517158150000011,-2.9344482307698097,0.2662205460217655,-2.417290080769799,28349.351649650784
282.8,-0.478350650000004,-2.918856357827082,0.35726203098362014,-2.440505707827078,51054.46351301646
282.85,-0.439543149999996,-2.8987424054120923,0.4470818754078144,-2.4591992554120963,79952.8813272674
282.9,-0.400664600000033,-2.874170596702511,0.535557131389118,-2.4735059967024777,114728.5763926964
282.95,-0.361462377777804,-2.845210794970084,0.6225871772445611,-2.4837484171922797,155045.91730774025
283.0,-0.322260155555574,-2.8119375478197783,0.708078098180236,-2.489677392264204,200549.83724901598
283.05,-0.283057933333345,-2.774430259557926,0.7919335450087746,-2.491372326224581,250863.49588406592
283.1,-0.24424463333333,-2.7327731579204917,0.8740521269849487,-2.488528524587162,305586.8482747652
283.15,-0.205712966666688,-2.687055720348352,0.9543312275006232,-2.481342753681664,364299.23671313847
283.2,-0.167181300000001,-2.6373720502892284,1.0326902179000592,-2.4701907502892273,426579.63445858867
283.25,-0.128649633333315,-2.583819791834551,1.1090642989052926,-2.455170158501236,492009.44764251524
283.3,-0.0915708656666421,-2.5265006222218056,1.18333901838918,-2.4349297565551633,560116.4929769073
283.35,-0.0545217489999684,-2.4655227301556404,1.2554037785504844,-2.411000981155672,630415.4588795333
283.4,-0.0174726323333367,-2.400998002488187,1.3252033976390234,-2.3835253701548504,702465.6180456046
283.45,0.018760683444446112,-2.333041567066582,1.3926527798059856,-2.351802250511028,775792.7060405356
283.5,0.0536629556666766,-2.261774151713367,1.4576169070327154,-2.3154371073800437,849858.8190670478
283.55,0.0885652278889054,-2.187323013094941,1.519993069080939,-2.2758882409838463,924151.5720216368
283.6,0.123467500111134,-2.109818850635224,1.5797291555544042,-2.233286350746358,998217.6819634523
283.65,0.155995066666658,-2.0293965135459566,1.636680851187922,-2.1853915802126145,1071489.6834580884
283.7,0.18785284444444098,-1.9461999411438111,1.6906824960561853,-2.1340527855882523,1143362.9209883092
283.75,0.219710622222225,-1.8603785702400562,1.741666265631802,-2.0800891924622813,1213360.5523359308
283.8,0.250912400000008,-1.772084678534107,1.7895688260439477,-2.022997078534115,1281022.6332593253
283.85,0.279125733333347,-1.6814760336744488,1.8342115175230713,-1.9606017670077958,1345732.7564057151
283.9,0.307339066666653,-1.5887202235682776,1.875453047802157,-1.8960592902349305,1406929.65380416
283.95,0.3355523999999893,-1.493987605607528,1.9132825986388469,-1.8295400056075173,1464260.1209016875
284.0,0.361412544444442,-1.3974505585354677,1.947597269793039,-1.7588631029799098,1517254.05012212
284.05,0.385568655555558,-1.2992892200733006,1.9782321682145196,-1.6848578756288586,1565361.0045434877
284.1,0.409724766666674,-1.1996895847040427,2.0051329821064674,-1.6094143513707166,1608223.31037247
284.15,0.433880877777762,-1.098837719869747,2.028326346221644,-1.532718597647509,1645643.1067107378
284.2,0.4538278888888789,-0.9969212827052294,2.047660614730044,-1.4507491715941083,1677165.5972466483
284.25,0.473688999999994,-0.89413833146796,2.0629949489901014,-1.3678273314679539,1702379.2638234685
284.3,0.493550111111109,-0.790687517499723,2.0743859459538356,-1.284237628610832,1721230.8211083158
284.35,0.511840555555557,-0.6867654960304409,2.0818320649461297,-1.198606051585998,1733609.8986551466
284.4,0.52756833333332,-0.5825718335210232,2.0852277164709023,-1.1101401668543431,1739269.8518153813
284.45,0.543296111111101,-0.4783105141884819,2.0845566134443043,-1.021606625299583,1738150.509861755
284.5,0.559023888888881,-0.37418202873289674,2.0799347734525835,-0.9332059176217777,1730451.4647268998
284.55,0.571778201117317,-0.27038306920860533,2.071352100953741,-0.8421612703259224,1716199.810450191
284.6,0.583693843575422,-0.16711333872521242,2.058779043957239,-0.7508071823006344,1695428.4607349935
284.65,0.595609486033513,-0.06456954707035685,2.042343679066678,-0.6601790331038699,1668467.0813694452
284.7,0.6068305635359068,0.03705910782267885,2.0221936618466234,-0.569771455713228,1635706.8824050624
284.75,0.615273381215471,0.13758834939337822,1.9983563356413898,-0.4776850318220928,1597371.2176792333
284.8,0.623716198895032,0.23683457527833604,1.9709093183585367,-0.386881623616696,1553793.4164770045
284.85,0.632159016574592,0.334622801168204,1.9400735937086266,-0.29753621540638797,1505554.219602202
284.9,0.639018088888888,0.43078794232428536,1.905998569185299,-0.20823014656460265,1453132.2182945628
284.95,0.644730311111112,0.5251703593342771,1.8687856698836596,-0.11955995177683487,1396943.9519850074
285.0,0.650442533333335,0.6176172906924353,1.8286193785067493,-0.0328252426408997,1337539.532580164
285.05,0.656154755555558,0.7079870967038524,1.7857406960028055,0.05183234114829438,1275547.9333442335
285.1,0.659792346368717,0.796148473469871,1.7402888374285814,0.13635612710115408,1211442.0950714094
285.15,0.663387597765361,0.8819754600657603,1.692405361462055,0.21858786230039928,1145694.3630022036
285.2,0.6669828491620082,0.9653525265644156,1.6423324766296055,0.2983696774024074,1078902.3855169334
285.25,0.669911999999999,1.0461757020502571,1.5902789557776014,0.37626370205025816,1011594.8628756392
285.3,0.671842,1.1243500661132275,1.5364038374562061,0.45250806611322747,944214.7007000624
285.35,0.673772,1.199788913718271,1.4808978935614934,0.5260169137182709,877223.4284619472
285.4,0.675701999999998,1.2724165916550723,1.4239955412754797,0.5967145916550742,811105.3206289785
285.45,0.6765444444444436,1.3421681265749317,1.3658722899872726,0.6656236821304881,746242.8450220304
285.5,0.677115,1.4089861144605316,1.306685954412683,0.7318711144605315,682971.2733837537
285.55,0.677685555555556,1.4728223857989797,1.2466385506505375,0.7951368302434237,621643.0703872291
285.6,0.677989333333333,1.5336388163163215,1.185921008876066,0.8556494829829885,562563.4557174506
285.65,0.677226,1.5914054790524679,1.1246621655687987,0.9141794790524679,505945.99466475996
285.7,0.676462666666667,1.6460982234396981,1.062993612962703,0.9696355567730311,451982.1684798003
285.75,0.675699333333333,1.6977008435747591,1.0010840867912143,1.0220015102414262,400867.7395306398
285.8,0.673981666666665,1.7462044670784485,0.9390437315164893,1.0722228004117835,352721.251880165
285.85,0.671627777777776,1.7916042248452595,0.8769429230629053,1.1199764470674833,307611.55612404505
285.9,0.669273888888889,1.8338995234656703,0.8148869516269471,1.1646256345767814,265616.2975727434
285.95,0.6669199999999975,1.873095744102054,0.7529995041195668,1.2061757441020564,226803.30128172543
286.0,0.662450833333332,1.9092025752204917,0.6912977837286279,1.2467517418871599,191157.05031524514
286.05,0.657981666666665,1.9422288853109557,0.6297970853651838,1.2842472186442908,158657.7474937922
286.1,0.653512499999997,1.972187418599188,0.5686037709888621,1.3186749185991908,129324.09935310172
286.15,0.647925444444447,1.9990951999465552,0.5077662637003181,1.351169755502108,103130.63142087238
286.2,0.640661555555557,2.0229694791172217,0.44725447545096164,1.3823079235616647,80014.62632436595
286.25,0.633397666666667,2.0438264219576583,0.3870884293656383,1.4104287552909913,59934.980859502706
286.3,0.626133777777776,2.0616855933357265,0.32735788171351937,1.4355518155579505,42865.27308798502
286.35,0.615865888888885,2.0765686189488526,0.26801167558848543,1.4607027300599675,28732.103300699026
286.4,0.604847000000006,2.0884918005930317,0.2089671645846546,1.4836448005930256,17466.910349820053
286.45,0.593828111111114,2.0974711943192297,0.15027332965820428,1.5036430832081158,9032.829442625336
286.5,0.581903388888892,2.103525578064232,0.0919655065924711,1.5216221891753399,3383.0617611239386
286.55,0.566355333333333,2.1066720520455116,0.03391605793752864,1.5403167187121785,460.1195944087197
286.6,0.550807277777775,2.106920144914853,-0.023956430446553226,1.556112867137078,229.56422389621696
286.65,0.535259222222234,2.1042806571566253,-0.08157464959042168,1.5690214349343914,2661.769382320034
286.7,0.5166273333333427,2.098765905289708,-0.138999264573428,1.5821385719563652,7728.318220781535
286.75,0.495939555555563,2.090381577203694,-0.19637311321778814,1.594442021648131,15424.959837938495
286.8,0.475251777777782,2.079129457749046,-0.2536955004361136,1.6038776799712637,25744.562776612045
286.85,0.454564,2.065014426034795,-0.3108742959635434,1.6104504260347952,38657.1311563315
286.9,0.428642055555572,2.0480421698284292,-0.3680439285818097,1.6194001142728571,54182.53334637288
286.95,0.402720111111114,2.0282082074578573,-0.42532346313707803,1.6254880963467433,72360.01931796694
287.0,0.376798166666657,2.00550989825896,-0.48259894122274133,1.6287117315923032,93160.69522772438
287.05,0.34887433333331,1.9799488170784958,-0.539844329053994,1.6310744837451858,116572.75984470278
287.1,0.317947666666637,1.9515243031987002,-0.5971594637523272,1.6335766365320632,142639.7700595868
287.15,0.287021,1.9202316373139228,-0.6545492335750727,1.6332106373139228,171373.87966948602
287.2,0.25609433333332293,1.886070235314715,-0.7118883547768242,1.629975901981392,202714.01186674144
287.25,0.221676777777764,1.8490431638359934,-0.7692058195471567,1.6273663860582295,236671.03713008523
287.3,0.18638649999998,1.8091490183943364,-0.8265618867004458,1.6227625183943564,273281.8210183203
287.35,0.151096222222195,1.7663879194252825,-0.8838619177909675,1.6152916972030875,312484.7558884508
287.4,0.115115788888896,1.7207654578975853,-0.9410045153986062,1.6056496690086892,354195.79920022626
287.45,0.07637473333333325,1.6722897986985794,-0.9980072813671673,1.595915065365246,398407.4134647537
287.5,0.0376336777777704,1.6209674049065885,-1.0548499712312212,1.5833337271288181,445083.38472260325
287.55,-0.0011073777777923,1.5668098707922926,-1.1113889128586916,1.567917248570085,494074.1262500897
287.6,-0.0411796666666899,1.509835014579499,-1.1675379756771138,1.551014681246189,545257.9698592852
287.65,-0.0821394444444289,1.4500634306148863,-1.2232458729931028,1.5322028750593153,598532.1863178633
287.7,-0.12309922222221392,1.3875196758584394,-1.278399340349334,1.5106188980806534,653721.9493622448
287.75,-0.164059,1.3222352837113522,-1.332846150819275,1.4862942837113522,710591.5447015031
287.8,-0.205982055555563,1.2542486425308859,-1.3864785651103915,1.4602306980864488,768929.124604228
287.85,-0.247905111111127,1.183602796687548,-1.439189564368042,1.431507907798675,828506.6408743496
287.9,-0.289828166666643,1.1103474974755323,-1.4908327148671103,1.4001756641421754,889032.8734872155
287.95,-0.3315727777777616,1.0345398253809088,-1.5412587717452029,1.3661126031586703,950191.4405926126
288.0,-0.373049722222214,0.9562445055583993,-1.5903126687424676,1.3292942277806135,1011637.7537451157
288.05,-0.414526666666667,0.8755337812264755,-1.6378541073928352,1.2900604478931426,1073026.4308414324
288.1,-0.456003611111119,0.7924863535041999,-1.683760891664874,1.248489964615319,1134020.2961200366
288.15,-0.496160333333303,0.7071878979475604,-1.7278563463965055,1.2033482312808634,1194195.0215130723
288.2,-0.535986999999977,0.6197339790000114,-1.7699570121376862,1.1557209789999883,1253099.1299261462
288.25,-0.575813666666652,0.5302273966705422,-1.8099463965034472,1.1060410633371942,1310362.3832863255
288.3,-0.615048519553067,0.4387766051238118,-1.8477006092958095,1.0538251246768788,1365599.0166368422
288.35,-0.651916117318444,0.34549839596865267,-1.882992274430903,0.9974145132870966,1418263.962226586
288.4,-0.688783715083779,0.25052157131091957,-1.915633054111044,0.9393052863946986,1467859.9992011224
288.45,-0.7256513128491529,0.15398044856972484,-1.9455531278890208,0.8796317614188777,1514070.789375501
288.5,-0.759834292817685,0.05601476636886418,-1.9725640231977575,0.8158490591865492,1556403.5302456492
288.55,-0.792371861878469,-0.04322327479943411,-1.996415414447212,0.7491485870790349,1594269.802816973
288.6,-0.824909430939253,-0.14357232637358341,-2.0170009192937814,0.6813371045656695,1627317.0833727838
288.65,-0.857447,-0.24486866368270516,-2.03430530959029,0.6125783363172947,1655359.2370508984
288.7,-0.886025491620113,-0.34694495060848873,-2.04813708542277,0.5390805410116243,1677946.2082736313
288.75,-0.914603983240227,-0.44962168187591334,-2.0583285530471085,0.4649823013643136,1694686.5729156013
288.8,-0.94318247486034,-0.5527177734519841,-2.064919106028649,0.3904647014083559,1705556.3657768623
288.85,-0.970215066666674,-0.6560531832735115,-2.0678863270505956,0.31416188339316253,1710461.5446411213
288.9,-0.995112844444428,-0.7594441779792352,-2.0671210991720077,0.2356686664651928,1709195.8554568358
288.95,-1.0200106222222103,-0.8627028118209525,-2.062607709703295,0.15730781040125774,1701740.225650989
289.0,-1.04490839999999,-0.9656441286716868,-2.0544456796183175,0.07926427132830316,1688298.8202009483
289.05,-1.06702911111111,-1.0680861116057123,-2.042608590793079,-0.0010570004946022227,1668899.942072675
289.1,-1.08854022222222,-1.1698430643476079,-2.0270566338136136,-0.08130284212538785,1643583.4386751114
289.15,-1.11005133333332,-1.2707316416189947,-2.007897013250133,-0.1606803082856747,1612660.1663275217
289.2,-1.1303854444444252,-1.3705740796455044,-1.9852167763362079,-0.24018863520107914,1576434.25961869
289.25,-1.14654655555555,-1.469192894479528,-1.958912268962515,-0.322646338923978,1534934.9109967474
289.3,-1.16270766666666,-1.5664044902171166,-1.9289591080357762,-0.40369682355045655,1488353.296189671
289.35,-1.17886877777778,-1.6620311518615578,-1.8955470213098935,-0.4831623740837778,1437239.403998724
289.4,-1.19009572222222,-1.755900859434172,-1.858636345638661,-0.5658051372119521,1381811.6261316144
289.45,-1.1982985,-1.8478337964721447,-1.8180672231484218,-0.6495352964721448,1322147.3711546452
289.5,-1.20650127777778,-1.9376482802881005,-1.7739401566057609,-0.7311470025103206,1258745.4716873886
289.55,-1.21453816666667,-2.025172602041839,-1.7265005003045983,-0.8106344353751691,1192321.5910208113
289.6,-1.2144465,-2.1102408739674776,-1.6756152855164619,-0.8957943739674776,1123074.6340225656
289.65,-1.21435483333333,-2.1926751444616444,-1.6211906210191547,-0.9783203111283143,1051303.611872189
289.7,-1.2142631666666663,-2.2723059474545515,-1.5635261367999782,-1.0580427807878852,977845.5921826657
289.75,-1.2110985,-2.348976321078011,-1.5027755147995554,-1.1378778210780107,903333.6991524275
289.8,-1.20369016666666,-2.422531486460954,-1.4389044155645017,-1.218841319794294,828178.3668524079
289.85,-1.19628183333333,-2.4928167862706205,-1.372033819976997,-1.2965349529372905,752990.7212642683
289.9,-1.1888735,-2.5596901004595614,-1.302476125081736,-1.3708166004595614,678577.6225631736
289.95,-1.1754108333333284,-2.6230201519684027,-1.230264119522939,-1.4476093186350742,605419.9215142209
290.0,-1.16061916666667,-2.68267207758018,-1.155385316295133,-1.5220529109135097,533966.0916441618
290.05,-1.1458275,-2.7385186187293518,-1.0781015499056685,-1.5926911187293518,464921.18076360185
290.1,-1.12903138888888,-2.7904459013027973,-0.9986373370390266,-1.6614145124139172,398910.61237135937
290.15,-1.10512861111112,-2.838344627523781,-0.9169103793809743,-1.733216016412661,336289.85752662487
290.2,-1.08122583333334,-2.8820996547712108,-0.832945246719053,-1.8008738214378708,277519.11361274566
290.25,-1.05732305555556,-2.921607342656558,-0.747070358484374,-1.8642842871009981,223245.64821038843
290.3,-1.02707337222222,-2.956775731737559,-0.6593382798898154,-1.9297023595153389,173890.78693122423
290.35,-0.99293364999999,-2.987508628897884,-0.569653323305692,-1.994574978897894,129801.96350128768
290.4,-0.9587939277778,-3.013711495970897,-0.4781927949392446,-2.054917568193097,91467.33965272259
290.45,-0.9244800833333442,-3.0353036417613555,-0.3852747135316199,-2.1108235584280113,59374.64195474871
290.5,-0.881634250000012,-3.0522140628637393,-0.29086278007069727,-2.1705798128637275,33840.46273218193
290.55,-0.838788416666671,-3.0643647824075817,-0.19494084972066125,-2.2255763657409107,15200.773955925373
290.6,-0.795942583333329,-3.0716882527777467,-0.09782343908935266,-2.275745669444418,3827.7700941073163
290.65,-0.750558666666708,-3.0741305053955656,0.00029238900025643777,-2.3235718387288578,0.03419653098838366
290.7,-0.70166977777781,-3.071643299744826,0.0993519612369207,-2.369973521967016,3948.3248806490365
290.75,-0.652780888888912,-3.064182093298978,0.19920611378695408,-2.4114012044100663,15873.23030804036
290.8,-0.603892000000014,-3.05171395498335,0.29958578141253395,-2.447821954983336,35900.65616982343
290.85,-0.551496244444436,-3.034216853342967,0.4003658270851936,-2.482720608898531,64117.11819904445
290.9,-0.498330688888914,-3.011672295024373,0.5014516737976953,-2.5133416061354588,100581.51246180409
290.95,-0.44516513333333013,-2.984070234137454,0.6026258782843699,-2.538905100804124,145263.17967120325
291.0,-0.391263861111084,-2.951411723288306,0.7036801759518034,-2.560147862177222,198066.31601102444
291.05,-0.334754138888851,-2.9137060106053694,0.8045075385262018,-2.5789518717165185,258892.95181819523
291.1,-0.278244416666618,-2.870966961588005,0.9049765670435049,-2.592722544921387,327593.03475913894
291.15,-0.22173469444445,-2.8232179682339518,1.0048699402318686,-2.6014832737895017,403905.4387126397
291.2,-0.16354282611110477,-2.7704920499931363,1.10403932038537,-2.6069492238820313,487561.12838279584
291.25,-0.104319964999983,-2.712827901760836,1.2023778403080732,-2.6085079367608532,578284.9883455625
291.3,-0.0450971038888608,-2.650270823482124,1.2997241225284575,-2.6051737195932634,675713.1178729475
291.35,0.014142887222262,-2.5828752087565676,1.3958884102627054,-2.5970180959788296,779401.7815622971
291.4,0.0742222483333163,-2.5107042472677885,1.4907177862654002,-2.584926495601105,888895.8073152062
291.45,0.134301609444439,-2.433828185263251,1.5840628415623255,-2.56812979470769,1003702.0344074037
291.5,0.194380970555561,-2.3523256420128877,1.6757480336367574,-2.5467066125684488,1123252.5888949835
291.55,0.25395298333335,-2.2662842430548844,1.7655823648083213,-2.520237226388234,1246912.4347688577
291.6,0.31282437222225,-2.17580183485726,1.8533516552382219,-2.48862620707951,1373964.9431897027
291.65,0.371695761111083,-2.0809867424702224,1.9388616174113746,-2.4526825035813054,1503673.7485884207
291.7,0.43056714999997897,-1.981956152833792,2.0219433233221524,-2.4125233028337707,1635301.9210908122
291.75,0.485873816666662,-1.8788379346034363,2.1022943939409457,-2.3647117512700984,1767856.6875182113
291.8,0.540397983333339,-1.771777685586501,2.179587764291912,-2.3121756689198403,1900241.1289004066
291.85,0.594922150000015,-1.6609332920022113,2.253633744461665,-2.2558554420022263,2031546.021670522
291.9,0.648033061111079,-1.5464719772046942,2.3242206014809663,-2.194505038315773,2160800.561739418
291.95,0.696133338888866,-1.4285756097361764,2.3909459893778107,-2.1247089486250426,2286649.0896487352
292.0,0.744233616666653,-1.3074473216022162,2.453475744866609,-2.051680938268869,2407817.2922595046
292.05,0.79233389444444,-1.1833000655995043,2.5116847215814886,-1.9756339600439443,2523424.056250352
292.1,0.835386338888893,-1.056356245505787,2.5652513952744536,-1.89174258439468,2632205.8883830123
292.15,0.875344949999966,-0.9268595217715194,2.6137437220885413,-1.8022044717714856,2732662.497902905
292.2,0.9153035611110838,-0.7950698525624175,2.656958492747742,-1.7103734136735014,2823771.3728737417
292.25,0.955077927777763,-0.6612527123185263,2.6948320503909446,-1.6163306400962894,2904847.911925705
292.3,0.985824316666668,-0.5256830253569764,2.726924834431451,-1.5115073420236445,2974447.6210555984
292.35,1.01657070555557,-0.3886632746626426,2.752836119348046,-1.4052339802182126,3031242.6799948835
292.4,1.04731709444444,-0.25050211809662104,2.7725863219975575,-1.2978192125410613,3074893.9651711774
292.45,1.0739851666666635,-0.11150971707454296,2.786033651219967,-1.1854948837412065,3104793.4022920243
292.5,1.09502127777779,0.027990008825548834,2.7928085823264692,-1.067031268952241,3119911.911006553
292.55,1.1160573888889,0.16765749431785668,2.792766082806347,-0.9483998945710433,3119816.957309403
292.6,1.13709350000002,0.30715542101678617,2.7860531744539707,-0.8299380789832338,3104836.916354019
292.65,1.14990683333333,0.4461480762607862,2.7724586643876656,-0.7037587570725439,3074610.8182952954
292.7,1.16091516666667,0.5842824275544976,2.751734359690946,-0.5766327391121724,3028816.7945214957
292.75,1.1719235,0.7212057491516758,2.7240657315629893,-0.4507177508483241,2968213.6439503212
292.8,1.18070433333333,0.8565765405894632,2.689651195645577,-0.3241277927438668,2893689.421695073
292.85,1.18158766666667,0.9900559638230852,2.648345029824257,-0.19153170284358478,2805492.5587979374
292.9,1.182471,1.1212964199149267,2.6001625763282505,-0.06117458008507337,2704338.169335186
292.95,1.183354333333323,1.2499648230173779,2.5455370108815756,0.06661048968405492,2591903.4695071625
293.0,1.17813583333333,1.3757453836162146,2.4846290018389987,0.19760955028288452,2469352.5107117835
293.05,1.1691775,1.498323304933124,2.4174570111875746,0.32914580493312395,2337639.3603759846
293.1,1.16021916666666,1.617392505793548,2.3443702351121867,0.4571733391268882,2198428.719711988
293.15,1.1510840782123,1.7326706727997139,2.2659037367466026,0.5815865945874139,2053727.8976808868
293.2,1.13328798882682,1.843895315686065,2.1821849173177728,0.710607326859245,1904772.40534767
293.25,1.11549189944134,1.9508044489137715,2.0933823136680143,0.8353125494724314,1752899.8044712197
293.3,1.09769581005585,2.053158672074839,2.0000860839707673,0.9554628620189891,1600137.7373174077
293.35,1.07687128888887,2.150745498210503,1.9027358015568872,1.0738742093216331,1448161.412210532
293.4,1.0521924,2.2433690561607573,1.8015933674091777,1.1911766561607573,1298295.4645970962
293.45,1.02751351111111,2.3308484486869996,1.6970661587536702,1.3033349375758896,1152013.4188747748
293.5,1.00283462222221,2.4130288003746174,1.5897248858753854,1.4101941781524074,1010890.0851086029
293.55,0.97396576666665,2.489780078271432,1.479931375404105,1.5158143116047822,876078.7503621945
293.6,0.9442988222222,2.5609864109960125,1.3680044603563637,1.6166875887738126,748574.4814219624
293.65,0.914631877777783,2.626553105871687,1.254430267150583,1.711921228093904,629438.1180573931
293.7,0.884149999999997,2.6864096059052645,1.1396640807223628,1.8022596059052676,519533.68675549934
293.75,0.851087499999994,2.7405049513330675,1.024022427284033,1.8894174513330735,419448.77263227303
293.8,0.818024999999987,2.788802752561122,0.907832473586121,1.9707777525611347,329663.920038998
293.85,0.784962499999981,2.8312857980912285,0.7914958820063337,2.0463232980912474,250586.29249319364
293.9,0.750210044444458,2.8679548575006084,0.6753081280768939,2.1177448130561505,182416.4271386874
293.95,0.714506988888896,2.8988229077833205,0.5594958515321004,2.1843159188944243,125214.24315265204
294.0,0.678803933333333,2.9239151341455636,0.444322565721614,2.2451112008122305,78969.0169637752
294.05,0.64301836666666,2.943270244753971,0.330051760698788,2.3002518780873107,43573.665896148006
294.1,0.605252533333319,2.9569379728516467,0.21683899212763014,2.3516854395183278,18807.659402770576
294.15,0.567486700000021,2.964974071601693,0.10481987059026508,2.397487371601672,4394.882108223967
294.2,0.5297208666666802,2.9674429871431585,-0.005819430920610602,2.4377221204764785,13.546310495903503
294.25,0.491278044444452,2.9644174299837824,-0.11494212764723165,2.4731393855393304,5284.677083228998
294.3,0.4519736,2.9559755099563954,-0.22246198277828086,2.5040019099563953,19795.73351265765
294.35,0.412669155555548,2.9421995657693127,-0.32828313611370435,2.5295304102137646,43107.92698265958
294.4,0.373364711111141,2.9231773890966903,-0.4322939662951538,2.5498126779855492,74751.22931807824
294.45,0.33357540000002284,2.899001684006242,-0.5344149903547503,2.565426284006219,114239.75276634713
294.5,0.293693733333348,2.8697684768877028,-0.6345819146746832,2.5760747435543547,161077.68257287474
294.55,0.253812066666674,2.8355772543030553,-0.7327242186511811,2.5817651876363814,214753.91223919354
294.6,0.214006446666664,2.796530915548991,-0.8287759444993574,2.582524468882327,274747.82647232077
294.65,0.174441641111133,2.7527356035369666,-0.9226720678314276,2.5782939624258336,340529.497902529
294.7,0.13487683555555796,2.7043005501445747,-1.014358613076434,2.569423714589017,411569.3583689387
294.75,0.095312029999982,2.65133723555609,-1.103796362477107,2.556025205556108,487346.56392707716
294.8,0.0566422999999711,2.5939595261716133,-1.1909181661563426,2.537317226171642,567314.4313924744
294.85,0.0184760499999638,2.5322853869372484,-1.2756424935061235,2.5138093369372845,650905.5084954081
294.9,-0.0196902,2.4664360397486362,-1.3579214580757568,2.486126239748636,737580.2745210357
294.95,-0.057784502222227085,2.3965345680740815,-1.4377211085325192,2.4543190702963087,826816.7943679905
295.0,-0.0941520577777916,2.3227069388874977,-1.514940531568765,2.4168589966652894,918017.9256759409
295.05,-0.130519613333354,2.2450851891069203,-1.5894796496383172,2.3756048024402743,1010578.2226457391
295.1,-0.166887168888916,2.1638043177778994,-1.661298268903384,2.3306914866668156,1103964.7753045522
295.15,-0.202386922222216,2.079002009705985,-1.730318273495905,2.281388931928201,1197600.53103754
295.2,-0.2367822,1.990821200165461,-1.796416008575274,2.227603400165461,1290844.1903462077
295.25,-0.271177477777784,1.899410646288518,-1.859499804937545,2.170588124066302,1383095.8098251072
295.3,-0.305572755555569,1.8049222938524934,-1.9195195501311593,2.1104950494080623,1473822.1213342913
295.35,-0.338527433333352,1.7075115675522614,-1.9763673268726853,2.0460390008856133,1562411.1242919536
295.4,-0.371207711111099,1.6073403692419372,-2.029927209397199,1.9785480803530362,1648241.79018044
295.45,-0.40388798888888267,1.504574564162605,-2.080144651187078,1.9084625530514876,1730800.707944884
295.5,-0.436283866666667,1.3993824837918758,-2.1269679629375036,1.8356663504585429,1809597.0861450057
295.55,-0.46777914444445,1.2919357695030937,-2.1703118723048176,1.7597149139475436,1884101.4492268972
295.6,-0.499274422222234,1.182410425388617,-2.2101086394997735,1.681684847610851,1953832.0793566161
295.65,-0.530769699999982,1.0709844468374137,-2.2463334698859443,1.6017541468373957,2018405.6231719307
295.7,-0.5618735111110986,0.9578372435235121,-2.2789489293232816,1.5197107546346107,2077443.288985493
295.75,-0.592757122222216,0.8431504177397601,-2.3079130535441346,1.435907539961976,2130585.0650877645
295.8,-0.623640733333333,0.7271071228310408,-2.3332065636425368,1.3507478561643738,2177541.147449846
295.85,-0.654507777777784,0.6098910226248866,-2.35482488407269,1.2643988004026707,2218080.093859183
295.9,-0.684977222222199,0.491686166736115,-2.3727518435453163,1.176663388958314,2251980.5244190786
295.95,-0.715446666666649,0.3726774884009793,-2.386980392072875,1.0881241550676284,2279070.1568561504
296.0,-0.7459161111111,0.2530494405485994,-2.3975308257037202,0.9989655516596994,2299261.624079825
296.05,-0.776039299999994,0.1329854823012993,-2.404417452467605,0.9090247823012934,2312489.3142923233
296.1,-0.8057218,0.012668679249513703,-2.4076458932985916,0.8183904792495138,2318703.499007029
296.15,-0.835404299999972,-0.10771870903907728,-2.407251261872545,0.7276855909608947,2317943.455114784
296.2,-0.8650867999999761,-0.2279971913993898,-2.4033020810550947,0.6370896086005863,2310344.3571214997
296.25,-0.893126633333325,-0.34798969620023057,-2.395800648706318,0.5451369371330944,2295944.2993366453
296.3,-0.920853577777783,-0.46751809010444056,-2.384749962294453,0.4533354876733424,2274812.9530653576
296.35,-0.948580522222242,-0.5864071057156984,-2.3702446115384386,0.36217341650654356,2247223.8074108013
296.4,-0.975469466666667,-0.7044862743721458,-2.3523632048903353,0.27098319229452117,2213445.059088772
296.45,-0.9997047444444489,-0.8215864889545687,-2.3310663634684636,0.17811825548988025,2173548.156357635
296.5,-1.02394002222223,-0.9375362541266314,-2.306370332201166,0.08640376809559847,2127737.643703087
296.55,-1.04817530000001,-1.0521694187900477,-2.2784281905878663,-0.003994118790037637,2076494.0078661994
296.6,-1.06933200000001,-1.1653251015993398,-2.2472484258919474,-0.09599310159932983,2020050.195069534
296.65,-1.088757,-1.2768392679557146,-2.2127694624876417,-0.1880822679557146,1958539.4776471385
296.7,-1.1081819999999998,-1.386548744229162,-2.175092305937291,-0.2783667442291622,1892410.6157390405
296.75,-1.12738177777778,-1.4942981861750333,-2.1343964529468367,-0.36691640839725337,1822259.2873408154
296.8,-1.14117622222223,-1.599936790212565,-2.090605880960967,-0.45876056799033504,1748253.1798034322
296.85,-1.15497066666667,-1.7033064794164858,-2.0436776602375586,-0.5483358127498159,1670647.351581625
296.9,-1.16876511111111,-1.8042560588763061,-1.993839564187708,-0.6354909477651962,1590158.4830880917
296.95,-1.1800284357541861,-1.902643745863619,-1.941200556753749,-0.7226153101094328,1507303.840616426
297.0,-1.18807033519553,-1.9983288633247758,-1.8857270614551889,-0.8102585281292458,1422386.6201217687
297.05,-1.19611223463687,-2.091170903898751,-1.8275203580003625,-0.8950586692618809,1335932.2635623093
297.1,-1.20415413407821,-2.181039603277527,-1.7668354023252997,-0.9768854691993172,1248682.9355640013
297.15,-1.20687816666667,-2.26781317730461,-1.7036751207907646,-1.06093501063794,1161003.5668805705
297.2,-1.2087365,-2.3513654676185975,-1.6380154324022753,-1.1426289676185974,1073237.8227152051
297.25,-1.21059483333333,-2.4315768336312207,-1.5700816229532886,-1.2209820002978906,986062.5210942529
297.3,-1.21040855555555,-2.508338445333435,-1.5000362486703174,-1.2979298897778853,900043.4989299674
297.35,-1.204403,-2.5815435513177096,-1.4277768965308058,-1.3771405513177097,815418.7465068556
297.4,-1.19839744444445,-2.6510793228246228,-1.3533077670373463,-1.4526818783801727,732576.7649294434
297.45,-1.1923918888888823,-2.7168418918840986,-1.2768914034774672,-1.5244500029952164,652180.6625098624
297.5,-1.17950216666666,-2.778735158955703,-1.1984775282964697,-1.599232992289043,574539.3543326461
297.55,-1.16306605555555,-2.836653223916147,-1.1178783464613293,-1.673587168360597,499860.79899484635
297.6,-1.14662994444443,-2.89048870487076,-1.035220861285044,-1.74385876042633,428672.89265589934
297.65,-1.12955166666667,-2.9401451279729853,-0.9507516139263802,-1.8105934613063153,361571.4525534467
297.7,-1.10241277777778,-2.9855306027257513,-0.8642881344344562,-1.8831178249479714,298797.59172967705
297.75,-1.07527388888889,-3.026538611737104,-0.7757037876698187,-1.951264722848214,240686.54648212128
297.8,-1.04813499999999,-3.0630706061435515,-0.685295726666281,-2.0149356061435615,187852.09319482645
297.85,-1.01713389999998,-3.095039898460626,-0.5931901865562365,-2.077905998460646,140749.83897064903
297.9,-0.981598900000017,-3.1223604259904194,-0.4993324574885198,-2.1407615259904023,99733.16124060977
297.95,-0.9460639000000101,-3.1449457612575396,-0.4038302431529617,-2.1988818612575294,65231.54611399206
298.0,-0.910528900000003,-3.1627206848920206,-0.30696052927452855,-2.252191784892018,37689.90661299948
298.05,-0.869122966666663,-3.175619592854247,-0.208757340534254,-2.306496626187584,17431.850890773792
298.1,-0.826761299999988,-3.1835742453356684,-0.10922235137685211,-2.3568129453356805,4771.808816115419
298.15,-0.784399633333361,-3.18652335681414,-0.008577526263585461,-2.402123723480779,29.429582720999345
298.2,-0.740215800000017,-3.1844164473973144,0.09300141090684384,-2.4442006473972975,3459.7049722654456
298.25,-0.690845800000014,-3.177207288277811,0.19553625407919817,-2.486361488277797,15293.770663729896
298.3,-0.641475800000005,-3.164847799247608,0.29897378607417796,-2.523371999247603,35754.129903811336
298.35,-0.592105799999995,-3.1472988709094314,0.403074872057633,-2.5551930709094366,64987.740993710875
298.4,-0.538384750000048,-3.1245305042014913,0.507764717722505,-2.586145754201443,103130.00342552607
298.45,-0.482422250000037,-3.096512616687465,0.6130422164685639,-2.614090366687428,150328.30366907583
298.5,-0.426459750000027,-3.06321918791568,0.7187465350253284,-2.636759437915653,206638.63264436624
298.55,-0.370181766666683,-3.024634606980245,0.8246533143187557,-2.654452840313562,272021.23552676337
298.6,-0.308961211111096,-2.9807512809876733,0.9307149434842332,-2.671790069876577,346492.1224099438
298.65,-0.24774065555558,-2.9315616484902014,1.0368656599184947,-2.6838209929346215,430036.1586872862
298.7,-0.1865200999999913,-2.8770671854552985,1.1428694002878492,-2.6905470854553073,522460.1864457233
298.75,-0.123872164444414,-2.817280187245138,1.2485454468212323,-2.6934080228007238,623546.2931112122
298.8,-0.0595486088888462,-2.7522201385863907,1.3537726115096302,-2.6926715296975443,733080.1134694417
298.85,0.0047749466667215,-2.681913275504524,1.4583799855911044,-2.686688222171245,850748.8729490839
298.9,0.0690985022222161,-2.6063962672415273,1.5621408078659935,-2.6754947694637434,976113.5614400876
298.95,0.13459318666667314,-2.5257163950942982,1.664870440246772,-2.660309581760971,1108717.433122992
299.0,0.200278520000019,-2.4399294279311063,1.7663886319527156,-2.6402079479311253,1248051.5196367144
299.05,0.265963853333364,-2.349101461902825,1.8664717794901005,-2.615065315236189,1393486.7614531768
299.1,0.331627072222266,-2.253310077504885,1.9648859476094658,-2.584937149727151,1544310.7148452594
299.15,0.397227349999981,-2.1526446898254648,2.06139137750195,-2.5498720398254457,1699733.764495755
299.2,0.46282762777777187,-2.047206807940767,2.155745320496195,-2.5100344357185387,1858895.1547364967
299.25,0.528427905555562,-1.937110092283406,2.247703825639317,-2.4655379978389678,2020868.9951174485
299.3,0.593363600000018,-1.8224808763772578,2.336996018621238,-2.4158444763772757,2184620.156420607
299.35,0.657956933333364,-1.7034596715779504,2.4233381538791403,-2.3614166049113146,2349027.123218544
299.4,0.722550266666636,-1.5802005345899746,2.506472763573397,-2.3027508012566105,2512962.2858141046
299.45,0.7869901999999792,-1.4528699907346594,2.5861526458257047,-2.2398601907346385,2675274.203004517
299.5,0.849026866666661,-1.3216484559744202,2.6620426150498484,-2.170675322641081,2834588.353736574
299.55,0.911063533333339,-1.186734231650473,2.733823600516207,-2.097797764983812,2989516.5914957593
299.6,0.973100200000018,-1.048338175049268,2.8012810386135882,-2.0214383750492857,3138870.1829184094
299.65,1.0329273333333,-0.9066830961591654,2.864121741581214,-1.9396104294924654,3281277.3402392827
299.7,1.09016066666664,-0.7620093882548853,2.921960615275695,-1.8521700549215252,3415141.5348889274
299.75,1.14739399999998,-0.6145750213618303,2.9745215276757375,-1.7619690213618102,3539111.3274425613
299.8,1.20462733333333,-0.46464773280914273,3.021653821505768,-1.6692750661424727,3652156.7268081647
299.85,1.25502605555556,-0.31250728057761823,3.062929413628748,-1.5675333361331782,3752614.6371488585
299.9,1.30431216666662,-0.15845988948789913,3.0979005689929817,-1.462772056154519,3838795.1741468157
299.95,1.3535982777777367,-0.0028243584027781155,3.1264450370542547,-1.3564226361805147,3909863.4278884716
300.0,1.39986333333332,0.1540744372804317,3.148380636936061,-1.2457888960528882,3964920.2540135677
300.05,1.43753,0.31189450968778476,3.16316700069879,-1.1256354903122152,4002250.1897239117
300.1,1.47519666666669,0.4702660421411404,3.170449479987476,-1.0049306245255496,4020699.9620611425
300.15,1.51286333333333,0.6288157272235733,3.170309966842885,-0.8840476061097566,4020346.114345334
300.2,1.540415500000004,0.7871673777071142,3.1623940049476627,-0.7532481222928897,4000294.337011567
300.25,1.56275716666668,0.9449164859435498,3.1461623565836727,-0.6178406807231301,3959335.0295936516
300.3,1.58509883333335,1.1016450303569592,3.1216177780400267,-0.48345380297639085,3897799.020870222
300.35,1.6063255,1.256943793807105,3.0890070095681756,-0.349381706192895,3816785.7220645295
300.4,1.61008383333333,1.410402072792939,3.0477815599915536,-0.1996817605403911,3715588.974969819
300.45,1.61384216666667,1.561571631953277,2.997538840405977,-0.052270534713392935,3594095.6398969633
300.5,1.6176005,1.710014058100298,2.9387835441865944,0.09241355810029805,3454579.4878327684
300.55,1.61148416666666,1.8553091529682868,2.8715813897800406,0.24382498630162686,3298391.871252428
300.6,1.59377583333332,1.9970242727258003,2.7955073560970183,0.40324843939248023,3125944.5511970166
300.65,1.57606750000001,2.1347143452475406,2.7107013392474957,0.5586468452475306,2939160.7002392667
300.7,1.5583591666666485,2.267961243471304,2.617905607999038,0.7096020768046556,2741371.9089571256
300.75,1.52184311111111,2.3963695794114996,2.516995284249152,0.8745264683003897,2534106.1043729875
300.8,1.48226533333332,2.5195226273624516,2.407796881231855,1.0372572940291316,2318994.328507939
300.85,1.44268755555554,2.637024004064002,2.2910818657347836,1.1943364485084618,2099622.4461995107
300.9,1.3982648044693,2.748517193391356,2.1675498765243746,1.350252388922056,1879308.9868883325
300.95,1.34005251396648,2.8536670418012813,2.0373038938772443,1.5136145278348012,1660242.8624029527
301.0,1.28184022346367,2.9521421485825123,1.9007299378052918,1.6703019251188422,1445109.7185877233
301.05,1.22362793296085,3.043651319740534,1.7588305770886263,1.8200233867796842,1237393.999560764
301.1,1.15764044198889,3.1279471865665447,1.612249906743801,1.9703067445776548,1039739.904718158
301.15,1.08799403314919,3.204806554878424,1.461481955463374,2.1168125217292344,854371.802458019
301.2,1.0183476243094098,3.2740389986507874,1.3073273195965782,2.2556913743413776,683641.8882254296
301.25,0.948379916666688,3.3354975937361275,1.1506672030357215,2.3871176770694396,529614.0048568201
301.3,0.873378527777785,3.3890744924104577,0.9921310519761084,2.5156959646326724,393729.60971808777
301.35,0.798377138888882,3.434689444516594,0.8323152278036838,2.636312305627712,277099.45537355926
301.4,0.723375750000064,3.4722966953400185,0.6719357600967726,2.7489209453399543,180599.066278731
301.45,0.648438474860378,3.501884355429502,0.5116319777446529,2.853445880569124,104706.91226036198
301.5,0.573576463687166,3.5234706230253425,0.351967741779729,2.9498941593381764,49552.5165014088
301.55,0.498714452513954,3.5370999660050506,0.19342970875671775,3.0383855134910966,14966.020891883461
301.6,0.423852441340741,3.542839322749087,0.03643172600966507,3.118986881408346,530.9082640173226
301.65,0.352265066666694,3.540776266963469,-0.11858277176357998,3.188511200296775,5624.749503653321
301.7,0.28112423333334696,3.531020544713774,-0.27123035335382306,3.249896311380427,29426.361832175884
301.75,0.2099834,3.513696542224643,-0.42128187020294217,3.303713142224643,70991.36566467544
301.8,0.140381438888876,3.4889392109620143,-0.568524767115237,3.3485577720731383,129288.1643293738
301.85,0.0747365777777529,3.4568954730432693,-0.7126858799959729,3.3821588952655164,203168.46541825368
301.9,0.0090917166667039,3.417725113570395,-0.8535791474594,3.4086333969036913,291438.9443910065
301.95,-0.05655314444441388,3.3715929023835574,-0.991153150722053,3.428146046827971,392953.8272745011
302.0,-0.117160527777767,3.3186678125798084,-1.1252481383513768,3.4358283403575753,506473.3491452957
302.05,-0.175397333333333,3.259129335530027,-1.2556694569261704,3.43452666886336,630682.3140229054
302.1,-0.2336341388889,3.1931629080583006,-1.382368999664193,3.4267970469472004,764377.6204930327
302.15,-0.291147911111074,3.120954472539731,-1.5053469106122912,3.4121023836508053,906427.7285159879
302.2,-0.340346799999972,3.042693823394372,-1.624389207326509,3.383040623394344,1055456.1187515375
302.25,-0.38954568888887,2.958584330237786,-1.739304836889575,3.348130019126656,1210072.5262509882
302.3,-0.438744577777768,2.868831773342317,-1.8501143362227472,3.307576351120085,1369169.2228387746
302.35,-0.483364266666673,2.7736432620254643,-1.9567016998393745,3.2570075286921374,1531472.616861719
302.4,-0.523023155555537,2.673236426814687,-2.0587992025123114,3.196259582370224,1695461.6625061317
302.45,-0.562682044444445,2.5678407629539612,-2.1562509061229957,3.1305228073984064,1859767.1880624963
302.5,-0.602340933333354,2.457689273169227,-2.249025851778865,3.060030206502581,2023246.9127878596
302.55,-0.633862022222245,2.3430210368273396,-2.3368285246377556,2.9768830590495847,2184307.021424268
302.6,-0.66427341111114,2.2240950608522185,-2.419312335269583,2.8883684719633584,2341228.870235025
302.65,-0.6946848,2.101180245474969,-2.4963693579370503,2.795865045474969,2492743.9884988163
302.7,-0.7226706111111079,1.9745512491641148,-2.567838782858759,2.6972218602752225,2637518.405901422
302.75,-0.74441922222223,1.844495850906045,-2.6333391211761796,2.588915073128275,2773789.9708467736
302.8,-0.766167833333346,1.7113218320775023,-2.6925701828846393,2.4774896654108485,2899973.6759037683
302.85,-0.787916444444461,1.5753445871995713,-2.745456591427395,2.3632610316440323,3015012.758164852
302.9,-0.804599055555553,1.4368861891988784,-2.791742729630472,2.2414852447544313,3117530.98737784
302.95,-0.818897666666667,1.2962858912965396,-2.8310952316833933,2.1151835579632063,3206040.0843441784
303.0,-0.83319627777778,1.1538942311962632,-2.8633949715467746,1.9870905089740432,3279612.305231742
303.05,-0.847023133333336,1.0100642876317893,-2.888622298207074,1.8570874209651254,3337655.5126796467
303.1,-0.855424800000005,0.8651535780284805,-2.906556380962128,1.7205783780284856,3379227.998284666
303.15,-0.863826466666664,0.7195330498762045,-2.917027788803109,1.5833595165428684,3403620.448259822
303.2,-0.8722281333333298,0.5735736433262051,-2.9201298526195534,1.4458017766595348,3410863.3424639576
303.25,-0.878629133333333,0.4276422850932759,-2.915900089224064,1.3062714184266089,3400989.3321347614
303.3,-0.882862744444445,0.2821062704313886,-2.9043136257909645,1.1649690148758336,3374015.0547820237
303.35,-0.887096355555557,0.13733183728949688,-2.8854735690953017,1.0244281928450538,3330383.0871790317
303.4,-0.891329966666664,-0.006324138728735662,-2.8596178750879986,0.8850058279379283,3270965.7566091204
303.45,-0.8931320888888876,-0.14851562681621774,-2.8269042517829934,0.7446164620726698,3196555.0594995064
303.5,-0.894602644444444,-0.28890323988809496,-2.7875123717004704,0.6056994045563491,3108090.0889532724
303.55,-0.8960732,-0.42716102141733997,-2.7417709456994444,0.46891217858266004,3006923.1674726503
303.6,-0.897024122222222,-0.5629803048527201,-2.690028664888956,0.33404381736950195,2894501.687169704
303.65,-0.896638844444445,-0.6960690415485359,-2.6325964822007375,0.2005698028959091,2772225.695238279
303.7,-0.896253566666667,-0.8261511402522064,-2.5698359355506635,0.07010242641446063,2641622.6942590214
303.75,-0.895868288888889,-0.9529712321903978,-2.502191317392885,-0.05710294330150878,2504384.5555345365
303.8,-0.8944513,-1.0762956322773474,-2.4300683274602832,-0.18184433227734742,2362092.8304502475
303.85,-0.8925488,-1.1959099563415576,-2.353858418170734,-0.3033611563415576,2216259.7811172917
303.9,-0.890646300000002,-1.3116207879816555,-2.274006521952937,-0.4209744879816535,2068442.264753797
303.95,-0.8886198444444454,-1.4232575650273573,-2.19097093794364,-0.5346377205829119,1920141.4603654537
304.0,-0.885167900000001,-1.53067119219682,-2.1051329908975105,-0.6455032921968189,1772633.9637460392
304.05,-0.881715955555555,-1.633730505632119,-2.016872028246094,-0.7520145500765639,1627109.1113286056
304.1,-0.878264011111108,-1.732325256334164,-1.9266210986566665,-0.854061245223056,1484747.5431156082
304.15,-0.873980733333333,-1.8263657242276263,-1.8347551789378718,-0.9523849908942933,1346530.6266557367
304.2,-0.868796844444443,-1.915779143259324,-1.7415898774898273,-1.0469822988148811,1213254.1205500127
304.25,-0.863612955555554,-2.000508710205739,-1.647462705820955,-1.136895754650185,1085653.346828361
304.3,-0.858429066666664,-2.080515379247324,-1.552731692726206,-1.22208631258066,964390.2838385557
304.35,-0.851258333333328,-2.1557759188472483,-1.457641802232739,-1.3045175855139202,849887.8494465231
304.4,-0.843816666666668,-2.226277226023388,-1.3624102276248564,-1.38246055935672,742464.6513347252
304.45,-0.836374999999999,-2.292019405114774,-1.26732469526676,-1.455644405114775,642444.7532931945
304.5,-0.828046433333331,-2.353016102252705,-1.1726219927417514,-1.5249696689193741,550016.9351446545
304.55,-0.817437266666662,-2.4092899411333297,-1.0784182441823795,-1.5918526744666677,465194.3637541625
304.6,-0.806828099999994,-2.4608686151258845,-0.9848539451766726,-1.6540405151258906,387974.91733202257
304.65,-0.796218933333337,-2.507789665596017,-0.8921475591453518,-1.7115707322626799,318370.9069156036
304.7,-0.7828081666666674,-2.550098927461899,-0.8003733605434715,-1.7672907607952317,256239.00650705994
304.75,-0.768079,-2.587842641594838,-0.7095360368173214,-1.819763641594838,201376.55501697247
304.8,-0.75334983333333,-2.6210699997260263,-0.6197450584555443,-1.8677201663926963,153633.5749920264
304.85,-0.7382623519553,-2.649836774486041,-0.5311301204359535,-1.9115744225307412,112839.6819337242
304.9,-0.719054251396655,-2.6742016451743704,-0.4436325979851496,-1.9551473937777155,78723.95279802135
304.95,-0.699846150837989,-2.6942178978374267,-0.35720551254714095,-1.9943717469994378,51038.31127762627
305.0,-0.680638050279322,-2.709941934981211,-0.2719615173802705,-2.0293038847018887,29585.226774311675
305.05,-0.659556513812142,-2.721434166745981,-0.18792387610393763,-2.061877652933839,14126.15328397124
305.1,-0.636601541436451,-2.728753485467938,-0.10503544621960192,-2.092151944031487,4412.977985020356
305.15,-0.613646569060786,-2.7319571624119883,-0.023313212688976945,-2.118310593351202,217.40235435259024
305.2,-0.5906915966850917,-2.731105683685396,0.05715721375686343,-2.1404140870003046,1306.7788337791112
305.25,-0.564895177777788,-2.7262617396230002,0.13640995502896858,-2.1613665618452123,7443.070332402092
305.3,-0.538711288888894,-2.7174841942029313,0.21449305004416114,-2.1787729053140374,18402.907406898805
305.35,-0.5125274,-2.704832970488232,0.2913447974577837,-2.192305570488232,33952.716402286795
305.4,-0.485682322222247,-2.688370990718691,0.36692066933988154,-2.202688668496444,53852.31103553068
305.45,-0.45713704444445497,-2.6681617359902035,0.44124711825545126,-2.2110246915457483,77879.60774749608
305.5,-0.428591766666662,-2.644267091013892,0.5143256465681383,-2.21567532434723,105812.34828709341
305.55,-0.40004648888887,-2.616751000035605,0.5860952138456811,-2.216704511146735,137403.03987712585
305.6,-0.370065441340756,-2.5856794038852238,0.6565551807381076,-2.215613962544468,172425.88214161966
305.65,-0.339408737430174,-2.551116894889916,0.7257308600352654,-2.211708157459742,210674.1124830104
305.7,-0.30875203351955777,-2.513128261017267,0.7935904423659477,-2.204376227497709,251914.3160858322
305.75,-0.277924027777781,-2.471780651452215,0.8600823387763876,-2.193856623674434,295896.6517900243
305.8,-0.245554305555552,-2.4271427002590205,0.9252139192668245,-2.1815883947034687,342408.3185620312
305.85,-0.213184583333324,-2.37928201757078,0.9889802526673349,-2.166097434237456,391232.7760663782
305.9,-0.180814861111133,-2.3282685876221514,1.0513120353566192,-2.1474537265110185,442102.7982742709
305.95,-0.14763631944446,-2.274175392064821,1.1121692386234192,-2.126539072620361,494768.1661360784
306.0,-0.113648958333343,-2.2170764443035114,1.1715397516935961,-2.1034274859701685,549002.1559193172
306.05,-0.0796615972222254,-2.1570470057027222,1.229375252269075,-2.077385408480497,604545.4043566608
306.1,-0.0456742361111079,-2.094165875502496,1.285593760875012,-2.048491639391388,661100.5272003032
306.15,-0.0108358750000297,-2.0285153753144285,1.3401478860681224,-2.0176795003143986,718398.5426131429
306.2,0.024097041666643483,-1.9601795691172297,1.3929935943210907,-1.9842766107838732,776172.4615278366
306.25,0.0590299583333168,-1.8892457878524085,1.4440535510872623,-1.9482757461857252,834116.263363093
306.3,0.0939318333333267,-1.8158053195153026,1.4932477572792509,-1.9097371528486293,891915.545847805
306.35,0.128761277777789,-1.7399534545718378,1.540495981679233,-1.868714732349627,949251.1478279455
306.4,0.163590722222211,-1.661789433050207,1.5857220160987702,-1.825380155272418,1005805.7249361393
306.45,0.19842016666667178,-1.5814161453836353,1.6288549591374957,-1.7798363120503071,1061267.3911627252
306.5,0.232256583333349,-1.4989406823472164,1.6697837101085196,-1.7311972656805654,1115271.055417509
306.55,0.265667416666689,-1.4144766133192608,1.7083825341512442,-1.6801440299859498,1167428.3531972107
306.6,0.299078250000028,-1.3281426051493967,1.7445711186491484,-1.6272208551494247,1217411.3552098963
306.65,0.33221833333333,-1.2400608717635373,1.7782778554239116,-1.5722792050968672,1264908.8524364266
306.7,0.36292166666667,-1.150359111661147,1.809327760008401,-1.5132807783278168,1309466.777254807
306.75,0.393625000000009,-1.059174956384492,1.8375664914916277,-1.452799956384501,1350660.24426114
306.8,0.424328333333348,-0.966649993562165,1.8629539000630722,-1.390978326895513,1388238.8935040843
306.85,0.453162777777796,-0.8729290522200402,1.8853730364274546,-1.3260918299978361,1421852.594595072
306.9,0.480128333333326,-0.778165325376968,1.9046350295763506,-1.258293658710294,1451053.8383557224
306.95,0.507093888888886,-0.6825196711280801,1.920650514586438,-1.1896135600169662,1475559.3596724598
307.0,0.534059444444447,-0.5861542630523013,1.9334274706251418,-1.1202137074967484,1495256.7136671734
307.05,0.556819000000006,-0.48923382171165203,1.942791995559793,-1.046052821711658,1509776.295204481
307.1,0.579111222222233,-0.39193485132397565,1.9485701413959151,-0.9710460735462086,1518770.2383758787
307.15,0.601403444444434,-0.2944359652524602,1.9507995602704276,-0.8958394096968942,1522247.5697405175
307.2,0.6220949166666577,-0.19691411646018356,1.9494765875838542,-0.8190090331268413,1520183.5862150355
307.25,0.639051305555554,-0.09955028260428028,1.9444361976081355,-0.7386015881598342,1512332.8506275136
307.3,0.656007694444446,-0.0025336036078348473,1.9356098802174175,-0.6585412980522808,1498634.243358114
307.35,0.672964083333338,0.09394962981777086,1.9231194040291675,-0.5790144535155671,1479355.2968614001
307.4,0.685826444444437,0.1897161722516763,1.9069000878363247,-0.49611027219276066,1454507.1779960732
307.45,0.696934222222217,0.2845753342710612,1.8868231603000978,-0.41235888795115583,1424040.6552979394
307.5,0.708041999999997,0.3783356249191656,1.8629747483623265,-0.32970637508083134,1388269.9652142695
307.55,0.718544833333333,0.47081248671775633,1.835507395625359,-0.24773234661557664,1347634.959758155
307.6,0.723603166666667,0.5618243766335337,1.804322132326677,-0.16177879003313334,1302231.3428815545
307.65,0.728661499999996,0.6511820096565683,1.769375800401473,-0.07747949034342771,1252276.2892185415
307.7,0.7337198333333266,0.7387032125514897,1.7309050964944712,0.004983379218163164,1198412.981228214
307.75,0.73579275,0.8242154501182757,1.689011056018371,0.08842270011827569,1141103.3389409173
307.8,0.73488025,0.9075468166755556,1.6436676854134395,0.17266656667555558,1080657.3840289495
307.85,0.733967749999999,0.9885270401279327,1.595013600246761,0.25455929012793366,1017627.3539888537
307.9,0.73305525,1.066997854849009,1.543340002936291,0.33394260484900906,952759.3458653563
307.95,0.7270539999999973,1.1428115077619467,1.4886952090950885,0.4157575077619494,886485.3702330678
308.0,0.72048733333333,1.215818495697338,1.43111723163711,0.49533116236400787,819238.6122754661
308.05,0.713920666666662,1.285879183296841,1.370895698976991,0.571958516630179,751742.006989445
308.1,0.705830833333323,1.35286800821553,1.308270224305085,0.647037174882207,684628.3919213109
308.15,0.694186944444446,1.4166672992463882,1.2433102547778916,0.7224803548019423,618328.1558543463
308.2,0.682543055555555,1.4771626230409811,1.176164656763637,0.7946195674854262,553345.3199279696
308.25,0.670899166666663,1.5342525847735446,1.107147203870733,0.8633534181068816,490309.97241551307
308.3,0.656219611111104,1.5878488468748162,1.0364196249291382,0.9316292357637121,429666.2555753022
308.35,0.640239055555545,1.6378677583456458,0.9640839914720462,0.9976287027901009,371783.17704506894
308.4,0.624258500000004,1.684234519610162,0.8903837443103968,1.059976019610158,317113.2848528808
308.45,0.6079166666666642,1.7268880477391384,0.8155974359733258,1.1189713810724742,266079.6710265053
308.5,0.588323333333332,1.7657781665749066,0.7398450403575844,1.1774548332415746,218948.27349668625
308.55,0.568729999999994,1.8008587586366522,0.6632639613408413,1.2321287586366583,175967.63296541802
308.6,0.549136666666657,1.8320954210493192,0.586133209036722,1.2829587543826624,137420.85549427423
308.65,0.528047500000011,1.8594662316790511,0.5086506745200469,1.3314187316790402,103490.20347587945
308.7,0.505462500000006,1.8829566680513494,0.43093792035834705,1.3774941680513435,74282.99648111084
308.75,0.482877500000002,1.9025592242712226,0.3531757845292,1.4196817242712205,49893.25391112637
308.8,0.460292499999998,1.9182773380347764,0.2755976630939715,1.4579848380347784,30381.628761143285
308.85,0.435385499999993,1.9301239713014695,0.19831740046674146,1.4947384713014764,15731.91653115436
308.9,0.410220500000017,1.93811562149383,0.12142831580020824,1.527895121493813,5897.934351230041
308.95,0.38505550000001126,1.9422764036946745,0.04511384131615835,1.5572209036946631,814.1034713198065
309.0,0.359279333333341,1.9426391448296216,-0.03047351109818032,1.5833598114962806,371.45395146036765
309.05,0.332077111111114,1.9392424870955578,-0.10525574946877451,1.6071653759844438,4431.509118493371
309.1,0.304874888888886,1.9321286224901124,-0.17913597298967626,1.6272537336012265,12835.878727583207
309.15,0.27767266666669,1.9213464247978982,-0.2519651343723512,1.6436737581312082,25394.571575710794
309.2,0.24940068715085245,1.9069511808603055,-0.3236507248880508,1.657550493709453,41899.9166882243
309.25,0.220670240223468,1.8890015368059045,-0.3941260419479494,1.6683312965824366,62134.13477662272
309.3,0.191939793296083,1.867560544140466,-0.4632841664899543,1.675620750844383,85852.88756811668
309.35,0.163184697237552,1.8426970495131194,-0.5310073821684369,1.6795123522755675,112787.53596695057
309.4,0.134248840883985,1.8144854275150624,-0.5971941497028594,1.6802365866310773,142656.34097572853
309.45,0.10531298453038399,1.7830048306351236,-0.6617500673650877,1.6776918461047396,175165.2606630792
309.5,0.0763771281767838,1.7483391726930746,-0.7245818208574826,1.6719620445162908,210007.526046858
309.55,0.0476721329608769,1.7105769659789267,-0.7855955413222895,1.6629048330180498,246864.1418181844
309.6,0.0191979988826629,1.6698114984848462,-0.8446974777566582,1.6506134996021833,285405.531571384
309.65,-0.0092761351955186,1.6261403264531848,-0.9018138608388049,1.6354164616487035,325307.29584039655
309.7,-0.03775026927373033,1.5796641361790105,-0.956889697430873,1.6174144054527408,366255.1572197391
309.75,-0.0643986933333283,1.5304874894687592,-1.0097986618828,1.5948861828020875,407877.3350161175
309.8,-0.09088836,1.4787224296541777,-1.0604187778131673,1.5696107896541776,449795.19373550854
309.85,-0.117378026666672,1.4244843503229294,-1.108715176549096,1.5418623769896014,491699.73708411714
309.9,-0.142964422222204,1.3678907024287383,-1.15462479809823,1.5108551246509423,533263.3697533514
309.95,-0.166631366666653,1.3090640265563471,-1.1980057980741532,1.4756953932230001,574087.1568877154
310.0,-0.190298311111102,1.248133834270101,-1.2387645144531567,1.438432145381203,613815.008907346
310.05,-0.213965255555551,1.1852313561290502,-1.2768967728993201,1.399196611684601,652186.1474562793
310.1,-0.2351206,1.1204898305195061,-1.3122894308129918,1.3556104305195062,688841.4200893943
310.15,-0.255299211111092,1.0540505364110475,-1.3447953319907158,1.3093497475221394,723389.7939776079
310.2,-0.27547782222220646,0.9860588361005419,-1.3743894636515446,1.2615366583227483,755578.5591185521
310.25,-0.295215733333325,0.9166600355241925,-1.4010775404946338,1.2118757688575175,785207.309791397
310.3,-0.311721844444444,0.8460017673794443,-1.4247256497062422,1.1577236118238883,811937.2707723496
310.35,-0.328227955555563,0.7742397869092702,-1.4452354745658815,1.1024677424648333,835482.2307774676
310.4,-0.344734066666664,0.701529526992562,-1.4626675419412067,1.046263593659226,855758.5352993327
310.45,-0.3594404000000001,0.6280245986426969,-1.4770065512108939,0.987464998642697,872619.3409279595
310.5,-0.372485400000005,0.5538817892373793,-1.4881713361174091,0.9263671892373844,885861.5702565899
310.55,-0.385530400000007,0.47926013033734954,-1.4961766630912121,0.8647905303373565,895417.8428715018
310.6,-0.39857540000001,0.40431513054666235,-1.5011218736987195,0.8028905305466724,901346.7518787017
310.65,-0.409056411111109,0.3291992464650073,-1.5029895498294301,0.7382556575761163,903591.0347585892
310.7,-0.41931446666666694,0.2540677710424661,-1.501761720832032,0.673382237709133,902115.3064625544
310.75,-0.429572522222224,0.1790728427782638,-1.497547906937018,0.6086453650004877,897059.8934285773
310.8,-0.439245511111114,0.10436117105650222,-1.4904428380148607,0.5436066821676162,888567.9413559169
310.85,-0.447675233333338,0.030076100404706485,-1.4804855966244828,0.47775133373804446,876735.0407250202
310.9,-0.456104955555552,-0.043641078005813905,-1.4677498323202085,0.4124638775497381,861715.8281104
310.95,-0.4645346777777752,-0.11665486374311224,-1.4523730519384124,0.34787981403466295,843754.9927987594
311.0,-0.4722786,-0.1888361535298302,-1.4344627685476967,0.2834424464701698,823073.3737398091
311.05,-0.479755822222224,-0.2600605763862323,-1.4141188382319352,0.2196952458359917,799892.8354569753
311.1,-0.487233044444447,-0.3302097693268226,-1.3914789545154935,0.15702327511762437,774485.4723438123
311.15,-0.494641999999996,-0.39917270751577866,-1.3666932940573837,0.09546929248421732,747140.2240085689
311.2,-0.501550333333331,-0.46684546565920515,-1.339889734623737,0.03470486767412584,718121.8003800274
311.25,-0.508458666666665,-0.5331302732589767,-1.3112015896059357,-0.024671606592311712,687699.843434053
311.3,-0.515367,-0.5979368402522838,-1.2807861333926536,-0.08256984025228375,656165.2477963617
311.35,-0.521878977777779,-0.6611823637013959,-1.2487790131281427,-0.1393033859236169,623779.6094517192
311.4,-0.528025088888884,-0.7227901437314098,-1.2152956208720336,-0.19476505484252582,590777.3784442967
311.45,-0.534171199999997,-0.782689518840221,-1.1804672482026894,-0.24851831884022402,557401.169631692
311.5,-0.540317311111109,-0.8408168565294656,-1.1444375347168503,-0.30049954541835655,523894.9083475128
311.55,-0.54524621111111,-0.8971145715822206,-1.1072854071824545,-0.3518683604711106,490432.38918368565
311.6,-0.550069266666667,-0.9515278976330086,-1.069082719313929,-0.4014586309663416,457175.144294266
311.65,-0.554892322222218,-1.004007461738498,-1.0299565541086282,-0.44911513951628,424324.2013405278
311.7,-0.5590572444444414,-1.0545097662410785,-0.9900028042364633,-0.4954525217966371,392042.2209584244
311.75,-0.561823633333333,-1.102994405457933,-0.9492486986503698,-0.5411707721246001,360429.2367557682
311.8,-0.564590022222223,-1.1494223234220482,-0.9077554179898046,-0.5848323011998252,329607.95955593797
311.85,-0.567356411111113,-1.1937597564618474,-0.8656502812417258,-0.6264033453507344,299740.1637655516
311.9,-0.5680978,-1.2359776276066723,-0.8229617316848058,-0.6678798276066723,270906.40472706174
311.95,-0.568051688888889,-1.2760461303767636,-0.7796849506154756,-0.7079944414878746,243163.44888650265
312.0,-0.568005577777778,-1.3139378928251166,-0.7359138590699291,-0.7459323150473386,216627.68318847817
312.05,-0.567529933333331,-1.349631086552383,-0.6917564688430616,-0.782101153219052,191410.80487448868
312.1,-0.563904377777775,-1.3831063738938154,-0.6471691386851528,-0.8192019961160404,167531.15762659302
312.15,-0.560278822222223,-1.4143405532520485,-0.6021342449343146,-0.8540617310298255,145026.25956904684
312.2,-0.5566532666666645,-1.4433145087644759,-0.5567811806203202,-0.8866612420978114,124002.11323718306
312.25,-0.550834177777776,-1.4700137135293898,-0.5111303156755446,-0.9191795357516138,104501.67984103273
312.3,-0.542990288888886,-1.494421368460351,-0.46510880019962364,-0.9514310795714649,86530.47840925337
312.35,-0.535146399999995,-1.5165189978965998,-0.41875081422661764,-0.9813725978966048,70140.8977661821
312.4,-0.527302511111114,-1.5362929630786382,-0.37218294003066976,-1.0089904519675241,55408.05633994925
312.45,-0.5153643666666685,-1.5537326736600758,-0.32533825201832545,-1.0383683069934073,42337.99129053578
312.5,-0.5030702,-1.5688209695374704,-0.27814400255161686,-1.0657507695374704,30945.634462173537
312.55,-0.490776033333331,-1.581543288795977,-0.23072216989572017,-1.0907672554626462,21293.087872555825
312.6,-0.477078133333327,-1.5918906035184825,-0.18314519469520735,-1.1148124701851556,13416.864935978163
312.65,-0.460397300000009,-1.5998541961337147,-0.1353516655524705,-1.1394568961337057,7328.0293471311315
312.7,-0.44371646666667297,-1.6054223862308592,-0.08735461429436901,-1.1617059195641861,3052.3314554071917
312.75,-0.427035633333336,-1.6085888004099274,-0.03930556410092621,-1.1815531670765913,617.9709477168078
312.8,-0.4075468,-1.6093524076720078,0.00877564743503221,-1.2018056076720078,30.804795161594956
312.85,-0.386965966666663,-1.6077102838428872,0.056914458608596924,-1.2207443171762242,1295.702239483877
312.9,-0.366385133333349,-1.6036617569366765,0.10500635274730323,-1.2372766236033275,4410.53364691643
312.95,-0.3454075333333437,-1.5972126286687245,0.15292020400104747,-1.2518050953353808,9353.83551668879
313.0,-0.32152031111112,-1.5883726038871373,0.20066227586064547,-1.2668522927760173,16106.139581429512
313.05,-0.297633088888893,-1.5771495176102368,0.2482181837027313,-1.2795164287213439,24644.906688273142
313.1,-0.273745866666667,-1.563556291415968,0.29544452836236723,-1.289810424749301,34914.98773570464
313.15,-0.248742088888909,-1.5476120096654191,0.34225468519345115,-1.2988699207765102,46855.307814747335
313.2,-0.22270764444445199,-1.5293384001701609,0.38861065104218284,-1.3066307557257089,60407.295241371685
313.25,-0.196673199999994,-1.508759993250165,0.4344242754034935,-1.312086793250171,75489.78042394014
313.3,-0.170638755555536,-1.4859072136595741,0.4795639711404509,-1.3152684581040381,91992.6409663997
313.35,-0.143931407777752,-1.4608164541601287,0.5239325649350267,-1.3168850463823767,109802.13303975838
313.4,-0.117165546666667,-1.4335283561540204,0.5674377206501593,-1.3163628094873534,128794.22672665928
313.45,-0.09039968555555083,-1.4040890659961647,0.6099603907693101,-1.3136893804406138,148820.6713229798
313.5,-0.0639219755555458,-1.3725508568849238,0.6513713340031864,-1.308628881329378,169713.84590443622
313.55,-0.038056586666652,-1.3389729653071112,0.6915211086783669,-1.3009163786404592,191280.5774991031
313.6,-0.0121911977777581,-1.30342189008803,0.7302829905239723,-1.291230692310272,213325.29849945448
313.65,0.0136741911111062,-1.265969307366005,0.7675672084971684,-1.2796434984771112,235663.76782405426
313.7,0.037647952513963454,-1.2266925804003417,0.8032079332166402,-1.2643405329143051,258057.1935928587
313.75,0.0608860810055857,-1.185678987536756,0.8370212241339883,-1.2465650685423417,280241.8118603041
313.8,0.0841242094972071,-1.1430223288811903,0.8689230687195391,-1.2271465383783973,302010.91974119237
313.85,0.106735711111113,-1.0988196976063298,0.8988447442480217,-1.2055554087174427,323168.7497049166
313.9,0.125497933333317,-1.0531747682319839,0.9265529279125283,-1.178672701565301,343400.1312893115
313.95,0.14426015555554295,-1.0062043941637187,0.9518623427561155,-1.1504645497192616,362416.76782286423
314.0,0.163022377777769,-0.9580284787427451,0.9747755599811228,-1.1210508565205142,380074.95693460456
314.05,0.178668199999999,-0.9087690208083039,0.995158773143266,-1.087437220808303,396136.3935056041
314.1,0.191659311111116,-0.8585588034174881,1.0127707191355122,-1.050218114528604,410281.81181530503
314.15,0.204650422222219,-0.8075394826575456,1.0275310291635769,-1.0121899048797647,422328.0063575838
314.2,0.21764153333332972,-0.755852363516804,1.039491938695739,-0.9734938968501337,432217.39624537044
314.25,0.224309577777781,-0.7036408802147287,1.048418871188921,-0.9279504579925097,439672.85178602056
314.3,0.230574022222226,-0.6510648529100558,1.0540837974441661,-0.8816388751322818,444437.0608137255
314.35,0.236838466666672,-0.59828545773815,1.056571817742284,-0.835123924404822,446537.6024188937
314.4,0.240744916666667,-0.5454605750163867,1.0558865536782942,-0.7862054916830536,445958.5656954501
314.45,0.24007408333333294,-0.49275297016697206,1.0518325805692386,-0.732827053500305,442540.7110187775
314.5,0.23940325,-0.44033444151276935,1.0443516768625278,-0.6797376915127693,436268.16998622945
314.55,0.238732416666666,-0.388372023962659,1.0336179167693624,-0.627104440629325,427346.39914665464
314.6,0.233262888888884,-0.3370276360545733,1.019586174391859,-0.5702905249434573,415822.38680441055
314.65,0.226107333333335,-0.28647011553912494,1.0021524332681682,-0.5125774488724599,401723.79980212415
314.7,0.21895177777777713,-0.23686671862197672,0.9814592204416286,-0.45581849639975386,385304.8805559557
314.75,0.211050799999999,-0.18837527651048114,0.9577010842732901,-0.3994260765104801,366876.5467272943
314.8,0.198570799999996,-0.14114803372824547,0.9308582136404929,-0.33971883372824146,346598.8055607878
314.85,0.186090799999994,-0.09534031766673431,0.9009633348584687,-0.28143111766672835,324693.9723037173
314.9,0.173610800000006,-0.05109822010012833,0.8682769103554151,-0.22470902010013433,301561.9172225382
314.95,0.15912035000000296,-0.008556421669318783,0.832962775237725,-0.16767677166932174,277530.7939726931
315.0,0.142917294444446,0.03215571701327061,0.7951081496392652,-0.1107615774311754,252878.78784911046
315.05,0.126714238888887,0.07091526017547083,0.7549051227664716,-0.05579897871341617,227952.69775162463
315.1,0.110511183333329,0.1076117058501373,0.7126302489198881,-0.0028994774831917064,203136.74867024866
315.15,0.0925169055555676,0.14214690351397238,0.6684723870193632,0.04962999795840478,178742.1328829461
315.2,0.07440829444445299,0.17443069035605877,0.6226188016612757,0.10002239591160578,155061.66887284917
315.25,0.0562996833333385,0.20438510058414253,0.5753436562699288,0.14808541725080404,132408.12912402
315.3,0.0381996950000017,0.23194597733094768,0.5269231119580848,0.19374628233094598,111059.18636623694
315.35,0.0201164449999983,0.2570628547114109,0.4776283401139211,0.2369464097114126,91251.53251199178
315.4,0.0020331950000153,0.2796986414663083,0.42772244558740286,0.277665446466293,73178.59618370752
315.45,-0.016050054999986747,0.2998291457214788,0.37745828216563054,0.3158792007214655,56989.9019101715
315.5,-0.0330352683333293,0.31744342914166124,0.3271302828556532,0.35047869747499055,42805.68878448787
315.55,-0.0496346850000044,0.33254607629652677,0.2770350773367194,0.38218076129653117,30699.37362998484
315.6,-0.0662341016666795,0.3451546232204631,0.2273997480505021,0.4113887248871426,20684.258165372732
315.65,-0.0824607488888902,0.3552972647811909,0.17843585596924472,0.4377580136700811,12735.741878190818
315.7,-0.09639752666667055,0.3630145217752725,0.13044897826578356,0.45941204844194306,6806.774372234749
315.75,-0.110334304444451,0.36836289147048934,0.08370460111143913,0.4786971959149403,2802.5840988900545
315.8,-0.124271082222231,0.37140802208932505,0.03834149701824557,0.49567910431155604,588.0281574400535
315.85,-0.136377200000009,0.3722236471586101,-0.005426681396842187,0.5086008471586191,11.779548393133227
315.9,-0.146923866666666,0.37089646261855186,-0.04732965188883893,0.5178203292852178,896.0383791674699
315.95,-0.1574705333333339,0.36752451015567283,-0.08720386435576838,0.5249950434890067,3041.8055834317006
316.0,-0.168017200000003,0.3622111654416568,-0.12497360815505008,0.5302283654416599,6247.3610941168
316.05,-0.174988472222225,0.3550661737452515,-0.16040350242900192,0.5300546459674765,10291.71343659633
316.1,-0.181731527777782,0.34621355428741957,-0.1932700195510425,0.5279450820652016,14941.32018290414
316.15,-0.18847458333332934,0.33578248942128014,-0.2235384132775183,0.5242570727546094,19987.76888425223
316.2,-0.193821372222222,0.32390433213990555,-0.2511308906095743,0.5177257043621275,25226.689687343183
316.25,-0.196457761111111,0.31071718904458284,-0.27585756979456616,0.5071749501556938,30438.959525185575
316.3,-0.199094150000001,0.2963680088093271,-0.2976192097047037,0.4954621588093281,35430.87759410095
316.35,-0.20173053888889,0.28100390736428454,-0.31646341173572407,0.4827344462531745,40059.63638696577
316.4,-0.2010268555555546,0.2647719732436383,-0.3322907860557089,0.46579882879919293,44166.86659900836
316.45,-0.199149633333334,0.24782734485957192,-0.34496818672412116,0.44697697819290594,47601.21994069125
316.5,-0.197272411111111,0.23032689382102342,-0.35454185275851013,0.4275993049321344,50279.97014297483
316.55,-0.194712066666666,0.2124235516606923,-0.36109259133445354,0.4071356183273583,52155.14380665227
316.6,-0.187955399999998,0.19426987695635614,-0.36450995824224575,0.3822252769563541,53147.00386310549
316.65,-0.181198733333338,0.17602573248581982,-0.36473695685836255,0.3572244658191578,53213.219079319606
316.7,-0.17444206666667,0.15784675305189483,-0.36192975432574703,0.33228881971856483,52397.25882651824
316.75,-0.164965450000003,0.13988283718449107,-0.35611831438300656,0.3048482871844941,50728.10153559756
316.8,-0.15317183888889,0.12228614812115354,-0.34723375616459623,0.27545798701004354,48228.51256806971
316.85,-0.141378227777777,0.10520939116287303,-0.33535341908764266,0.24658761894065004,44984.76627750884
316.9,-0.1295846166666717,0.08879746227441888,-0.3206736912968238,0.21838207894109057,41132.646515972265
316.95,-0.113197565000011,0.07318904001693381,-0.30317378987507276,0.18638660501694482,36765.73874688591
317.0,-0.0965173150000079,0.05852735514398414,-0.282837642059743,0.15504467014399204,31998.85270636612
317.05,-0.0798370650000047,0.04494891886716951,-0.25988286684594775,0.12478598386717421,27015.641792027443
317.1,-0.0617006148333331,0.03257995426139866,-0.23447512509028823,0.09428056909473176,21991.433714442523
317.15,-0.040737423166679526,0.021541683261751477,-0.20665115622122246,0.062279106428431,17081.880147027237
317.2,-0.0197742315000024,0.011953104868281736,-0.17653092044762778,0.031727336368284134,12465.266349634676
317.25,0.0011889601666747,0.003922507257711091,-0.1443752740348906,0.0027335470910363905,8337.6879010599
317.3,0.0246413926111272,-0.0024528162092399795,-0.11032316776862314,-0.02709420882036718,4868.480538601507
317.35,0.0489684231666874,-0.007079898110219654,-0.07447584692472187,-0.05604832127690705,2218.660710061841
317.4,0.07329545372222024,-0.009874211520279372,-0.03705633068000066,-0.08316966524249961,549.2686573862233
317.45,0.0979384172222248,-0.010763422108688392,0.0016905948246484712,-0.10870183933091318,1.1432443444512779
317.5,0.124522111666674,-0.009685448187712511,0.04162032700536309,-0.1342075598543865,692.9006480133424
317.55,0.151105806111124,-0.006584334102304978,0.08257436109363156,-0.15769014021342898,2727.4100440085813
317.6,0.177689500555573,-0.0014150710629436923,0.1243058361675417,-0.1791045716185167,6180.776362124688
317.65,0.20482979999999254,0.0058556643012160105,0.16660303417140213,-0.19897413569877653,11102.628398046954
317.7,0.232444244444442,0.015251604367051409,0.20928336295303712,-0.2171926400773906,17519.81040357307
317.75,0.260058688888891,0.026786971681367937,0.2521428309673648,-0.23327171720752307,25430.402883294835
317.8,0.287673133333341,0.04046519544231152,0.29496163818982357,-0.24720793789102946,34800.94720144976
317.85,0.31494186666668,0.05627863505822131,0.3375113617698768,-0.2586632316084587,45565.56772950266
317.9,0.34218853333332,0.07420816822525897,0.37957219486109023,-0.267980365108061,57630.02044466619
317.95,0.369435199999992,0.09422447097618689,0.42095097779216345,-0.27521072902380517,70879.8902816714
318.0,0.39608733519553,0.11628837556224969,0.46143749258714517,-0.27979895963328033,85169.82382604467
318.05,0.421585379888277,0.1403491241457051,0.5007795976867228,-0.2812362557425719,100312.08218371034
318.1,0.447083424581024,0.16634380838911536,0.5387712747378358,-0.2807396161919087,116109.79459305301
318.15,0.47258146927373884,0.19420147597562853,0.5752776358087704,-0.2783799932981103,132377.74330469134
318.2,0.49527955555556,0.22384253381548833,0.6100435186572579,-0.27143702174007167,148861.23786229128
318.25,0.517093444444453,0.2551722296136092,0.6427949245943886,-0.26192121483084385,165274.12603372228
318.3,0.538907333333346,0.2880864742892904,0.6734143822021065,-0.25082085904405554,181394.7720626579
318.35,0.559874866666679,0.3224764414695113,0.7018015006698276,-0.23739842519716764,197010.1385369688
318.4,0.57639903333333,0.3582244102258091,0.7276576523625352,-0.2181746231075209,211794.26361670246
318.45,0.5929232,0.3951961709208837,0.7507525524819461,-0.19772702907911627,225451.75802326284
318.5,0.60944736666667,0.43325366153987693,0.7710879837217507,-0.17619370512679305,237830.67145602996
318.55,0.622173488888893,0.47225610173797095,0.7884928117729703,-0.14991738715092207,248688.3656870579
318.6,0.631915433333339,0.5120491905589178,0.8026737703953736,-0.11986624277442115,257714.07267228997
318.65,0.641657377777774,0.5524683180761012,0.8135457138103853,-0.08918905970167279,264742.6513836998
318.7,0.65139932222222,0.5933498175371581,0.8211815818598508,-0.05804950468506187,269735.67615433875
318.75,0.653661,0.6345278684596671,0.8253031236203385,-0.019133131540332915,272450.0983429951
318.8,0.655611,0.675817230247915,0.8256514292227377,0.020206230247914903,272680.1130310198
318.85,0.657561000000001,0.7170322091132044,0.8223522445125108,0.05947120911320347,270505.2856219057
318.9,0.6565862999999981,0.7579918252460106,0.8154165072256706,0.10140552524601254,265961.6321024449
318.95,0.650412133333336,0.7985095604928731,0.8046244827938566,0.1480974271595371,258968.22332451248
319.0,0.644237966666668,0.8383892129931296,0.7899293501862955,0.19415124632646164,249595.3513142972
319.05,0.6380638,0.8774411249306268,0.7715523458615215,0.2393773249306268,238117.20896176677
319.1,0.626039955555553,0.9154821754184631,0.7494404728848715,0.2894422198629101,224664.40895915995
319.15,0.612168844444455,0.9523209711597529,0.7234770280892528,0.34015212671529793,209367.604069143
319.2,0.598297733333341,0.987768758559123,0.6938463133259121,0.38947102522578203,192569.0826063839
319.25,0.583350888888897,1.0216482502715722,0.6607744238818378,0.4382973613826753,174649.1357025499
319.3,0.562756444444448,1.0537881554944364,0.624220648350992,0.49103171104998844,155860.56713109312
319.35,0.542162,1.084012796670797,0.58421529860294,0.541850796670797,136523.00604868893
319.4,0.5215675555555715,1.1121572872197292,0.5410654874090433,0.5905897316641576,117100.74466607421
319.45,0.497889066666682,1.1380695491027193,0.4949279550260367,0.6401804824360373,97981.47226650185
319.5,0.471787400000002,1.1616010941086194,0.4458510175357308,0.6898136941086175,79513.25193505861
319.55,0.445685733333322,1.1826090711984698,0.3940386582396119,0.7369233378651479,62106.585674909475
319.6,0.419584066666642,1.2009646795768363,0.3398087974118536,0.7813806129101943,46188.007519396066
319.65,0.38969866666666686,1.2165519005322742,0.28329604840916084,0.8268532338656074,32102.660417698244
319.7,0.359655611111105,1.2292584880320538,0.22463480988855308,0.8696028769209488,20184.319125466554
319.75,0.329612555555544,1.2389847912322505,0.16413732021258104,0.9093722356767064,10776.423954626945
319.8,0.298706499999982,1.2456461510767365,0.10207494048985952,0.9469396510767545,4167.717390403345
319.85,0.266266222222198,1.2491694381669003,0.03864101752342433,0.9829032159447023,597.2512940982346
319.9,0.23382594444445098,1.2494912304424324,-0.02593542077750635,1.0156652859979813,269.0584203625233
319.95,0.201385666666667,1.2465617099452544,-0.09136431960776935,1.0451760432785875,3338.97555895625
320.0,0.168175002222216,1.2403446181964268,-0.1574052546578878,1.072169615974211,9910.565677565803
320.05,0.134721057777765,1.2308146201290173,-0.2238414401873704,1.0960935623512524,20041.996138062448
320.1,0.101267113333314,1.21795789158341,-0.29043404517316945,1.1166907782500959,33740.773838260255
320.15,0.06784717777779059,1.2017725732812021,-0.35694664535758175,1.1339253955034114,50964.36305281249
320.2,0.0346057888888952,1.1822684075864542,-0.4231498485440591,1.1476626186975591,71622.31772914407
320.25,0.0013644,1.159466316467389,-0.4888306935854396,1.1581019164673891,95582.17879648878
320.3,-0.0318769888888952,1.1333972539673658,-0.5537978312346544,1.165274242856261,122676.81515208271
320.35,-0.0643387022222343,1.1041020313116934,-0.6178363992433072,1.1684407335339277,152688.72649197414
320.4,-0.09618781333331519,1.0716329322957778,-0.6807170819842664,1.167820745629093,185350.2982820698
320.45,-0.128036924444432,1.0360526449160388,-0.7422595038392493,1.1640895693604707,220379.6684158754
320.5,-0.15988603555555,0.9974316642266785,-0.8023220148213903,1.1573176997822285,257488.2461868221
320.55,-0.1897336,0.9558488534828224,-0.8606813396754162,1.1455824534828225,296308.9473861877
320.6,-0.219497766666672,0.9113954531805574,-0.917126389245659,1.1308932198472295,336448.32554031204
320.65,-0.24926193333330987,0.8641699029634161,-0.9715512560663123,1.113431836296726,377564.7372656117
320.7,-0.278047799999985,0.8142762827237159,-1.0238201499162922,1.0923240827237009,419283.0797498476
320.75,-0.305094466666656,0.7618272032975909,-1.0737316270511699,1.066921669964247,461159.842771981
320.8,-0.332141133333328,0.7069447370029672,-1.1211472831853042,1.0390858703362953,502788.4922375155
320.85,-0.3591878,0.6497548280718135,-1.166022911727606,1.0089426280718135,543843.7722694897
320.9,-0.3838698111110931,0.5903871807222217,-1.2082159590443906,0.9742569918333148,583914.3214758226
320.95,-0.407805088888884,0.5289806309121454,-1.2475662350424512,0.9367857198010294,622568.6043271987
321.0,-0.431740366666674,0.46567854673907016,-1.2840380513037821,0.8974189134057442,659501.4868784057
321.05,-0.455190577777794,0.40062505271147164,-1.3176171267554264,0.8558156304892657,694445.9570876901
321.1,-0.476094188888909,0.33396715296850915,-1.3481782065518568,0.8100613418574181,727033.7906485525
321.15,-0.49699779999999993,0.26585901844228044,-1.375632724963585,0.7628568184422804,756946.1575962952
321.2,-0.517901411111115,0.19645499705762232,-1.400020798251111,0.7143564081687372,784023.2942142712
321.25,-0.537285555555562,0.12590850139392087,-1.421315894321022,0.6631940569494829,808055.5485798266
321.3,-0.555475833333344,0.05437619650177172,-1.4394444028656346,0.6098520298351158,828800.0755764813
321.35,-0.573666111111125,-0.017983313215974864,-1.454415922365291,0.5556827978951501,846130.2700918722
321.4,-0.5918563888888827,-0.0910140066990327,-1.466304667189754,0.50084238218985,860019.7508089821
321.45,-0.607931733333333,-0.16456204643567676,-1.4750903887533935,0.4433696868976562,870356.6619970549
321.5,-0.623918955555559,-0.23847113189458707,-1.4807619233406746,0.3854478236609719,877062.3494462295
321.55,-0.639906177777784,-0.3125880030101173,-1.4834198990760539,0.3273181747676667,880213.8387899239
321.6,-0.655182300000008,-0.38676417999216817,-1.48314203205115,0.2684181200078398,879884.1148947257
321.65,-0.669194244444439,-0.46085368378303226,-1.479953517912129,0.20834056066140672,876104.9660721946
321.7,-0.683206188888886,-0.5347121736036726,-1.4739238596509403,0.14849401528521333,868980.61761933
321.75,-0.697218133333333,-0.6082009819041483,-1.4651891384271782,0.08901715142918476,858711.6845459908
321.8,-0.70970906703911,-0.6811870782370825,-1.453814248924811,0.028521988802027498,845430.3481507248
321.85,-0.721719681564254,-0.7535391910261492,-1.4398464780801414,-0.03181950946189516,829263.1521759148
321.9,-0.7337302960893844,-0.8251305816544893,-1.423409904023773,-0.09140028556510482,810438.3019491868
321.95,-0.745287350000003,-0.895841112294113,-1.4046290581804373,-0.15055376229411,789193.1164339449
322.0,-0.754778183333338,-0.9655548164001757,-1.3835281375898418,-0.2107766330668377,765660.0430011265
322.05,-0.764269016666673,-1.0341561163967647,-1.3601583959224814,-0.26988709973009173,740012.3447993671
322.1,-0.773759850000008,-1.1015353778555552,-1.3346717263927683,-0.3277755278555472,712539.446892901
322.15,-0.7815319499999975,-1.1675891258878976,-1.3071354282629557,-0.3860571758879001,683441.2111280722
322.2,-0.788059450000001,-1.2322149558505604,-1.2775613414662248,-0.4441555058505594,652865.1924835918
322.25,-0.794586950000002,-1.2953129687739293,-1.2460496194850454,-0.5007260187739273,621055.8616875306
322.3,-0.801114450000003,-1.356790301743184,-1.212760749198607,-0.5556758517431809,588315.4539187066
322.35,-0.804318388888891,-1.4165594263798384,-1.1776953647576776,-0.6122410374909475,554786.5488686877
322.4,-0.807454499999999,-1.4745303473118032,-1.1408602770430067,-0.6670758473118042,520624.86869385844
322.45,-0.810590611111111,-1.5306187607595396,-1.102423218065203,-0.7200281496484287,486134.7806916952
322.5,-0.812402527777778,-1.5847477078639927,-1.0624882994201688,-0.7723451800862147,451552.55456190486
322.55,-0.812053916666666,-1.6368426526474602,-1.0210570100538685,-0.8247887359807942,417022.9671120583
322.6,-0.811705305555555,-1.6868295973050857,-0.9781963619851306,-0.8751242917495308,382747.24904037785
322.65,-0.811356694444442,-1.7346412178313622,-0.9340707042336219,-0.9232845233869201,348995.2322029978
322.7,-0.808299316666668,-1.7802160821450541,-0.8887097419713172,-0.9719167654783861,315922.00218989013
322.75,-0.804477927777778,-1.823491531976752,-0.8421085762930646,-1.019013604198974,283658.7417065329
322.8,-0.800656538888889,-1.8644082787137386,-0.7943869925441474,-1.0637517398248497,252420.27756933408
322.85,-0.796176549999998,-1.9029135314741292,-0.7456628594166146,-1.1067369814741312,222405.23996534475
322.9,-0.788696272222227,-1.9389574421575653,-0.6959114114421622,-1.1502611699353382,193717.07703016893
322.95,-0.781215994444448,-1.9724877344317917,-0.6451430998146929,-1.1912717399873438,166483.84769540429
323.0,-0.773735716666669,-2.0034572589890365,-0.5935046602700919,-1.2297215423223675,140899.11270492687
323.05,-0.763923033333334,-2.031824287896587,-0.5410314692832908,-1.2679012545632529,117086.02030193458
323.1,-0.752421366666666,-2.057545858454528,-0.4876852930714603,-1.3051244917878622,95134.77803127846
323.15,-0.74091970000001,-2.080579462578482,-0.43353728901502114,-1.339659762578472,75181.8323865976
323.2,-0.729418033333341,-2.100888624568989,-0.37873089806144333,-1.371470591235648,57374.83725857095
323.25,-0.713545294444447,-2.1184406000360756,-0.3232076338117173,-1.4048953055916287,41785.26982166766
323.3,-0.697583349999995,-2.133196525618568,-0.2669119040211837,-1.435613175618573,28496.78580328543
323.35,-0.681621405555542,-2.145121223586831,-0.20998134586418343,-1.463499818031289,17636.86624437353
323.4,-0.6638527722222166,-2.154184964992477,-0.152468600394007,-1.4903321927702602,9298.669642442957
323.45,-0.643136383333327,-2.1603570470265603,-0.09429342554154103,-1.5172206636932333,3556.5000401432576
323.5,-0.622419994444435,-2.1636033260962475,-0.035458532412843274,-1.5411833316518124,502.92300834906285
323.55,-0.601703605555542,-2.163894051581119,0.023908070402019303,-1.5621904460255769,228.6383321391646
323.6,-0.577250799999978,-2.1612029537852675,0.08384853463019953,-1.5839521537852894,2812.2307038527083
323.65,-0.551744133333336,-2.155498270358333,0.1444450731262767,-1.603754137024997,8345.751660182168
323.7,-0.526237466666664,-2.14674892405025,0.20561351197550318,-1.6205114573835862,16910.766522760157
323.75,-0.499883599999991,-2.134928905031226,0.2672631334362219,-1.6350453050312348,28571.832997659098
323.8,-0.469670266666652,-2.1200133205572445,0.32946986836793285,-1.6503430538905923,43420.1576649532
323.85,-0.439456933333313,-2.1019721622657155,0.3922624236754444,-1.6625152289324026,61547.92361109354
323.9,-0.40924360000000626,-2.08077966856068,0.455500062687962,-1.6715360685606737,82992.12284349493
323.95,-0.376602161111114,-2.0564153084559043,0.5191486576616978,-1.6798131473447904,107806.13150077709
324.0,-0.342202438888886,-2.028857347137127,0.5832448939647021,-1.686654908248241,136069.84253435864
324.05,-0.307802716666657,-1.998084582640869,0.6477160269438773,-1.690281865974212,167814.42062398465
324.1,-0.273402994444428,-1.9640819546481292,0.7124153307230477,-1.6906789602037011,203014.2413796918
324.15,-0.23556701111112882,-1.926839183745018,0.7773467875633027,-1.6912721726338893,241707.21125399455
324.2,-0.197660900000011,-1.886343405883867,0.8425112678463811,-1.6886825058838562,283930.0945792466
324.25,-0.159754788888892,-1.842586649107557,0.9077610463971263,-1.6828318602186652,329612.04694240226
324.3,-0.120737663333329,-1.7955675699508495,0.972995299456077,-1.6748299066175205,378687.94110544835
324.35,-0.0799078299999884,-1.7452877993054703,1.0381891611071232,-1.6653799693054818,431134.69369612494
324.4,-0.039077996666693614,-1.6917506507554143,1.1032638701428437,-1.6526726540887207,486876.4668650262
324.45,0.0017518366666472,-1.6349660743315577,1.1680594674175837,-1.6367179109982049,545745.1677695398
324.5,0.0442110466666545,-1.5749508894866873,1.2324842430150318,-1.6191619361533418,607606.9637121344
324.55,0.0871298244444404,-1.5117251509624516,1.2964594501953663,-1.598854975406892,672322.8424003486
324.6,0.130048602222226,-1.4453150335749343,1.3598299003707897,-1.5753636357971603,739654.9431769727
324.65,0.1732274499999633,-1.3757550322637884,1.422428678576187,-1.5489824822637517,809321.338254399
324.7,0.217591061111082,-1.3030869972226191,1.4841381109661362,-1.5206780583337012,881066.3729688525
324.75,0.261954672222201,-1.227358276863998,1.5448250260654566,-1.489312949086199,954593.7444632555
324.8,0.306318283333321,-1.1486246545047698,1.6043032745565755,-1.4549429378380907,1029515.5987011803
324.85,0.351115283333337,-1.0669508673315895,1.6624073968134943,-1.4180661506649266,1105439.3411920874
324.9,0.396226116666642,-0.9824093335453319,1.7189874271454042,-1.378635450211974,1181967.1098735905
324.95,0.441336949999998,-0.8950803283845153,1.7738763468151546,-1.3364172783845134,1258654.9175161114
325.0,0.486447783333354,-0.805052859026512,1.8268967789177415,-1.291500642359866,1335020.7363280077
325.05,0.531764688888919,-0.7124245396143427,1.8778849324634155,-1.2441892285032616,1410580.7278292505
325.1,0.577085800000039,-0.6173009170249957,1.9266810683273061,-1.1943867170250346,1484839.9756203399
325.15,0.622406911111107,-0.5197957325560157,1.9731202265684613,-1.1422026436671229,1557281.3713974303
325.2,0.667705139664806,-0.4200308902894857,2.0170405977561043,-1.0877360299542917,1627381.109198521
325.25,0.712966033519558,-0.31813631537134823,2.058283356039259,-1.0311023488909061,1694612.1494992936
325.3,0.758226927374309,-0.21424973779682713,2.0966960603475364,-0.9724766651711361,1758453.747790752
325.35,0.80348782122906,-0.10851630153871611,2.1321341881327696,-0.9120041227677762,1818398.4784818338
325.4,0.8478723756905788,-0.001088881771319522,2.1644196997565457,-0.8489612574618983,1873885.0546776864
325.45,0.892037845303853,0.10787015745239965,2.1933756744631343,-0.7841676878514533,1924358.7397306438
325.5,0.936203314917126,0.21819112123895462,2.21887894272432,-0.7180121936781714,1969369.5049861586
325.55,0.98030184357543,0.3296987717267912,2.240826646080634,-0.6506030718486389,2008521.6231139936
325.6,1.02409541899443,0.4422127937772218,2.259116147423165,-0.5818826252172082,2041442.3070192332
325.65,1.06788899441337,0.5555480170711155,2.2736647689907237,-0.5123409773422546,2067820.5926998563
325.7,1.11168256983237,0.6695160513494446,2.28442148752121,-0.44216651848292543,2087432.6130594471
325.75,1.15446795580108,0.78392557360925,2.291304055893626,-0.37054238219183,2100029.7106218324
325.8,1.19658121546961,0.8985802916765142,2.2942179478443516,-0.29800092379309584,2105374.396884459
325.85,1.23869447513813,1.0132807733249005,2.2931371279211756,-0.2254137018132294,2103391.154980231
325.9,1.2808077348065958,1.1278277980265718,2.2880847692281487,-0.15297993678002397,2094132.7644695323
325.95,1.31922122905027,1.2420206963884657,2.2789206450991397,-0.07720053266180438,2077391.7226636317
326.0,1.3575592178771,1.3556493577054187,2.265526893480539,-0.0019098601716813768,2053044.8420334323
326.05,1.39589720670393,1.4685042253959282,2.2479840492607526,0.07260701869199826,2021372.9142923078
326.1,1.42973977900554,1.5803766041204335,2.226173103891377,0.1506368251148935,1982338.6753957472
326.15,1.45683922651932,1.6910434468142634,2.199678766110313,0.23420422029494348,1935434.6696306355
326.2,1.48393867403314,1.8002638510731044,2.168347168886463,0.31632517703996443,1880691.7779271754
326.25,1.51103812154695,1.9078008204866859,2.132375418187253,0.3967626989397359,1818809.9696357045
326.3,1.52425312849162,2.0134164541016943,2.0913109543884487,0.48916332561007425,1749432.6031780497
326.35,1.53355201117319,2.1168374444722646,2.0445796704882286,0.5832854332990747,1672122.4115895017
326.4,1.5428508938547352,2.217782385430176,1.992326662932355,0.6749314915754407,1587746.2127324697
326.45,1.54795222222222,2.31598063965016,1.9347066368417183,0.7680284174279401,1497235.9082557568
326.5,1.53626333333333,2.4111534434652713,1.8711146379632544,0.8748901101319413,1400427.9953601442
326.55,1.52457444444444,2.5029872033640763,1.8012286687782102,0.9784127589196363,1297769.8868914093
326.6,1.51288555555555,2.591179848347401,1.7255546477394763,1.078294292791851,1191015.5369341234
326.65,1.4875533333333397,2.6754442335200035,1.6439776283735397,1.1878909001866638,1081064.9770370752
326.7,1.45312555555557,2.7554713864643916,1.5560289131372826,1.3023458309088216,968490.3914076772
326.75,1.41869777777778,2.8309446043653996,1.4619279141940265,1.4122468265876196,854893.2905198787
326.8,1.38427,2.901572340600157,1.362315276764632,1.517302340600157,742361.1653225184
326.85,1.32627555555554,2.9670775943867405,1.2567958586816046,1.6408020388312003,631814.3321596927
326.9,1.26828111111115,3.0271484889980846,1.1450684940270661,1.7588673778869346,524472.7424053652
326.95,1.2102866666667,3.0814935725804564,1.0278868720924652,1.8712069059137564,422620.5687280128
327.0,1.14418833333336,3.1298528495900997,0.9056460075567659,1.9856645162567397,328077.87640140386
327.05,1.06593416666668,3.171972458763674,0.7782638602426161,2.106038292096994,242277.85446389532
327.1,0.98768,3.2075985376435026,0.6460372925462838,2.2199185376435024,166945.67334421308
327.15,0.9094258333333943,3.236508396176756,0.5097404614123281,2.3270825628433616,103934.13520034125
327.2,0.819147666666714,3.258509457375662,0.36965701508386306,2.439361790708948,54658.52352028454
327.25,0.7258635,3.2734141778433736,0.22597620371117824,2.5475506778433736,20426.09785748637
327.3,0.632579333333286,3.2810576638664157,0.07932720720734796,2.6484783305331296,2517.122321327007
327.35,0.538294166666573,3.2813083964106817,-0.06963508879716665,2.7430142297441087,1939.6182367157137
327.4,0.4400049999999999,3.2740634621755307,-0.22044131035320838,2.834058462175531,19437.748524095816
327.45,0.341715833333315,3.2592413623779874,-0.3726253486856277,2.9175255290446724,55539.86019323425
327.5,0.243426666666629,3.236787166937398,-0.525638595342837,2.9933605002707693,110518.37316559628
327.55,0.14776883333328,3.2066732659479005,-0.6789101974035954,3.0589044326146206,184367.62245543554
327.6,0.053865222222151,3.1689011997186234,-0.8318822771340298,3.1150359774964724,276811.24920387956
327.65,-0.040038388888871033,3.1234970302408764,-0.9841377556174025,3.1635354191297473,387410.84881266323
327.7,-0.133942,3.070504728536345,-1.1353575976231933,3.204446728536345,515614.74979228363
327.75,-0.219025333333349,3.0099874407604603,-1.2850110886327255,3.2290127740938095,660501.399163625
327.8,-0.304108666666699,2.9420376892325635,-1.4326221935866283,3.2461463558992625,820962.5398227852
327.85,-0.389192000000048,2.866762530733352,-1.5779962369827891,3.2559545307334,996028.849572737
327.9,-0.47047344444440947,2.7842801415845484,-1.720847398054208,3.254753586028958,1184526.3069559752
327.95,-0.546052055555541,2.694727003282136,-1.8607472844124633,3.2407790588376773,1384952.1825793425
328.0,-0.621630666666667,2.598259735654952,-1.9973885054004228,3.219890402321619,1595824.336602294
328.05,-0.697209277777792,2.495044900613404,-2.1306254453870017,3.1922541783911957,1815825.9154122237
328.1,-0.765219444444469,2.38526007263797,-2.260090328355016,3.150479517082439,2043203.3169295536
328.15,-0.831337499999962,2.26910580833991,-2.385359215426256,3.1004433083398717,2275975.4346475857
328.2,-0.897455555555531,2.1467975884244184,-2.5062222492679895,3.044253143979949,2512459.9850903605
328.25,-0.961584999999989,2.018560739114837,-2.6224563540921206,2.9801457391148256,2750910.9316472556
328.3,-1.01776,1.884637142461633,-2.733579420166815,2.9023971424616333,2988982.5785438158
328.35,-1.07393500000001,1.745295131316513,-2.8391628354859173,2.819230131316523,3224338.242561774
328.4,-1.130109999999952,1.6008162441609823,-2.939023575968512,2.7309262441609343,3455143.8320394964
328.45,-1.17932333333331,1.4514952710912983,-3.0327347846145782,2.6308186044246082,3678992.1095244926
328.5,-1.22389555555554,1.2976551928915474,-3.119700795380157,2.5215507484470874,3893013.221078234
328.55,-1.26846777777777,1.1396435578667132,-3.1995655327335153,2.408111335644483,4094887.839302521
328.6,-1.31304,0.9778200838372944,-3.2721444414391168,2.2908600838372943,4282771.698256364
328.65,-1.3449094444444203,0.8125616566927567,-3.336771517753232,2.157471101137177,4453617.664675683
328.7,-1.37677888888888,0.644286354959146,-3.39279464042857,2.021065243848026,4604422.1888483325
328.75,-1.40864833333335,0.47342785013246996,-3.44007995065305,1.88207618346582,4733660.026754037
328.8,-1.43573000000002,0.3004290563162727,-3.4783253901945086,1.7361590563162927,4839499.008028712
328.85,-1.45563000000002,0.12575554023873772,-3.5069594545807186,1.5813855402387578,4919505.846429236
328.9,-1.4755300000000002,-0.050101315896186216,-3.5256617336334055,1.425428684103814,4972116.264002765
328.95,-1.49543,-0.22664580226637668,-3.5344768727720344,1.2687841977336234,4997010.705664151
329.0,-1.50741222222223,-0.4033798501395427,-3.5331461756289895,1.1040323720826872,4993248.759344702
329.05,-1.51741500000001,-0.5797865870301042,-3.5213886961232808,0.9376284129699057,4960071.339673928
329.1,-1.52741777777779,-0.755347426342014,-3.4993565266253728,0.772070351435776,4898198.440174237
329.15,-1.535669444444432,-0.9295547191566483,-3.467276015239402,0.6061147252877838,4808801.186341771
329.2,-1.53691666666667,-1.1019067667524904,-3.4251033139760105,0.4350098999141796,4692533.084563781
329.25,-1.53816388888889,-1.2718987265046806,-3.372953451351526,0.2662651623842094,4550725.993993668
329.3,-1.53941111111111,-1.4390443370291666,-3.3113389020315482,0.10036677408194339,4385986.129643
329.35,-1.53520050279329,-1.6028797780136512,-3.2405565036354282,-0.06767927522036121,4200482.5813015485
329.4,-1.52735134078213,-1.7629501503805378,-3.1607857541283013,-0.23559880959840784,3996226.6334001655
329.45,-1.51950217877095,-1.9188168507632366,-3.0725254999049723,-0.39931467199228665,3776165.17902652
329.5,-1.51145458563537,-2.07007284045457,-2.9764738495692815,-0.5586182548192,3543758.630867911
329.55,-1.49368386740332,-2.2163386121757074,-2.8728871595425276,-0.7226547447723874,3301392.2525857333
329.6,-1.47591314917127,-2.3572412844765456,-2.7620836868267333,-0.8813281353052755,3051642.5172137436
329.65,-1.4581424309392346,-2.4924401158847282,-2.6448673681759947,-1.0342976849454937,2798129.358096885
329.7,-1.43563111111112,-2.621630849694091,-2.5218208275621383,-1.1859997385829713,2543832.1145304753
329.75,-1.40600888888889,-2.744529558734169,-2.3932164589712714,-1.3385206698452792,2290994.0077963965
329.8,-1.37638666666667,-2.860868503409497,-2.2595705443501735,-1.4844818367428272,2042263.6179579757
329.85,-1.34676444444444,-2.9704164098292463,-2.1217099681427403,-1.6236519653848063,1800661.2755665071
329.9,-1.3069763128491871,-3.0729752293164223,-1.979993708796202,-1.7659989164672352,1568150.0347490157
329.95,-1.26464670391062,-3.16835597025167,-1.8346865763680205,-1.9037092663410502,1346429.9334020033
330.0,-1.22231709497206,-3.256395581795549,-1.686477679603544,-2.034078486823489,1137682.7855203818
330.05,-1.17757552777775,-3.336966278570884,-1.5360182937218938,-2.159390750793134,943740.8794593272
330.1,-1.12428247222219,-3.4099645075368445,-1.3835837047476116,-2.2856820353146547,765721.5472172505
330.15,-1.07098941666668,-3.4752978050233474,-1.2295344278452875,-2.404308388356667,604701.9637027354
330.2,-1.01769636111112,-3.532901890775383,-1.0745174884937185,-2.515205529664263,461835.13323153945
330.25,-0.959517016666661,-3.5827402605313705,-0.9189405138736703,-2.6232232438647096,337780.6672153621
330.3,-0.898342849999983,-3.6247910647210255,-0.7630679062049499,-2.7264482147210423,232909.0517920025
330.35,-0.837168683333304,-3.6590488504692247,-0.6072994464159249,-2.821880167135921,147525.04704683556
330.4,-0.7759022666666928,-3.68553020227707,-0.4520789984979524,-2.909627935610377,81750.16835316467
330.45,-0.710115600000019,-3.704269977598268,-0.2976501501776684,-2.994154377598249,35438.24476031542
330.5,-0.64432893333334,-3.715311999286155,-0.14422504400487823,-3.070983065952815,8320.345327283625
330.55,-0.57854226666666,-3.718714450665107,0.00788487865822457,-3.140172183998447,24.86852458197012
330.6,-0.511737449999981,-3.7145493753264636,0.15844542260553832,-3.2028119253264826,10041.980777859053
330.65,-0.44352661666671195,-3.702898359353053,0.3073010986342517,-3.259371742686341,37773.586088727236
330.7,-0.375315783333366,-3.6838502630875416,0.4542992653796376,-3.308534479754176,82555.12900979136
330.75,-0.307104950000019,-3.657502081478355,0.5992806640806827,-3.3503971314783363,143654.92573639363
330.8,-0.238074800000007,-3.623957622393298,0.7421383205853586,-3.3858828223932913,220307.7147525026
330.85,-0.168864799999993,-3.5833249842480632,0.8827936169053757,-3.41446018424807,311729.82801955007
330.9,-0.0996548000000591,-3.535716329034312,1.0211663482692352,-3.436061529034253,417112.28433501004
330.95,-0.0305855388889343,-3.481247611945162,1.1571846347426913,-3.4506620730562276,535630.5115538304
331.0,0.0379847388888564,-3.420038331443186,1.29077605013752,-3.4580230703320427,666441.124643447
331.05,0.1065550166666469,-3.3522114870069175,1.421879405179067,-3.4587665036735644,808696.4171489511
331.1,0.175125294444438,-3.277892643814763,1.5504480717888636,-3.453017938259201,961555.689325522
331.15,0.2426779111110532,-3.1972101867714677,1.6764066433972487,-3.439888097882521,1124135.693610572
331.2,0.309606799999977,-3.1102971013062706,1.7996579633920597,-3.4199039013062476,1295507.5140801824
331.25,0.3765356888889,-3.017290855055157,1.9201212581137048,-3.3938265439440567,1474746.2583440626
331.3,0.443401355555598,-2.9183327619105897,2.0377171178393834,-3.3617341174661877,1660916.4209342573
331.35,0.507169133333388,-2.813569879997846,2.152268539611597,-3.320739013331234,1852903.9466407348
331.4,0.570936911111105,-2.703159803673941,2.263585865874734,-3.274096714785046,2049528.388875148
331.45,0.634704688888895,-2.587267224914463,2.371546993605049,-3.221971913803358,2249694.057150858
331.5,0.696541166666684,-2.4660642471711984,2.4759593042193853,-3.1626054138378823,2452149.7904602173
331.55,0.755710611111139,-2.3397351882216992,2.576537786282036,-3.0954457993328384,2655418.785655654
331.6,0.814880055555595,-2.2084784036050613,2.673040069220708,-3.023358459160656,2858057.284663779
331.65,0.8740494999999769,-2.072502024622593,2.765291744818,-2.9465515246225698,3058735.373583432
331.7,0.927838833333328,-1.9320259933216413,2.8529374989802534,-2.8598648266549693,3255700.9492350817
331.75,0.980447166666672,-1.787291747743757,2.935574975689465,-2.767738914410429,3447040.1751576816
331.8,1.03305550000002,-1.6385558765588581,3.0129698147637036,-2.6716113765588783,3631194.841870891
331.85,1.08370644444447,-1.4860865577816125,3.0848573940636497,-2.569793002226082,3806538.056683669
331.9,1.12741755555553,-1.3301704926296447,3.150723848868964,-2.4575880481851744,3970824.3087326637
331.95,1.17112866666665,-1.171121894153312,3.210127599548954,-2.342250560819962,4121967.6821543714
332.0,1.21483977777777,-1.0092684549559896,3.2628887201173638,-2.2241082327337596,4258577.119947651
332.05,1.25166888888889,-0.844950990331998,3.308572576473281,-2.096619879220888,4378660.997516418
332.1,1.28428000000001,-0.6785389157190747,3.3465945281324423,-1.9628189157190847,4479877.974290402
332.15,1.3168911111110897,-0.5104240193816636,3.376669070505932,-1.8273151304927533,4560757.604684558
332.2,1.3492441111111,-0.34100600569305206,3.398705485708759,-1.690250116804152,4620479.591434726
332.25,1.36894966666666,-0.17069745856495325,3.4121049620171444,-1.5396471252316133,4656984.108728807
332.3,1.38865522222222,5.1571544575107486e-05,3.416331697632224,-1.388603650677645,4668528.907298669
332.35,1.40836077777778,0.17078394423740534,3.4114548582957687,-1.2375768335403747,4655209.700075921
332.4,1.422210833333321,0.34104290856032915,3.3973320003650835,-1.0811679247729917,4616745.888281848
332.45,1.42797472222222,0.5103554385355851,3.3735101386322026,-0.917619283686635,4552228.262181705
332.5,1.43373861111111,0.6782304092367966,3.339880131244014,-0.7555082018743133,4461919.716431412
332.55,1.4395025,0.844185506861134,3.296775774733792,-0.5953169931388659,4347492.203548638
332.6,1.43342422222222,1.0077471155662543,3.244022991776398,-0.4256771066559657,4209474.068469557
332.65,1.42474644444445,1.1684233505790211,3.1814053993490994,-0.25632309386542884,4048536.126003041
332.7,1.41606866666667,1.3257302836728528,3.10934717811472,-0.09033838299381713,3867215.949619989
332.75,1.40417033333332,1.479208113316333,3.0282935131119726,0.07503777998301309,3668224.6406224207
332.8,1.38085366666665,1.628408749864778,2.9381901879973205,0.2475550831981279,3453184.6323374915
332.85,1.35753699999998,1.7728793134113368,2.8392184691744955,0.41534231341135674,3224464.6062806263
332.9,1.33422033333333,1.912195804826545,2.732159409860143,0.577975471493215,2985878.0163549297
332.95,1.30222022222222,2.0459669361520234,2.6174033418571114,0.7437467139298035,2740320.10158591
333.0,1.26489799999999,2.1738110029498987,2.495140109910764,0.9089130029499086,2490289.6672342
333.05,1.22757577777776,2.295366644885056,2.3660177880089184,1.067790867107296,2239216.069269846
333.1,1.19002338888886,2.4103133929762555,2.230930715325989,1.2202900040873954,1990820.7426339714
333.15,1.14119283333335,2.5183665206402712,2.090253570789846,1.3771736873069211,1747663.996079881
333.2,1.09236227777778,2.6192526040288784,1.9444053915252373,1.5268903262510984,1512284.9306369645
333.25,1.04353172222222,2.7127362767275294,1.7943074437573125,1.6692045545053094,1287815.6810891605
333.3,0.99125926666665,2.798624794050034,1.6406941722363195,1.807365527383384,1076750.9467240886
333.35,0.934233711111084,2.876755589161189,1.4840726642096147,1.9425218780501048,880988.6690616895
333.4,0.877208155555583,2.946992504251648,1.3250739225850772,2.0697843486960648,702328.3601260013
333.45,0.820182600000016,3.0092363975818004,1.1644760597100745,2.1890537975817845,542401.7974551604
333.5,0.759152899441337,3.063422822273866,1.00283803148949,2.304269922832529,402273.6469606862
333.55,0.697244240223437,3.1095109192965116,0.8406391510292357,2.4122666790730745,282669.6728972617
333.6,0.635335581005537,3.1474871094817813,0.6784584014290718,2.5121515284762443,184122.3209878766
333.65,0.5729997999999984,3.177365978207942,0.5168268602893002,2.6043661782079437,106844.00140659836
333.7,0.509311466666655,3.199186026027047,0.35616570831891303,2.689874559360392,50741.60471292521
333.75,0.445623133333309,3.213005148366113,0.19685691752344267,2.767382015032804,15501.058390732604
333.8,0.381934799999964,3.2189005507125037,0.03927478456914954,2.83696575071254,617.0034811812428
333.85,0.318014646408799,3.2169666902029563,-0.11626652106879135,2.898952043794157,5407.161568575881
333.9,0.25396409392268293,3.2073123490712536,-0.2695035329124279,2.953348255148571,29052.861700912043
333.95,0.189913541436495,3.1900586072068586,-0.4202068426663026,3.0001450657703637,70629.51624943312
334.0,0.125866916201147,3.165337202597949,-0.5681801739314354,3.039470286396802,129131.48401950247
334.05,0.0620127262569893,3.1332889433734725,-0.7132544107252274,3.071276217116483,203492.7417675966
334.1,-0.0018414636871685,3.0940624431749835,-0.855289637460582,3.095903906862152,292608.1455789815
334.15,-0.0656956536312526,3.0478124854303568,-0.9941762213731536,3.1135081390616093,395354.5436575207
334.2,-0.128238266666655,2.9946994629659303,-1.1297859942009587,3.1229377296325853,510566.55707705946
334.25,-0.1891116,2.9348911638839206,-1.261960599990349,3.1240027638839205,637017.8223712005
334.3,-0.249984933333345,2.8685624005835524,-1.3905964088709004,3.118547333916897,773503.3489458578
334.35,-0.31085826666669,2.795891286268905,-1.5156472683308104,3.1067495529355953,918874.656799459
334.4,-0.3676324309392001,2.717060193402404,-1.6369479156432507,3.084692624341604,1071839.3914115133
334.45,-0.423625801104965,2.6322620761060236,-1.7543140934949102,3.0558878772109885,1231047.1754539474
334.5,-0.479619171270728,2.54169542332845,-1.8676820888318986,3.0213145945991777,1395294.5539773935
334.55,-0.534366206703933,2.4455619399317734,-1.9769658129744814,2.9799281466357064,1563357.5302679408
334.6,-0.584694418994439,2.344070807847588,-2.081931669049825,2.928765226842027,1733775.7898370358
334.65,-0.635022631284887,2.2374441103547626,-2.182377131147717,2.8724667416396494,1905107.9770226157
334.7,-0.685350843575393,2.1259096507709687,-2.2782290949058135,2.811260494346362,2076131.123550145
334.75,-0.731128199999984,2.0097016806286474,-2.369252277015355,2.7408298806286315,2245342.540856978
334.8,-0.774345699999992,1.88907040011362,-2.455116890828283,2.6634161001136123,2411039.579052134
334.85,-0.8175632,1.7642790039537297,-2.5356409323724933,2.58184220395373,2571789.9751691385
334.9,-0.8604867111110699,1.6355971067375972,-2.610717305125069,2.496083817848667,2726337.9389118007
334.95,-0.896354488888873,1.503304174121799,-2.679980154298694,2.3996586630106718,2872917.4509739405
335.0,-0.932222266666669,1.3677018300684354,-2.74307933326289,2.2999240967351042,3009793.6914295927
335.05,-0.968090044444465,1.2291003437700767,-2.799933094164776,2.197190388214542,3135850.132719655
335.1,-1.00055148888892,1.0878160400400374,-2.8503365911159113,2.0883675289289574,3249767.473061709
335.15,-1.0286776,0.9441802867636964,-2.8939250003726875,1.9728578867636963,3349920.7631128235
335.2,-1.05680371111112,0.7985406527284007,-2.9304876935359134,1.8553443638395206,3435103.248786175
335.25,-1.08492982222223,0.651248859185783,-2.9600109373284487,1.736178681408013,3504665.8996416163
335.3,-1.10586133333334,0.5026619034483999,-2.9821949452910155,1.60852323678174,3557394.676687713
335.35,-1.12542244444446,0.3531571884522057,-2.9967108700958525,1.4785796328966656,3592110.415580257
335.4,-1.1449835555555474,0.20311841066883488,-3.0035724505876207,1.3481019662243823,3608578.9863715703
335.45,-1.16214466666667,0.05292757703976972,-3.00277754019583,1.2150722437064396,3606669.182361807
335.5,-1.17170577777778,-0.09702647296031838,-2.9940125596936076,1.0746793048174617,3585644.4830412273
335.55,-1.18126688888889,-0.2463382154730073,-2.9771214145628777,0.9349286734158827,3545300.7668195483
335.6,-1.19082800000001,-0.3946071039408746,-2.9523412304746226,0.7962208960591354,3486527.4964641635
335.65,-1.1932495555555556,-0.5414397964836364,-2.9196110376706885,0.6518097590719192,3409651.4445154057
335.7,-1.19165511111111,-0.6864323715033861,-2.8787329073220795,0.5052227396077239,3314841.260679613
335.75,-1.19006066666667,-0.8291805403826615,-2.8299034966074967,0.36088012628400845,3203341.520044535
335.8,-1.18802433333333,-0.9692970031597655,-2.7735323216252685,0.2187273301735645,3076992.6156400205
335.85,-1.17538266666666,-1.106406908937924,-2.709552356857777,0.06897575772873599,2936669.589821414
335.9,-1.16274100000001,-1.2401256868638761,-2.6379801540633148,-0.07738468686386613,2783575.7172927638
335.95,-1.15009933333334,-1.370087884874012,-2.5593860035395863,-0.21998855154067187,2620182.686045734
336.0,-1.13337177777778,-1.4959537971440002,-2.474163386466718,-0.36258201936622014,2448593.7851729835
336.05,-1.111444,-1.6173966014214345,-2.382484390972784,-0.5059526014214344,2270492.7492915834
336.1,-1.08951622222222,-1.7341013499535953,-2.284751575012289,-0.6445851277313752,2088035.9038084538
336.15,-1.0675884444444537,-1.8457819119039613,-2.1816268865430932,-0.7781934674595077,1903798.3488350844
336.2,-1.04010360000002,-1.9521807682706815,-2.073506127914796,-0.9120771682706617,1719771.0650000842
336.25,-1.01156026666668,-2.0530552588592403,-1.9607481554252668,-1.0414949921925603,1537813.3316014346
336.3,-0.983016933333339,-2.148188643754098,-1.8439719708312883,-1.1651717104207588,1360093.0516845703
336.35,-0.953404933333331,-2.2373955269516674,-1.7237783340186175,-1.2839905936183365,1188564.6979328
336.4,-0.920408822222241,-2.3205166899065275,-1.6005962739805064,-1.4001078676842864,1024763.3729121122
336.45,-0.887412711111113,-2.3974131600810664,-1.474892252448477,-1.5100004489699534,870122.8625330168
336.5,-0.854416599999985,-2.467973811540716,-1.3472595576940445,-1.6135572115407313,726043.326319181
336.55,-0.819057999999972,-2.532114625012166,-1.2181555132456054,-1.713056625012194,593561.1417802658
336.6,-0.782370499999965,-2.5897711283729414,-1.0879550861681282,-1.8074006283729764,473458.5078076397
336.65,-0.7456829999999999,-2.6408993790329873,-0.9571065796757863,-1.8952163790329875,366421.2019434729
336.7,-0.708859899999992,-2.6854787166196887,-0.8260710402006942,-1.9766188166196967,272957.3453833028
336.75,-0.668782399999985,-2.7235082174442713,-0.6951375208447037,-2.0547258174442864,193286.46915444836
336.8,-0.628704899999977,-2.7549986740279317,-0.5645733745025584,-2.1262937740279546,127497.23807888242
336.85,-0.58862739999997,-2.7799778288761834,-0.4347427617336407,-2.1913504288762136,75600.50755191722
336.9,-0.5470612333333399,-2.7984896628505544,-0.30591247160584745,-2.2514284295172144,37432.97611359937
336.95,-0.5036004,-2.8105884991938246,-0.17824535787864296,-2.3069880991938247,12708.563042114201
337.0,-0.460139566666658,-2.8163368863774725,-0.051937003091186845,-2.3561973197108146,1078.9809160375808
337.05,-0.416678733333317,-2.815808874959757,0.07277311973124687,-2.3991301416264403,2118.370782167357
337.1,-0.370684599999974,-2.8090881998806245,0.1957672390288261,-2.4384035998806506,15329.924750787814
337.15,-0.32420793333335096,-2.7962621849132314,0.31696110500981683,-2.4720542515798805,40185.73683561765
337.2,-0.277731266666675,-2.777424824241946,0.43619256428247977,-2.499693557575271,76105.5812541301
337.25,-0.230748013333333,-2.752678059623653,0.5533175758830342,-2.5219300462903202,122464.13591243092
337.3,-0.18216056888888,-2.722129403781885,0.6682634585259237,-2.539968834893005,178630.42000041157
337.35,-0.133573124444426,-2.685889439864613,0.7809470788842747,-2.552316315420187,243951.33600715265
337.4,-0.08498568000002674,-2.6440746110691657,0.8912370216914218,-2.559088931069139,317721.37153335835
337.45,-0.0356609200000189,-2.5968072373835205,0.9990380526800664,-2.5611463173835016,399230.81228111166
337.5,0.0140785799999905,-2.544213532739485,1.1042765522844291,-2.5582921127394753,487770.68157007423
337.55,0.06381808,-2.4864238778556897,1.206858410001729,-2.5502419578556896,582602.8887167606
337.6,0.113548177777787,-2.42357370659,1.3066804157829932,-2.537121884367787,682965.4835963263
337.65,0.163052622222185,-2.35580361864817,1.4036364630442904,-2.5188562408703548,788078.1281549942
337.7,0.212557066666639,-2.2832595330337844,1.4976249994782431,-2.4958165997004236,897152.255624883
337.75,0.262061511111092,-2.206092105642843,1.588555058110142,-2.468153616753935,1009402.8690589266
337.8,0.310973810055861,-2.1244568780796986,1.6763147446211453,-2.4354306881355594,1124012.4492137022
337.85,0.359132469273756,-2.038515803114784,1.7607646919537623,-2.39764827238854,1240116.9201724108
337.9,0.407291128491596,-1.9484375385436274,1.8417872688594572,-2.3557286670352235,1356872.1374931114
337.95,0.455449787709491,-1.854395728432322,1.9192910605198696,-2.309845516141813,1473471.2699965944
338.0,0.500328248618794,-1.7565707407991002,1.9930569589342066,-2.2568989894178944,1588910.416622427
338.05,0.54467272375693,-1.6551562878053716,2.062847935029033,-2.1998290115623016,1702136.641221418
338.1,0.589017198895065,-1.5503540224246901,2.1285548114678297,-2.139371221319755,1812298.234169139
338.15,0.632263759776531,-1.4423710598285748,2.1900470787794943,-2.074634819605106,1918522.4829082387
338.2,0.672033592178772,-1.3314240022740271,2.2470589600215436,-2.003457594452799,2019709.5879252404
338.25,0.711803424581009,-1.2177433699178843,2.29937920817601,-1.9295467944988933,2114857.8971968535
338.3,0.751573256983246,-1.1015652981120938,2.346947276292607,-1.8531385550953399,2203264.607078915
338.35,0.786947233333343,-0.9831317738349259,2.389528707244355,-1.770079007168269,2283938.9770979513
338.4,0.820056677777756,-0.8627007647889225,2.4268110637070768,-1.6827574425666785,2355764.7755724294
338.45,0.853166122222207,-0.7405407882390964,2.458687176989829,-1.5937069104613033,2418057.0537176854
338.5,0.885794449999993,-0.6169224011435045,2.485143056032781,-1.5027168511434974,2470374.40357918
338.55,0.910885283333331,-0.4921223428202778,2.5058489938722626,-1.4030076261536086,2511711.672036252
338.6,0.935976116666669,-0.3664379950821202,2.520526318206063,-1.3024141117487893,2541221.168307765
338.65,0.9610669499999741,-0.24016886313903862,2.529255411779396,-1.2012358131390126,2558853.1752061443
338.7,0.981894733333323,-0.11361318893996972,2.531941740129955,-1.0955079222732926,2564291.5901649212
338.75,0.997718066666659,0.012919618324094245,2.528288013122168,-0.9847984483425647,2556896.1109188963
338.8,1.0135414,0.13910882575771621,2.5182280127546557,-0.8744325742422838,2536588.929688905
338.85,1.02936473333333,0.26463886191276925,2.5019554161431254,-0.7647258714205607,2503912.361747168
338.9,1.0363076111111083,0.38919740976534734,2.4792675593061153,-0.6471102013457609,2458707.0522510805
338.95,1.04180483333333,0.5124549112042506,2.449938542551721,-0.5293499221290795,2400879.54491218
339.0,1.04730205555556,0.6340844758020227,2.4142031702794893,-0.41321757975353746,2331350.778955015
339.05,1.04993205555555,0.7537716583736322,2.3722549344032986,-0.2961603971819178,2251037.3895203196
339.1,1.0444015,0.8712035947037364,2.323926512759166,-0.17319790529626355,2160253.7746819914
339.15,1.0388709444444497,0.9860583185320524,2.269239330038822,-0.052812625912397326,2059778.8547980161
339.2,1.03334038888889,1.0980290034969387,2.208641103521687,0.06468861460804876,1951238.2096661981
339.25,1.02048768333333,1.2068257494563472,2.1422438245241735,0.18633806612301718,1835683.441484783
339.3,1.0038629611111,1.312156196241294,2.0700159767052337,0.3082932351301939,1713986.457525969
339.35,0.987238238888878,1.4137361244214448,1.99231443490356,0.42649788553256684,1587726.7230100366
339.4,0.9700009333333299,1.511305099364526,1.9096599255226336,0.5413041660311961,1458720.4124588443
339.45,0.943166488888892,1.6046206583669234,1.8221193321515265,0.6614541694780314,1328047.54424013
339.5,0.916332044444442,1.6934377900685695,1.7298231019844992,0.7771057456241275,1196915.18566371
339.55,0.889497599999992,1.7775336844449248,1.633368462207277,0.8880360844449328,1067157.013333346
339.6,0.858721211111094,1.8567120386330611,1.5331574474208454,0.9979908275219671,940228.7034328008
339.65,0.823317322222239,1.930789995497279,1.4293799999440984,1.10747267327504,817250.8736960763
339.7,0.787913433333343,1.9995970067607267,1.3224188757663673,1.2116835734273836,699516.6731932731
339.75,0.752509544444448,2.0629885964149888,1.2128586494392664,1.3104790519705407,588410.4414078565
339.8,0.711786077777774,2.120844957204397,1.1010230206096923,1.409058879426623,484900.6767649963
339.85,0.670196633333322,2.1730577182491886,0.9871947427074439,1.5028610849158666,389821.38401168655
339.9,0.628607188888915,2.2195397066451403,0.8718807791550308,1.5909325177562255,304070.4372239934
339.95,0.58610203888891,2.260229019222651,0.7555581348562281,1.6741269803337409,228347.23805896888
340.0,0.540990650000013,2.2950843646475714,0.6385644487985322,1.7540937146475584,163105.82210774932
340.05,0.495879261111115,2.324080251028471,0.5212554694145467,1.828200989917356,108682.90575783177
340.1,0.450767872222218,2.347211968915768,0.4040673478035159,1.8964440966935503,65308.168624386984
340.15,0.40532465000003876,2.3644954745849205,0.28738602240219324,1.9591708245848818,33036.29034886157
340.2,0.359710483333364,2.375964788421733,0.17155517366336748,2.016254305088369,11772.47104426727
340.25,0.314096316666688,2.3816705855070976,0.05689739951425837,2.0675742688404095,1294.9256285940514
340.3,0.268607283333345,2.3816791239148505,-0.056287098342186856,2.1130718405815054,1267.2949759132057
340.35,0.225078672222212,2.376072215265002,-0.16765392984934557,2.15099354304279,11243.136077571715
340.4,0.18155006111112798,2.364949100052315,-0.27690069461662403,2.1833990389411873,30669.597871667553
340.45,0.138021449999995,2.3484207624310165,-0.38383234240923847,2.2103993124310213,58930.90683174515
340.5,0.0964256438888703,2.326608588486747,-0.48820268889295537,2.230182944597877,95336.74617692472
340.55,0.0570987827777517,2.2996483308896027,-0.5897047032619642,2.242549548111851,139100.6548197125
340.6,0.0177719216666331,2.267689362833197,-0.688133364970448,2.249917441166564,189411.01119422071
340.65,-0.021554939444435497,2.23088788889087,-0.783389565806015,2.2524428283353055,245479.6847254947
340.7,-0.0563581050000032,2.189407637968218,-0.8752137000833096,2.245765742968221,306399.6083254069
340.75,-0.0904248550000097,2.1434281490491163,-0.96334119318798,2.233853004049126,371210.5017971364
340.8,-0.124491605000016,2.093136351885114,-1.0476997218482351,2.21762795688513,439069.8828643477
340.85,-0.15701776111113,2.038722555767444,-1.128196734325041,2.195740316878574,509131.14853667485
340.9,-0.185159149999992,1.9803852381536642,-1.2045817068195264,2.165544388153656,580406.8353616974
340.95,-0.213300538888886,1.9183357781057853,-1.2766840536384045,2.1316363169946713,651968.8691258354
341.0,-0.24144192777778,1.8527879872441653,-1.3445180331387179,2.094229915021945,723091.4965740825
341.05,-0.26557308333334,1.7839574276299828,-1.4079461170654497,2.0495305109633226,792924.9074238708
341.1,-0.287638361111122,1.7120702547745732,-1.4667624117265687,1.9997086158856952,860556.7889815761
341.15,-0.30970363888887753,1.637358581464761,-1.5209356496652362,1.9470622203536387,925298.1001690456
341.2,-0.331406716666662,1.5600533264255751,-1.5705112602653455,1.8914600430922373,986602.2474480974
341.25,-0.347435327777776,1.4803871720260087,-1.6153049039823253,1.8278224998037846,1043683.9731317397
341.3,-0.36346393888889,1.3986051146353742,-1.6551622417448513,1.7620690535242642,1095824.8185991365
341.35,-0.379492550000005,1.3149516871402827,-1.6901755791343653,1.6944442371402877,1142677.3953208749
341.4,-0.3928623611111004,1.2296685639559373,-1.7203291072790425,1.6225309250670377,1183812.894940603
341.45,-0.403110972222217,1.1430021196028597,-1.7454827683229277,1.5461130918250767,1218684.0378049086
341.5,-0.41335958333333,1.0552037907002625,-1.7656266691469358,1.4685633740335926,1246975.0139211612
341.55,-0.423608194444443,0.9665206531718399,-1.7808990273847365,1.3901288476162827,1268640.5382959603
341.6,-0.429254611111112,0.877196049086696,-1.791242799410213,1.306450660197808,1283420.3065755744
341.65,-0.43415183333332896,0.7874796999164771,-1.7965876781845314,1.221631533249806,1291090.9141617941
341.7,-0.439049055555552,0.6976180265907069,-1.7970884403043499,1.136667082146259,1291810.7449102085
341.75,-0.442716333333333,0.6078491679507467,-1.7928911903746212,1.0505655012840798,1285783.5282091703
341.8,-0.442883,0.5184072374599625,-1.7839951206291227,0.9612902374599626,1273055.436171407
341.85,-0.443049666666667,0.429526697552308,-1.7704769604281845,0.872576364218975,1253835.4669628092
341.9,-0.44321633333333005,0.3414323524565407,-1.7525903820940594,0.7846486857898707,1228629.2189634403
341.95,-0.440844566666666,0.25433809635071014,-1.7304780692100377,0.6951826630173761,1197821.73920676
342.0,-0.43716512222222,0.16845341397300903,-1.7042338279959333,0.605618536195229,1161765.176194269
342.05,-0.433485677777775,0.08397981946549347,-1.674083055937656,0.5174654972432685,1121021.6312710245
342.1,-0.429643385474855,0.0011054676253740847,-1.6403104448643038,0.43074885310022903,1076247.342212372
342.15,-0.423249810055867,-0.07999359777296532,-1.6030802647871496,0.34325621228290165,1027946.5341400151
342.2,-0.416856234636873,-0.15914793727269944,-1.5625723568838819,0.25770829736417356,976652.9481990597
342.25,-0.410462659217878,-0.23620130000043843,-1.5190919527292859,0.17426135921743957,923056.1443387499
342.3,-0.403414933333333,-0.31101213058159144,-1.4729110374303092,0.09240280275174156,867786.7696736119
342.35,-0.395658544444443,-0.3834513546530684,-1.4242667784303744,0.012207189791374584,811414.342456175
342.4,-0.387902155555561,-0.4534022358035377,-1.373427588870622,-0.06550008024797671,754521.3367483881
342.45,-0.380145766666671,-0.5207625260019465,-1.3206925145739319,-0.1406167593352755,697691.4872206461
342.5,-0.372474200000003,-0.5854448516559319,-1.266358573066647,-0.21297065165592888,641465.6142317576
342.55,-0.364814200000001,-0.6473765738481251,-1.2107152468935125,-0.2825623738481241,586332.5636241676
342.6,-0.3571542,-0.7064991609458571,-1.1540380659946585,-0.3493449609458571,532721.5431058768
342.65,-0.34987772222222907,-0.7627678632966772,-1.096608716275429,-0.41289014107444816,481020.27064449777
342.7,-0.343587444444447,-0.8161527516937112,-1.0387411142709364,-0.47256530724926415,431593.24099073064
342.75,-0.337297166666666,-0.8666392920666643,-0.9807112657271506,-0.5293421253999984,384717.83468965994
342.8,-0.331006888888885,-0.9142247018004078,-0.9227294797118478,-0.5832178129115229,340571.87709171895
342.85,-0.326408299999996,-0.9589176206430514,-0.8650687711868008,-0.6325093206430554,299337.5915530566
342.9,-0.32260579999999994,-1.0007417357522177,-0.8080159116374951,-0.6781359357522178,261155.88538374892
342.95,-0.318803299999999,-1.0397324118356324,-0.7517537225175943,-0.7209291118356334,226053.4637276241
343.0,-0.315254822222222,-1.075932617780599,-0.6964208232972107,-0.760677795558377,194000.7852487859
343.05,-0.3146276,-1.109394332362076,-0.6422764303096654,-0.7947667323620761,165007.6051725306
343.1,-0.314000377777777,-1.1401837864062006,-0.5895425187228913,-0.8261834086284235,139024.15255285226
343.15,-0.31337315555555784,-1.1683732096760515,-0.538285190995456,-0.8550000541204936,115900.37873800582
343.2,-0.3143414,-1.194039078029982,-0.48863301423082983,-0.8796976780299821,95504.88903852254
343.25,-0.317038066666667,-1.2172664943981573,-0.44077865435465474,-0.9002284277314903,77714.32885388007
343.3,-0.319734733333334,-1.2381485700380628,-0.394821098284342,-0.9184138367047288,62353.479860181615
343.35,-0.322431400000002,-1.2567803172133336,-0.3507655461391609,-0.9343489172133317,49214.58734332152
343.4,-0.32753902222222026,-1.273258634804199,-0.3087193194504243,-0.9457196125819787,38123.04728077325
343.45,-0.33297541111111,-1.2876874979833406,-0.2687871439235159,-0.9547120868722305,28898.61149542434
343.5,-0.3384118,-1.300172224320729,-0.23094666834681946,-0.961760424320729,21334.54544819833
343.55,-0.344205266666668,-1.3108165205932254,-0.19516668377789193,-0.9666112539265574,15236.013782743865
343.6,-0.350916933333336,-1.3197232706235407,-0.16144845277196465,-0.9688063372902047,10426.24116098452
343.65,-0.357628599999996,-1.3269952917658696,-0.1297651110128613,-0.9693666917658736,6735.593614472088
343.7,-0.364340266666664,-1.3327324105666307,-0.10003894393072399,-0.9683921438999668,4003.1161211098156
343.75,-0.370505288888888,-1.3370300068944314,-0.07216170178968645,-0.9665247180055434,2082.924482073455
343.8,-0.376413066666667,-1.3399773693847075,-0.04601154061412602,-0.9635643027180405,846.8247478741472
343.85,-0.382320844444446,-1.3416583423392103,-0.021492102633190402,-0.9593374978947644,184.76419023823593
343.9,-0.38799191111110587,-1.3421521763718711,0.0014915383058165255,-0.9541602652607653,0.8898746070872123
343.95,-0.390940799999998,-1.341531120743087,0.023158675910945583,-0.9505903207430889,214.5297079792845
344.0,-0.393889688888888,-1.3398549648019709,0.04370635068985106,-0.9459652759130829,764.0980362496978
344.05,-0.396838577777777,-1.337178087704711,0.06319780052225764,-0.940339509926934,1597.5847963404271
344.1,-0.397842,-1.3335502700597235,0.08178366900891246,-0.9357082700597235,2675.427406623739
344.15,-0.39673783333333396,-1.329010809115668,0.0997037658609107,-0.932272975782334,3976.3363707389212
344.2,-0.395633666666667,-1.3235887042824577,0.11709519575073464,-0.9279550376157907,5484.513947161146
344.25,-0.394529499999999,-1.3173095426680432,0.13399147673785092,-0.9227800426680443,7181.486335356018
344.3,-0.389961311111107,-1.3101945806283737,0.1505857003036327,-0.9202332695172667,9070.421254374194
344.35,-0.384920755555551,-1.3022526304433857,0.16708040906632615,-0.9173318748878347,11166.345237508353
344.4,-0.37988019999999884,-1.2934876626043048,0.18350777973853677,-0.913607462604306,13470.042089826931
344.45,-0.373828922222221,-1.2839020715951173,0.1999218017990304,-0.9100731493728962,15987.49073382832
344.5,-0.365178644444441,-1.273492882098142,0.2164912574256676,-0.908314237653701,18747.385816698672
344.55,-0.356528366666662,-1.2622485567356212,0.2333239079568424,-0.9057201900689592,21776.018409701228
344.6,-0.347878088888882,-1.2501564779226502,0.25039716280477803,-0.9022783890337682,25079.495656273004
344.65,-0.3366836666666676,-1.237203310659132,0.26780146517328857,-0.9005196439924644,28687.04989958403
344.7,-0.324292,-1.2233686003644233,0.2856691266565651,-0.8990766003644233,32642.73996988985
344.75,-0.311900333333331,-1.2086286750027142,0.30399992636431805,-0.8967283416693832,36966.38209180432
344.8,-0.299181377777771,-1.1929616892514903,0.3227455960667355,-0.8937803114737193,41665.88791218895
344.85,-0.282698599999991,-1.1763451570834291,0.34202792018140404,-0.8936465570834382,46793.23927344676
344.9,-0.26621582222222895,-1.1587484425852932,0.36193750294671007,-0.8925326203630642,52399.5024157199
344.95,-0.249733044444448,-1.1401425107974439,0.38238094430074704,-0.8904094663529959,58486.0746257324
345.0,-0.231393066666667,-1.1205015756073993,0.4033505698714216,-0.8891085089407322,65076.672886240216
345.05,-0.211041122222218,-1.0997973385241342,0.4249269733495162,-0.8887562163019163,72225.17307199218
345.1,-0.19068917777777,-1.0779990121381007,0.4470956464938087,-0.8873098343603307,79957.80684548669
345.15,-0.17033723333334194,-1.055079746588432,0.4697462868120052,-0.8847425132550901,88264.62958946665
345.2,-0.14727897111112,-1.031016052675393,0.4928965542322371,-0.8837370815642731,97178.80526960506
345.25,-0.12385166555556,-1.0057813050750588,0.5165741811490517,-0.8819296395194988,106739.55385192533
345.3,-0.10042436,-0.9793515692928955,0.5406759570809003,-0.8789272092928955,116932.19622613901
345.35,-0.0766136294444397,-0.9517083512452998,0.5650993468376564,-0.8750947218008601,127734.90871853834
345.4,-0.051816948888907685,-0.9228372282186943,0.5897871049658527,-0.8710202793297867,139139.53167360072
345.45,-0.0270202683333474,-0.8927265449795232,0.6146607881961506,-0.8657062766461758,151123.15381836522
345.5,-0.0022235877777871,-0.8613701430944859,0.6395950661005796,-0.8591465553166988,163632.73943208193
345.55,0.0222445772222176,-0.8287683542221932,0.664450739168757,-0.8510129314444108,176597.913912763
345.6,0.0465581466666667,-0.7949287663187734,0.6890849847127796,-0.8414869129854401,189935.24646264466
345.65,0.07087171611108785,-0.7598655965839575,0.7133752477971119,-0.8307373126950454,203561.69766783633
345.7,0.0949952122904865,-0.7235989636947631,0.7372027798454172,-0.8185941759852495,217387.17544472427
345.75,0.11693286592178,-0.6861566205441295,0.7603532674793528,-0.8030894864659095,231254.8365466113
345.8,0.138870519553073,-0.6475781134718667,0.7826358855925075,-0.7864486330249396,245007.57176686742
345.85,0.160808173184366,-0.6079087835759551,0.8039741448366327,-0.7687169567603211,258549.77022631792
345.9,0.18077244198894069,-0.5671991388764283,0.8242071134477241,-0.747971580865369,271726.9463431318
345.95,0.198763325966849,-0.5255105059335864,0.8430951364583547,-0.7242738319004354,284323.7636478927
346.0,0.216754209944756,-0.48291421255320555,0.8605085611778708,-0.6996684224979616,296189.9935441637
346.05,0.234745093922662,-0.4394846716306728,0.8764212249009069,-0.6742297655533348,307245.6653827224
346.1,0.24889840000001,-0.3953004815700037,0.89063160318002,-0.6441988815700137,317289.861033205
346.15,0.262528399999997,-0.350453373236535,0.9029308058254435,-0.612981773236532,326113.6160434339
346.2,0.2761584,-0.3050394937001747,0.9133048321787848,-0.5811978937001747,333650.2865924473
346.25,0.288508100000002,-0.2591557184781524,0.9217097568041311,-0.5476638184781544,339819.55031517224
346.3,0.297565600000003,-0.2129045461544922,0.9279540107824887,-0.5104701461544952,344439.4584509229
346.35,0.306623100000005,-0.16639821238632382,0.9319250052548045,-0.47302131238632883,347393.6861676669
346.4,0.31568059999999354,-0.11974900297259455,0.9336790201236171,-0.4354296029725881,348702.6050475992
346.45,0.321694843575418,-0.07306864680567321,0.9331339363984495,-0.3947634903810912,348295.5773033863
346.5,0.326276966480446,-0.02647616721365991,0.930156205200517,-0.35275313369410594,346076.2264292105
346.55,0.330859089385474,0.019906915545363238,0.9247755238796159,-0.31095217384011076,342083.9078267272
346.6,0.335018555555555,0.06596280176850708,0.9170804073171543,-0.26905575378704794,336414.58939399914
346.65,0.335374111111111,0.11157493532360482,0.9069852109297968,-0.22379917578750616,329048.8691381472
346.7,0.335729666666667,0.1566205483807951,0.8944438958673878,-0.1791091182858719,320011.95314177225
346.75,0.336085222222222,0.20098102819375036,0.8796049841136717,-0.13510419402847162,309481.9712310451
346.8,0.334529388888887,0.24454375070916715,0.8625287612943568,-0.08998563817971986,297582.34562399104
346.85,0.331062166666664,0.2871962187839732,0.8431917527970643,-0.04386594788269077,284388.9327939942
346.9,0.3275949444444449,0.32882656307818625,0.8216728220520373,0.001231618633741327,270058.4905995836
346.95,0.324127722222222,0.36933003821165955,0.7981458754660046,0.045202315989437525,254814.73540935796
347.0,0.317709249999998,0.40860818529554627,0.7726413219802631,0.09089893529554827,238789.84497256347
347.05,0.310962861111108,0.4465615917134593,0.745181815811019,0.13559873060235134,222118.375446163
347.1,0.304216472222218,0.4830966095381059,0.7159365596575551,0.17888013731588792,205026.0629817184
347.15,0.2967620000000011,0.5181279834142257,0.6850552937713588,0.22136598341422464,187720.30220966507
347.2,0.287655333333334,0.5515760535653762,0.6526089775320435,0.2639207202320422,170359.3910221677
347.25,0.278548666666666,0.5833646385955099,0.6187078423648736,0.3048159719288439,153119.75768151894
347.3,0.269441999999997,0.6134257763731141,0.5835427321721524,0.3439837763731171,136208.8481083761
347.35,0.259421833333328,0.6417002625618948,0.5472585285584501,0.3822784292285668,119796.758831984
347.4,0.24901016666667192,0.668135087376106,0.5099815004354044,0.41912492070943413,104032.45231453853
347.45,0.238598500000003,0.6926846893983597,0.4718805884266579,0.4540861893983567,89068.51589355557
347.5,0.228166833333334,0.7153124589067413,0.4331378393893686,0.48714562557340735,75043.3551643562
347.55,0.217555166666666,0.7359905657631428,0.3939199616299077,0.5184353990964768,62069.17446820319
347.6,0.206943499999997,0.7546992184079453,0.35438707471657777,0.5477557184079482,50236.07949046931
347.65,0.19633183333334037,0.7714266993301298,0.31469887019573534,0.5750948659967894,39614.15156098892
347.7,0.186061972222227,0.7861692973150579,0.27502118071817516,0.6001073250928309,30254.659937447665
347.75,0.176133916666669,0.798931849992225,0.2355244405251029,0.622797933325556,22188.704833865093
347.8,0.166205861111112,0.8097271397137875,0.19635069664398197,0.6435212786026755,15421.438429030812
347.85,0.156277805555555,0.8185742388830399,0.15761526257629616,0.6622964333274849,9937.028398797913
347.9,0.14743300000000714,0.8254986120430693,0.11947559465849868,0.6780656120430621,5709.767087600751
347.95,0.138708555555561,0.8305342611665093,0.08208297041168738,0.6918257056109482,2695.0456126423787
348.0,0.129984111111115,0.8337208760004169,0.04552773290293475,0.7037367648893019,829.1097853123869
348.05,0.121661475000001,0.8351026133912349,0.00990657113451078,0.7134411383912339,39.25606065724888
348.1,0.114276391666664,0.8347293354585608,-0.0246472018798086,0.7204529437918967,242.99382420161626
348.15,0.106891308333336,0.8326574310348,-0.058029274782247786,0.725766122701464,1346.9586927014475
348.2,0.0995062249999986,0.8289468116276083,-0.09018772363106817,0.7294405866276097,3253.5301975015723
348.25,0.0930540666666638,0.8236605477887489,-0.12103365374982963,0.730606481122085,5859.65813601346
348.3,0.0870017333333293,0.8168669527514458,-0.15046996804486668,0.7298652194181166,9056.48451336928
348.35,0.0809493999999948,0.8086377570555382,-0.17845464861983176,0.7276883570555434,12738.424645611049
348.4,0.07500801388889036,0.7990460128621683,-0.20496859627032915,0.7240379989732779,16804.850182811675
348.45,0.0700651527777773,0.7881663786407341,-0.22995460223826633,0.7181012258629569,21151.647636223715
348.5,0.0651222916666652,0.7760767007130928,-0.25337241635122193,0.7109544090464276,25679.03254706278
348.55,0.0601794305555532,0.762855013814522,-0.2752382346390141,0.7026755832589688,30302.43432288039
348.6,0.0557469444444418,0.748578775366572,-0.2955507796152589,0.6928318309221302,34940.10533247493
348.65,0.05182483333333436,0.7333261392188037,-0.3142916300475964,0.6815013058854694,39511.69148719008
348.7,0.0479027222222226,0.7171756083894248,-0.33147301856670824,0.6692728861672023,43949.744815090125
348.75,0.0439806111111107,0.7002041634368704,-0.34713504469015016,0.6562235523257597,48201.09570081302
348.8,0.0409450999999992,0.6824874319722025,-0.36127769582764235,0.6415423319722033,52208.629401012186
348.85,0.0380080999999986,0.6641017289896902,-0.3739003602812598,0.6260936289896917,55920.59176738234
348.9,0.03507110000000164,0.6451219935029617,-0.38504726393255306,0.61005089350296,59304.55818477806
348.95,0.0324159000000006,0.625620986864009,-0.3947552778214861,0.5932050868640084,62332.69174716748
349.0,0.0304182333333335,0.6056703176539764,-0.4030324566740095,0.5752520843206429,64974.06445307494
349.05,0.0284205666666665,0.5853411571605874,-0.40990487626586225,0.556920590493921,67208.80303461273
349.1,0.0264228999999994,0.5647022289561862,-0.4154335904664704,0.5382793289561868,69034.02723514521
349.15,0.025000711111112118,0.5438195891394862,-0.41965520267007683,0.5188188780283741,70444.19565122531
349.2,0.0238251555555561,0.5227580038943063,-0.4225993906958679,0.4989328483387502,71436.09800660751
349.25,0.0226496000000003,0.5015799176223207,-0.4243277229441212,0.47893031762232036,72021.60658357714
349.3,0.0215305694444445,0.48034427932225476,-0.4249133282342436,0.4588137098778103,72220.5346044408
349.35,0.0209202638888888,0.4591067977854746,-0.42440629122055046,0.4381865338965858,72048.28001103307
349.4,0.020309958333333895,0.4379209524631127,-0.42286105870204616,0.4176109941297788,71524.58998664613
349.45,0.0196996527777782,0.41683668605485535,-0.4203560205709994,0.39713703327707717,70679.6736121146
349.5,0.019200138888889,0.39590016349077084,-0.41696198240847165,0.37670002460188184,69542.91790960105
349.55,0.0188114166666666,0.37515425408574504,-0.4127417014573498,0.35634283741907846,68142.28484876323
349.6,0.0184226944444442,0.3546386743380447,-0.40776025254491083,0.33621597989360047,66507.36942219578
349.65,0.01803397222222194,0.3343897932792631,-0.4020846400659215,0.3163558210570412,64668.823110776655
349.7,0.0174887117318435,0.31444058685017034,-0.39578614679271207,0.2969518751183268,62658.66959720889
349.75,0.0169260581005585,0.29482040710633817,-0.3889337369932052,0.2778943490057797,60507.78070859989
349.8,0.0163634044692736,0.2755554559322954,-0.3815866204778415,0.2591920514630218,58243.33957108009
349.85,0.0156316817679553,0.25666890027226996,-0.37381007152807894,0.24103721850431467,55893.587830330995
349.9,0.01454068729281804,0.23818024783129585,-0.36568545377037487,0.2236395605384778,53490.34043969799
349.95,0.0134496928176796,0.22010496547354505,-0.35728415429116905,0.20665527265586545,51060.786763022355
350.0,0.0123586983425412,0.20245555932782416,-0.3486591727023051,0.19009686098528297,48625.28748378233
350.05,0.0107162827777769,0.18524146233660363,-0.3398891146477711,0.17452517955882674,46209.844102418276
350.1,0.0088375438888876,0.16846761996114923,-0.3310604933467117,0.15963007607226162,43840.42010198726
350.15,0.006958805000000337,0.15213545685066665,-0.32222897644370696,0.1451766518506663,41532.60530398362
350.2,0.0049944230555558,0.13624402347412418,-0.3134390396494942,0.13124960041856837,39297.612630558884
350.25,0.0022592536111108,0.12078956703041993,-0.3047677079850394,0.11853031341930913,37153.342332181695
350.3,-0.0004759158333341,0.10576417889255829,-0.2962803834495583,0.1062400947258924,35112.82624680692
350.35,-0.003211085277779,0.09115808892135052,-0.2879990347855114,0.09436917419912952,33177.37761495449
350.4,-0.00633398145251295,0.07696023668897473,-0.2799595595160484,0.08329421814148767,31350.94198576794
350.45,-0.0098446043575418,0.06315727555837357,-0.27221114020852477,0.07300187991591536,29639.561941450054
350.5,-0.0133552272625711,0.049733846273393216,-0.26477907564001374,0.06308907353596431,28043.183558712048
350.55,-0.0168658501676004,0.03667403196805615,-0.2576670317709521,0.05353988213565655,26556.91970466114
350.6,-0.0208963133333372,0.023961349808113798,-0.2509024128406664,0.044857663141450996,25180.808307707277
350.65,-0.024971979999999963,0.01157754439477807,-0.24451254782300105,0.03654952439477803,23914.554417158153
350.7,-0.0290476466666674,-0.0004961698818347366,-0.2384985916810886,0.028551476784832663,22752.63129354505
350.75,-0.033235313333335,-0.012278651845670792,-0.23286484838525526,0.02095666148766421,21690.415045395166
350.8,-0.0376609800000025,-0.0237892455724685,-0.2276264857635826,0.013871734427534001,20725.526808431387
350.85,-0.04208664666667,-0.0350480246140183,-0.22279149994867287,0.007038622052651704,19854.420979751798
350.9,-0.04651231333333257,-0.04607503042131598,-0.21835447135741415,0.00043728291201659136,19071.47006471032
350.95,-0.05101248,-0.056890039035229524,-0.21431127492011418,-0.005877559035229525,18371.729023153905
351.0,-0.0555416188888897,-0.06751262755214174,-0.210656021416169,-0.011971008663252042,17750.38374355578
351.05,-0.0600707577777795,-0.07796189465284178,-0.2073757336944378,-0.01789113687506228,17201.877970122554
351.1,-0.0645951033333359,-0.0882561551267401,-0.20445247399682545,-0.023661051793404192,16720.325649369035
351.15,-0.0690842977777761,-0.09841271989699202,-0.20186371451398413,-0.02932842211921592,16299.583694953315
351.2,-0.0735734922222214,-0.10844769715178926,-0.19958508340504236,-0.03487420492956786,15933.682207119085
351.25,-0.0780626866666667,-0.1183759996105146,-0.19759271362483458,-0.04031331294384791,15617.152191050354
351.3,-0.0824702555555564,-0.12821127139431784,-0.19585859888792229,-0.045741015838761445,15344.236303336012
351.35,-0.0868024777777794,-0.13796565131368213,-0.19435214926411976,-0.05116317353590273,15109.103169433074
351.4,-0.09113469999999747,-0.1476498656697514,-0.19304865298407015,-0.05651516566975394,14907.112967585574
351.45,-0.0954669222222206,-0.15727357991709562,-0.19192916801682922,-0.06180665769487502,14734.722214252904
351.5,-0.0995370722222215,-0.1668453534062699,-0.19096419591520533,-0.06730828118404841,14586.92964861637
351.55,-0.103584433333333,-0.17637210596326464,-0.1901257809142235,-0.07278767262993163,14459.125027297327
351.6,-0.107631794444445,-0.1858598120221068,-0.18940030136156083,-0.0782280175776618,14348.989662340025
351.65,-0.1115933333333298,-0.19531374728243858,-0.18877154481154892,-0.08372041394910879,14253.87845221545
351.7,-0.115372499999998,-0.2047381597392908,-0.18821439048998495,-0.0893656597392928,14169.862715006615
351.75,-0.119151666666665,-0.21413602585720062,-0.1877075308235497,-0.09498435919053562,14093.646851149546
351.8,-0.122930833333333,-0.22350952473530258,-0.1872372853709675,-0.10057869140196958,14023.120413235649
351.85,-0.126617,-0.23286003765992586,-0.18678396159267455,-0.10624303765992585,13955.299323301488
351.9,-0.13026699999999697,-0.24218783118844428,-0.18632520678758782,-0.11192083118844731,13886.833073774946
351.95,-0.133916999999997,-0.25149216476930264,-0.18584284145448732,-0.11757516476930563,13815.024687951083
352.0,-0.137577899999998,-0.26077146109463567,-0.1853212954661458,-0.12319356109463767,13737.593021300207
352.05,-0.141318733333333,-0.27002346358294393,-0.18475003716690364,-0.12870473024961093,13653.03049326891
352.1,-0.145059566666668,-0.2792454786074148,-0.1841198142257469,-0.13418591194074678,13560.042396209417
352.15,-0.14880039999999906,-0.2884342830220073,-0.18342011698417104,-0.13963388302200824,13457.175725794796
352.2,-0.152640322222223,-0.29758628368864093,-0.18264825351332287,-0.14494596146641792,13344.153804586822
352.25,-0.156571711111113,-0.30669797492271716,-0.18180858926395366,-0.15012626381160415,13221.745252059602
352.3,-0.160503100000002,-0.31576603741726217,-0.1809027850462656,-0.15526293741726016,13090.327054998152
352.35,-0.164434488888892,-0.3247871311842891,-0.179929746779773,-0.16035264229539709,12949.885510493292
352.4,-0.16854297777777694,-0.33375803095831696,-0.17889782473418933,-0.16521505318054003,12801.77267784989
352.45,-0.172666866666667,-0.3426760751908796,-0.1778155378012415,-0.1700092085242126,12647.3461934179
352.5,-0.176790755555556,-0.35153872858938373,-0.1766817735560143,-0.17474797303382772,12486.579642759487
352.55,-0.180890911111113,-0.36034332575657047,-0.17549227091688616,-0.17945241464545747,12319.014860626306
352.6,-0.184940633333336,-0.36908689592399835,-0.1742390612323264,-0.18414626259066236,12143.700183648956
352.65,-0.188990355555554,-0.37776604306150113,-0.17291442403751192,-0.18877568750594714,11959.759216089793
352.7,-0.193040077777777,-0.38637705313488196,-0.17151263317748816,-0.19333697535710495,11766.633335790246
352.75,-0.1967318,-0.39491564078305436,-0.1700110091556391,-0.19818384078305434,11561.49729364752
352.8,-0.200284300000001,-0.4033760374196562,-0.16838251803032736,-0.20309173741965522,11341.068951293408
352.85,-0.203836800000001,-0.41175166289060827,-0.16662040394562014,-0.20791486289060726,11104.94360440065
352.9,-0.207276466666664,-0.4200358024145897,-0.1647219801511185,-0.21275933574792572,10853.33229796219
352.95,-0.209888688888888,-0.4282209272425571,-0.1626479052804049,-0.2183322383536691,10581.736436841426
353.0,-0.212500911111111,-0.43629719041939613,-0.16036985550661229,-0.22379627930828513,10287.39622208468
353.05,-0.215113133333333,-0.4442547626144391,-0.15790291298966744,-0.22914162928110607,9973.331972248994
353.1,-0.217028555555556,-0.45208404647183315,-0.1552300443629356,-0.23505549091627714,9638.546669167583
353.15,-0.21830077777777696,-0.4597735794213822,-0.15230602312304792,-0.24147280164360524,9278.849871823362
353.2,-0.219572999999999,-0.46731031661303796,-0.14912197328152602,-0.24773731661303897,8894.945166150465
353.25,-0.220845222222222,-0.4746818108010927,-0.14569980884761818,-0.2538365885788707,8491.373719292991
353.3,-0.2206457,-0.4818754831470659,-0.14198890537741746,-0.2612297831470659,8064.339700110882
353.35,-0.2203182,-0.48887499404685636,-0.13793542392993782,-0.2685567940468564,7610.472469892665
353.4,-0.21999069999999937,-0.49566362108693496,-0.13355753632845963,-0.2756729210869356,7135.046204051125
353.45,-0.219169244444446,-0.5022253354287156,-0.12885492891894482,-0.28305609098426965,6641.437082682529
353.5,-0.217298133333334,-0.5085428730018439,-0.1237780653642372,-0.29124473966850983,6128.403786125351
353.55,-0.215427022222222,-0.5145965518755495,-0.11830585305001505,-0.29916952965332755,5598.509946356702
353.6,-0.213555911111109,-0.5203674050887227,-0.11247054986001447,-0.3068114939776137,5059.8498343256
353.65,-0.21088319999999963,-0.5258374730674098,-0.10626751331885616,-0.3149542730674102,4517.113754789309
353.7,-0.207898755555555,-0.5309877698963497,-0.09968148077379568,-0.3230890143407946,3974.559043702639
353.75,-0.20491431111111,-0.535799687553804,-0.09273952786698256,-0.330885376442694,3440.2480115963335
353.8,-0.201870766666665,-0.5402564664291486,-0.0854822420970892,-0.33838569976248356,2922.8854855781474
353.85,-0.19839382222222,-0.5443429875820388,-0.07792954619746337,-0.3459491653598188,2429.205668217031
353.9,-0.19491687777777794,-0.5480448860843884,-0.07010462181133265,-0.35312800830661045,1965.8631997239909
353.95,-0.191439933333333,-0.5513496259063341,-0.06205005732294966,-0.3599096925730011,1540.0838455125354
354.0,-0.188041133333333,-0.5542467920073392,-0.053809221670836925,-0.3662056586740062,1158.1729347285063
354.05,-0.184714466666665,-0.5567281659876326,-0.04542515003155349,-0.3720136993209676,825.3777021556579
354.1,-0.181387799999998,-0.5587875111414657,-0.036933033872987076,-0.37739971114146775,545.6195964252843
354.15,-0.17806113333333556,-0.5604201409692335,-0.028360955903287674,-0.382359007635898,321.7375278992912
354.2,-0.175274200000001,-0.5616231285657702,-0.019759875051397854,-0.38634892856576925,156.18106481874213
354.25,-0.1725342,-0.5623964672400267,-0.01117897386504964,-0.3898622672400267,49.987782670185155
354.3,-0.169794199999999,-0.5627417101878264,-0.0026390609488050904,-0.39294751018782736,2.7858570766032096
354.35,-0.167302822222221,-0.5626615521608168,0.005830182528268429,-0.3953587299385958,13.596411325170578
354.4,-0.16533976666666791,-0.5621607711492815,0.01417476100183689,-0.3968210044826136,80.36953978367836
354.45,-0.163376711111112,-0.5612468190689305,0.022354737837180838,-0.3978701079578185,199.89372150763384
354.5,-0.161413655555556,-0.5599282667412017,0.030356554151370972,-0.3985146111856457,368.6081519780473
354.55,-0.159998189944134,-0.5582147876840877,0.038141093822347795,-0.3982165977399537,581.8972151860548
354.6,-0.158795675977653,-0.5561185499772138,0.045662243760398714,-0.3973228739995608,834.0162020936285
354.65,-0.15759316201117307,-0.5536532227004748,0.052904022995603726,-0.3960600606893017,1119.5342596477471
354.7,-0.156470722222222,-0.5508329107370041,0.059860285577872,-0.3943621885147821,1433.3015157857562
354.75,-0.155840166666667,-0.5476723881977994,0.06650529565834791,-0.3918322215311324,1769.1817402417078
354.8,-0.155209611111111,-0.5441878427712107,0.07282291286197475,-0.3889782316600997,2121.2706550811067
354.85,-0.154579055555555,-0.5403953547470922,0.07882533838301889,-0.3858162991915372,2485.373588478972
354.9,-0.1540716500000001,-0.5363104032114391,0.08452235759284944,-0.38223875321143896,2857.6115732214057
354.95,-0.15366915,-0.5319480813931716,0.08992180556084961,-0.3782789313931716,3234.3724461292973
355.0,-0.15326665,-0.5273229173854515,0.0950396365949836,-0.37405626738545145,3613.0130096426183
355.05,-0.15286415,-0.5224484483177564,0.09989761618341408,-0.3695842983177564,3991.813487651486
355.1,-0.152275738888889,-0.5173369792121111,0.10452606604984437,-0.36506124032322207,4370.279393542571
355.15,-0.151675461111111,-0.511999178494506,0.10895417716841901,-0.3603237173833951,4748.405088978896
355.2,-0.151075183333334,-0.5064445908664934,0.11320038549785492,-0.3553694075331594,5125.730910745186
355.25,-0.150259194444445,-0.5006817240715609,0.11729138103080099,-0.35042252962711584,5502.907225645016
355.3,-0.149024472222222,-0.49471728840122675,0.12127207409265814,-0.3456928161790047,5882.766381894066
355.35,-0.14778975,-0.4885558172720952,0.12517471129365912,-0.3407660672720952,6267.483338980364
355.4,-0.1465550277777782,-0.48220092626329963,0.12901085860788847,-0.3356458984855214,6657.520655497837
355.45,-0.144598805555557,-0.4756550556088763,0.1328275131175578,-0.3310562500533193,7057.259296397997
355.5,-0.142389083333334,-0.4689175326407396,0.13668279257278862,-0.3265284493074056,7472.874314198384
355.55,-0.140179361111111,-0.4619857527189299,0.14059963952746668,-0.3218063916078189,7907.3034541014285
355.6,-0.137797788888889,-0.4548562121453743,0.14459797670508812,-0.3170584232564853,8363.429946882083
355.65,-0.13436056666667,-0.4475234131448749,0.14874869462389145,-0.3131628464782049,8850.469660924686
355.7,-0.130923344444447,-0.43997782111365247,0.15311071508679244,-0.3090544766692055,9377.156429755572
355.75,-0.127486122222224,-0.43220872774430696,0.15768950765414835,-0.30472260552208297,9946.392329683085
355.8,-0.123317350000001,-0.42420460927604364,0.16252368444972076,-0.30088725927604265,10565.579202844963
355.85,-0.118525405555554,-0.41595104232925395,0.16767656221710447,-0.29742563677369993,11246.171806778602
355.9,-0.11373346111111196,-0.4074312801949219,0.17316959450961597,-0.29369781908381,11995.083385049928
355.95,-0.108941516666665,-0.39862863095073936,0.17898953695465558,-0.28968711428407434,12814.901735696807
356.0,-0.102725080555553,-0.3895260090098319,0.18518806738405297,-0.2868009284542789,13717.848120576218
356.05,-0.0964177194444403,-0.3801027058954449,0.1918135620126745,-0.2836849864510046,14716.97702879605
356.1,-0.090110358333328,-0.3703379532611474,0.1988409992778198,-0.28022759492781935,15815.097197520776
356.15,-0.08325763722222179,-0.3602119843335342,0.2062656800941842,-0.2769543471113124,17018.21231388653
356.2,-0.0753462761111104,-0.3497040304169884,0.21413156070518696,-0.274357754305878,18340.93011601567
356.25,-0.0674349149999977,-0.33879125112379443,0.22245224561995328,-0.2713563361237967,19794.000632544008
356.3,-0.0595235538888851,-0.3274518699382482,0.23118929474749686,-0.2679283160493631,21379.39600233799
356.35,-0.0503007483333269,-0.3156649596987517,0.24036799686275964,-0.26536421136542476,23110.70956632625
356.4,-0.04061716500000271,-0.30340698485854434,0.25003189111394714,-0.2627898198585416,25006.378629606686
356.45,-0.0309335816666676,-0.2906540767927826,0.2601575273650303,-0.259720495126115,27072.775617874595
356.5,-0.0210004677777767,-0.2773841263865635,0.2707095174812603,-0.2563836586087868,29313.457141974715
356.55,-0.00953452333333,-0.2635754177722651,0.28172363222461244,-0.2540408944389351,31747.281981531476
356.6,0.0019314211111165,-0.24920379426426537,0.2932158364742748,-0.25113521537538186,34390.21070372346
356.65,0.013397365555551164,-0.2342469163581226,0.30512305899960573,-0.24764428191367374,37240.03245331075
356.7,0.0258648899999962,-0.21868486160863101,0.3174276556639047,-0.2445497516086272,40304.12663211297
356.75,0.039185612222221,-0.20249722848192203,0.3301474320766396,-0.24168284070414303,43598.93076271975
356.8,0.0525063344444457,-0.18566380734712176,0.3432459610834143,-0.23817014179156745,47127.11592003071
356.85,0.0658270566666705,-0.1681676481766081,0.35664372800121363,-0.2339947048432786,50877.899489041454
356.9,0.08075128833332343,-0.14999447717937855,0.3703388837490882,-0.23074576551270198,54860.35552660826
356.95,0.0957778716666595,-0.13112881860996117,0.384330833883864,-0.2269066902766207,59084.07594954651
357.0,0.110804454999996,-0.11155776000345859,0.39854121881834437,-0.2223622150034546,63534.04123888457
357.05,0.126304988888887,-0.09127202386022885,0.4129123180289471,-0.21757701274911584,68198.63295201535
357.1,0.142725544444446,-0.07026405112494151,0.42743228454071075,-0.2129895955693875,73079.34314707645
357.15,0.1591460999999859,-0.048526912623371735,0.44206561293181007,-0.20767301262335763,78168.80245471078
357.2,0.175566655555545,-0.026056920793983668,0.45673343184654086,-0.20162357634952865,83442.17110652752
357.25,0.192547555555551,-0.002853832258139632,0.47138565587647957,-0.19540138781369062,88881.77462643952
357.3,0.209725333333338,0.02108069393285411,0.48598101727059756,-0.1886446394004839,94471.01965894594
357.35,0.226903111111124,0.04574216552777574,0.5004503329338656,-0.18116094558334825,100180.21429344678
357.4,0.24407766111111295,0.07112231057137637,0.5147148288739288,-0.1729553505397366,105972.54202508714
357.45,0.261232383333338,0.09720891077907767,0.5286952667296378,-0.1640234725542603,111807.47402492916
357.5,0.278387105555564,0.12398579804386753,0.5423135936553811,-0.15440130751169648,117641.61354536553
357.55,0.295541827777789,0.15143297468570904,0.5554945007449257,-0.14410885309207994,123429.65614314169
357.6,0.312143050000014,0.17952629593380579,0.5681387786369386,-0.13261675406620824,129112.66871642895
357.65,0.32827277222222095,0.20823596180117435,0.5801301814158166,-0.12003681042104661,134620.4109558193
357.7,0.344402494444446,0.23752705397857127,0.5913865178012435,-0.10687544046587472,139895.2053748322
357.75,0.360532216666671,0.26736147030309526,0.6018548325731987,-0.09317074636357575,144891.6957966852
357.8,0.374741205555562,0.29769706414399316,0.6113957445833256,-0.07704414141156884,149521.90259783965
357.85,0.388827594444454,0.3284833653649773,0.6198764977852644,-0.06034422907947673,153698.74900260998
357.9,0.40291398333332784,0.3596665264831797,0.6272665229457822,-0.043247456850148136,157385.3163233966
357.95,0.415986322222221,0.3911906953029905,0.6334978549227116,-0.024795626919230485,160527.81287667077
358.0,0.427090211111112,0.4229944038347307,0.638415471145824,-0.004095807276381314,163029.72551933778
358.05,0.438194100000003,0.4550087717522907,0.6419251448157068,0.016814671752287735,164827.15661866646
358.1,0.449297988888894,0.4871635667899177,0.6440339459021847,0.037865577901023684,165911.88938973524
358.15,0.4576644944444399,0.5193867674050081,0.6446195566174757,0.0617222729605682,166213.7491094844
358.2,0.465069216666665,0.5515975091044792,0.6435247558604991,0.08652829243781424,165649.64456212596
358.25,0.472473938888888,0.5837109871270031,0.6407348026958395,0.11123704823811509,164216.43495427055
358.3,0.47929617877095,0.6156428717055378,0.6362581325228697,0.1363466929345878,161929.76448059583
358.35,0.482540312849164,0.6473060357516187,0.629936608446858,0.16476572290245473,158728.05226461202
358.4,0.48578444692737294,0.6786039033008491,0.6216576743840581,0.19281945637347614,154583.30564823822
358.45,0.489028581005587,0.7094403608892397,0.6114925558818413,0.22041177988365268,149569.2583595627
358.5,0.489818651933701,0.7397210226404718,0.5994001290415722,0.2499023707067708,143712.20587802137
358.55,0.48868053038674,0.7693462399310792,0.5852604189133762,0.2806657095443392,137011.90317866424
358.6,0.487542408839779,0.7982131725576046,0.5690874721543483,0.3106707637178256,129544.22038521046
358.65,0.48640428729281415,0.8262230071050477,0.5509958939507672,0.33981871981223355,121438.59006024204
358.7,0.481086178770952,0.8532793933011221,0.5309031470300959,0.3721932145301701,112743.26061058383
358.75,0.475501262569833,0.8792786499971591,0.5087301231632241,0.4037773874273261,103522.53528546766
358.8,0.469916346368714,0.9041199098884672,0.48460719946175906,0.43420356351975326,93937.65510806766
358.85,0.462778799999994,0.9277080223634916,0.45860349011266793,0.4649292223634976,84126.86445740797
358.9,0.452881022222226,0.949947929393192,0.4306602834658692,0.49706690717096597,74187.31190196113
358.95,0.442983244444446,0.9707421622856235,0.40080342733122976,0.5277589178411775,64257.35494418415
359.0,0.433085466666667,0.9899990601826573,0.36919348318985995,0.5569135935159903,54521.531211944566
359.05,0.42002482222222,1.0076324248649122,0.33583871444137897,0.5876076026426922,45115.05684705523
359.1,0.405965377777772,1.0235533545854607,0.30070922771636793,0.6175879768076887,36170.41585350977
359.15,0.3919059333333403,1.0376759148246402,0.26393348126805977,0.6457699814912998,27864.3530137109
359.2,0.377204977777785,1.049921710721047,0.22565806289298038,0.672716732943262,20368.624539444914
359.25,0.359136088888892,1.0602165336837657,0.18587182967000676,0.7010804447948737,13819.334825950402
359.3,0.3410672,1.0684842359978093,0.1446058254128339,0.7274170359978093,8364.337897330799
359.35,0.322998311111108,1.0746557075633316,0.10205490975559207,0.7516573964522236,4166.081842088816
359.4,0.3028678444444592,1.078669905791841,0.05831467542636861,0.7758020613473817,1360.2405480330876
359.45,0.281117566666679,1.0804677410361436,0.013408162253339795,0.7993501743694646,71.91152600475444
359.5,0.259367288888897,1.0799933706555924,-0.03254011995435429,0.8206260817666955,423.54376265750653
359.55,0.237617011111115,1.0771996732361049,-0.07933254950580752,0.8395826621249899,2517.4613644365604
359.6,0.2127902,1.0720468288512548,-0.12692241763236417,0.8592566288512548,6443.720039057707
359.65,0.18783520000002396,1.0644948793946811,-0.17526628859091933,0.8766596793946572,12287.308766574168
359.7,0.162880200000019,1.0545107362795458,-0.22417891169930315,0.8916305362795268,20102.473780273584
359.75,0.137018020000013,1.0420698774313517,-0.2735189119338012,0.9050518574313386,29925.038074180193
359.8,0.109543075555554,1.0271527614151112,-0.32322446906215174,0.9176096858595573,41789.62296020395
359.85,0.0820681311110958,1.00974308887143,-0.3731913338216308,0.9276749577603343,55708.70865582714
359.9,0.05459318666666744,0.9898322215471222,-0.42324334744834663,0.9352390348804548,71653.97246371275
359.95,0.0260375433333279,0.9674193535062796,-0.4732598966511295,0.9413818101729517,89589.97191129511
360.0,-0.0028593733333441,0.9425085564318605,-0.5231375936893043,0.9453679297652046,109469.17677241428
360.05,-0.0317562900000164,0.9151104502817682,-0.5727246190070824,0.9468667402817846,131205.39568672306
360.1,-0.0607451800000223,0.8852436020486409,-0.6218619093312132,0.9459887820486632,154684.8937108248
360.15,-0.0902169299999944,0.8529339570808983,-0.6704180327257178,0.9431508870808927,179784.13544152863
360.2,-0.11968868,0.8182136841302547,-0.7182618972393108,0.9379023641302547,206360.06121032572
360.25,-0.149160430000006,0.7811221059341393,-0.7652463857974104,0.9302825359341453,234240.81239039966
360.3,-0.178390400000011,0.7417058909538442,-0.8112212014657278,0.9200962909538553,263231.9350829996
360.35,-0.207430400000017,0.7000193252179218,-0.8560367375685581,0.9074497252179388,293119.55842680816
360.4,-0.236470400000022,0.6561236923084091,-0.899564830183759,0.892594092308431,323686.75348141405
360.45,-0.265510399999994,0.6100861459379993,-0.9416957399766099,0.8755965459379933,354716.346676038
360.5,-0.293617333333333,0.5619798316493188,-0.982285018377587,0.8555971649826517,385953.54293162253
360.55,-0.321685388888894,0.5118856059544752,-1.0211975180285147,0.8335709948433692,417137.7483310394
360.6,-0.349753444444455,0.45988941424182606,-1.058350790088272,0.809642858686281,448042.5579521879
360.65,-0.3772456000000151,0.406081545252148,-1.0936438215605486,0.7833271452521631,478422.72337502445
360.7,-0.403713933333323,0.35055841186693293,-1.1269349419752326,0.754272345200256,507992.9453778884
360.75,-0.430182266666662,0.29342318258056505,-1.158118812330993,0.723605449247227,536495.6733899798
360.8,-0.4566506,0.2347825016455075,-1.1871450376058785,0.6914331016455075,563725.3361249052
360.85,-0.48123075555556,0.17474689707649077,-1.213879148046501,0.6559776526320508,589401.0344248397
360.9,-0.5052146444444533,0.1134353228233085,-1.2381698878533338,0.6186499672677618,613225.8684746949
360.95,-0.52919853333332,0.050971484139675075,-1.2599667976269329,0.5801700174729951,635006.5324489074
361.0,-0.55262317777777,-0.012519107719437372,-1.2792296220011776,0.5401040700583326,654571.3703221102
361.05,-0.573111788888885,-0.07690638309955493,-1.2957881151746216,0.4962054057893301,671626.7357711194
361.1,-0.5936004,-0.1420507533924825,-1.309517505441597,0.4515496466075175,685934.4388231933
361.15,-0.6140890111111125,-0.20781145825282166,-1.3204471881869517,0.4062775528582908,697432.3107163309
361.2,-0.632094799999991,-0.27404745299990785,-1.3284969615181883,0.3580473470000831,705961.6707052235
361.25,-0.648149799999999,-0.34061051590137215,-1.3335095125326126,0.30753928409862685,711299.0480059865
361.3,-0.664204800000007,-0.4073474389814436,-1.3354647572079281,0.25685736101856343,713386.4470977722
361.35,-0.680259800000015,-0.47410742777568626,-1.3344466432438198,0.2061523722243287,712299.1374658793
361.4,-0.6915996000000126,-0.5407402400521857,-1.3303180368247014,0.15085935994782695,707898.4316404511
361.45,-0.702742933333335,-0.6070852739943734,-1.322952322518949,0.09565765933896164,700081.1390633126
361.5,-0.713886266666671,-0.6729834025877452,-1.312462620464333,0.04090286407892574,689023.2520464415
361.55,-0.723253000000004,-0.7382801449864936,-1.298889947166345,-0.015027144986489605,674846.0379399164
361.6,-0.729461333333338,-0.8028192999256272,-1.2821322051548831,-0.07335796659228921,657545.1965981293
361.65,-0.7356696666666731,-0.8664402863789678,-1.2621898459068455,-0.13077061971229464,637249.2828441386
361.7,-0.741878,-0.9289879033802286,-1.239224729305384,-0.1871099033802286,614271.1718888009
361.75,-0.744333622222222,-0.9903121186636483,-1.213222091673139,-0.24597849644142633,588763.1374894987
361.8,-0.745604177777778,-1.050258566210811,-1.184127072617918,-0.30465438843303305,560862.7696426722
361.85,-0.746874733333334,-1.1086756258076633,-1.1520801504564357,-0.36180089247432934,530915.4692302895
361.9,-0.7472741777777743,-1.1654200718744865,-1.1172428829699306,-0.4181458940967122,499292.6638187848
361.95,-0.74310028888889,-1.2203525380423292,-1.0795640132663566,-0.4772522491534392,466183.3834959049
362.0,-0.7389264,-1.2733292793202287,-1.0390533756404703,-0.5344028793202287,431852.7669719425
362.05,-0.73475251111111,-1.3242146354538664,-0.9959480297606051,-0.5894621243427565,396764.9911936125
362.1,-0.727085899441336,-1.3728819968379955,-0.9503178927768016,-0.6457960973966596,361241.6389326962
362.15,-0.7166750055865831,-1.4192035007928794,-0.9021123827693741,-0.7025284952062962,325522.7004583351
362.2,-0.706264111731843,-1.463052437481118,-0.8514583378598896,-0.756788325749275,289992.5204444503
362.25,-0.69585321787709,-1.5043128033927984,-0.798611625910309,-0.8084595855157084,255112.2116156429
362.3,-0.678973088397782,-1.5428761438438263,-0.7435181720781366,-0.8639030554460443,221127.70888416545
362.35,-0.661960933701649,-1.578626454111942,-0.686133922389247,-0.9166655204102929,188311.90378130128
362.4,-0.6449487790055141,-1.6114557697224605,-0.6267228262064783,-0.9665069907169465,157112.60035529427
362.45,-0.625597000000013,-1.6412675393618885,-0.5654395622884326,-1.0156705393618757,127888.7594403737
362.5,-0.602085888888898,-1.667967924816663,-0.5022483623546918,-1.065882035927765,100901.36699518793
362.55,-0.578574777777782,-1.6914620079407707,-0.4372343034933997,-1.1128872301629888,76469.53446054335
362.6,-0.555063666666667,-1.711665614294126,-0.37067496591685245,-1.156601947627459,54959.97214298389
362.65,-0.5273536145251301,-1.7285050707353713,-0.3026496966345116,-1.2011514562102412,36638.735549184756
362.7,-0.498317581005599,-1.7419066079973953,-0.23318527216448748,-1.2435890269917964,21750.148461770437
362.75,-0.469281547486035,-1.751803324770136,-0.16250346848464087,-1.2825217772841009,10562.950907815468
362.8,-0.439537899999991,-1.7581407290713054,-0.09084718043388683,-1.3186028290713143,3301.284077114876
362.85,-0.406570677777762,-1.760873316490846,-0.018306834827060067,-1.354302638713084,134.05608055410377
362.9,-0.3736034555555335,-1.7599587493327915,0.05499457726049377,-1.386355293777258,1209.7614112241674
362.95,-0.340636233333343,-1.7553655334460254,0.1287968583971671,-1.4147293001126824,6635.452293191964
363.0,-0.305955433333337,-1.7470735845500334,0.20292889904691258,-1.4411181512166964,16472.055227356817
363.05,-0.270033766666663,-1.7350689800162975,0.27728187332551063,-1.4650352133496345,30754.09490996181
363.1,-0.23411209999999,-1.71934471618581,0.35167706014694655,-1.48523261618582,49470.70185343963
363.15,-0.198190433333314,-1.6999043128812164,0.4258912079410378,-1.5017138795479024,72553.32840059052
363.2,-0.160383083333351,-1.6767607825988198,0.4997949585942645,-1.5163776992654687,99918.00025449702
363.25,-0.122537250000011,-1.6499320684919685,0.5732647401361698,-1.5273948184919575,131452.9849133561
363.3,-0.0846914166666703,-1.6194448971590125,0.6461002628993772,-1.5347534804923422,166978.2198874577
363.35,-0.0464321011111074,-1.5853355598940795,0.7181256482436056,-1.5389034587829722,206281.77866611947
363.4,-0.0074981566666555,-1.54764818562397,0.789200684539289,-1.5401500289573147,249135.088190913
363.45,0.031435787777752,-1.5064339081496214,0.8591716945274732,-1.5378696959273734,295270.4002708839
363.5,0.0703697322222038,-1.4617523798764882,0.927861888583204,-1.532122112098692,344371.07371407596
363.55,0.109251589999999,-1.413671939297212,0.9950999457140967,-1.522923529297211,396089.56078407925
363.6,0.148118756666685,-1.3622693307459837,1.0607223873642406,-1.5103880874126687,450052.7932222776
363.65,0.1869859233333709,-1.3076291820392059,1.1245770964611634,-1.4946151053725767,505869.4583540084
363.7,0.225660900000011,-1.24984361054001,1.1865136581100364,-1.4755045105400209,563125.8643526642
363.75,0.263460344444462,-1.189012786433632,1.246353346304267,-1.452473130878094,621358.6655375378
363.8,0.301259788888914,-1.125245875150378,1.3039382507808033,-1.4265056640392921,680101.9847397204
363.85,0.339059233333366,-1.0586583707811106,1.359159703414205,-1.3977176041144765,738926.0397539957
363.9,0.3755145277778143,-0.9893719785060845,1.4118579885964309,-1.3648865062838988,797337.1919854238
363.95,0.410996472222226,-0.9175178388792434,1.4618413696200454,-1.3285143111014694,854792.0759730441
364.0,0.446478416666677,-0.84323510923824,1.5089895615508437,-1.2897135259049168,910819.798747763
364.05,0.481960361111128,-0.7666672953966251,1.5532337841582353,-1.2486276565077532,965014.0753002047
364.1,0.513831550000021,-0.6879639236131926,1.5943477529148022,-1.2017954736132137,1016777.9028897916
364.15,0.5456290500000271,-0.6072882755977674,1.6321171533683647,-1.1529173255977945,1065522.5609277016
364.2,0.577426549999997,-0.5248086128583763,1.6665030257257596,-1.1022351628583733,1110892.9339012445
364.25,0.607382211111114,-0.4406962615758649,1.6973926535119754,-1.048078472686979,1152456.72807857
364.3,0.634332766666674,-0.3551316156654547,1.7245475171459106,-0.9894643823321287,1189625.65555765
364.35,0.661283322222235,-0.2683060026639954,1.7478337337229661,-0.9295893248862304,1221969.1042959858
364.4,0.6882338777777904,-0.18041239879401388,1.7672715065072953,-0.8686462765718044,1249299.4310850261
364.45,0.710636599999994,-0.09164603874391397,1.782679797999858,-0.8022826387439079,1271178.904878726
364.5,0.731756599999998,-0.0022152103131130307,1.7938418354148422,-0.733971810313111,1287147.412193796
364.55,0.752876600000002,0.08766768091027283,1.8007769981194162,-0.6652089190897292,1297119.1187823904
364.6,0.772798100000004,0.17779265385804033,1.803523089554492,-0.5950054461419637,1301078.2138224721
364.65,0.7872597666666734,0.267946697853289,1.8018733980417267,-0.5193130688133845,1298699.0970281756
364.7,0.801721433333326,0.35790469905536526,1.7957067313617283,-0.44381673427796076,1289825.0660231288
364.75,0.816183099999996,0.4474447063700787,1.7851807213157733,-0.36873839362991734,1274748.083103002
364.8,0.826517744444444,0.5363495783104311,1.7702643163128042,-0.290168166134013,1253534.299844176
364.85,0.833863855555556,0.6243953803739897,1.7508033700744898,-0.2094684751815663,1226124.9762656763
364.9,0.8412099666666684,0.7113552908915091,1.7268652228669672,-0.1298546757751593,1192825.3991789522
364.95,0.848556077777773,0.7970109984996226,1.6986729885338336,-0.05154507927815033,1154195.9687897863
365.0,0.848728861111111,0.8811497242019309,1.6661104237235118,0.03242086309081993,1110369.577616056
365.05,0.84875525,0.9635476401823192,1.629084023701919,0.11479239018231924,1061565.9025123338
365.1,0.848781638888889,1.0439882511386576,1.587865199139077,0.19520661224976854,1008526.3562547924
365.15,0.8460399388888797,1.1222668026072435,1.5426055636350287,0.2762268637183638,951852.7699830978
365.2,0.838781883333331,1.1981806011342482,1.4932545501175385,0.35939871780091714,891923.6605786929
365.25,0.831523827777774,1.2715258625622654,1.4399197655275517,0.4400020347844914,829347.5724627678
365.3,0.824265772222217,1.3421117760290355,1.382936644256587,0.5178460038068186,765005.5048110678
365.35,0.811446533333321,1.4097598982487771,1.3223766899242055,0.5983133649154562,699472.0440219594
365.4,0.7970587555555407,1.4742901017079337,1.258255977959614,0.677231346152393,633283.2424284419
365.45,0.782670977777776,1.5355310488195264,1.1908676990915235,0.7528600710417505,567266.3506958158
365.5,0.767070249999994,1.5933275425284454,1.1205190224573318,0.8262572925284515,502225.1518754938
365.55,0.745943861111101,1.64753434946597,1.0472544894240785,0.901590488354869,438696.7862475549
365.6,0.724817472222208,1.6980063146134836,0.9711881503258324,0.9731888423912756,377282.5693333247
365.65,0.7036910833333109,1.7446126645203366,0.8926904912716084,1.0409215811870256,318758.5252826982
365.7,0.678942433333336,1.7872380212081096,0.811951772101241,1.1082955878747736,263706.27208733826
365.75,0.651570766666664,1.8257716682308596,0.7290418907315911,1.1742009015641957,212600.83137659729
365.8,0.624199099999992,1.860110025304493,0.6441995186111251,1.235910925304501,165997.20791152213
365.85,0.59682743333332,1.8901652458660383,0.557773296838113,1.2933378125327182,124444.4202662631
365.9,0.5640510666666446,1.9158624867349126,0.4698548999657479,1.3518114200682678,88305.45080872919
365.95,0.531164400000009,1.9371274326937293,0.3805369847009684,1.4059630326937205,57923.358690122026
366.0,0.498277733333336,1.9538983950207407,0.29015027574750174,1.4556206616874046,33674.87300654052
366.05,0.463597149999996,1.9661286960048479,0.19893670550052575,1.5025315460048518,15830.325118161165
366.1,0.425989649999989,1.9737800512772357,0.10700148128483948,1.5477904012772465,4579.7267988599415
366.15,0.3883821499999823,1.9768198754359902,0.014526597859300494,1.588437725436008,84.40881814633349
366.2,0.350774650000018,1.975228717112573,-0.07818953641036545,1.6244540671125551,2445.441441627146
366.25,0.309958223463693,1.9689993024983912,-0.1710037966452358,1.659041079034698,11696.919386834063
366.3,0.268236715083789,1.9581283593117338,-0.26381825580769036,1.6898916442279448,27840.02883896478
366.35,0.226515206703885,1.9426212820118673,-0.3564061268280567,1.7161060753079824,50810.130896230745
366.4,0.1843033888888468,1.9224953641638898,-0.44853853698609025,1.738191975275043,80474.7276646489
366.45,0.140130333333333,1.8977772240281872,-0.5400844370877862,1.7576468906948541,116676.47967377235
366.5,0.0959572777777694,1.8684991169682257,-0.6309000845019472,1.7725418391904564,159213.96664982566
366.55,0.0517842222222055,1.8347030123785477,-0.7207693545025418,1.7829187901563421,207803.38495600427
366.6,0.0067836666666407,1.7964407955560995,-0.8095229433682117,1.7896571288894587,262130.95833581316
366.65,-0.03876855555559,1.7537716350538433,-0.897022619648575,1.7925401906094334,321859.8320644768
366.7,-0.0843207777777691,1.706762233107205,-0.9831014479215714,1.791083010884974,386595.38276219607
366.75,-0.129873,1.6554882403795108,-1.067576335260179,1.7853612403795107,455887.69264302164
366.8,-0.17536637016576,1.600034323701693,-1.1502688264758507,1.775400693867453,529247.3492648524
366.85,-0.220859740331521,1.5404939394893815,-1.2310074584492243,1.7613536798209024,606151.7451030475
366.9,-0.2663531104972814,1.476968859577389,-1.3096302611849195,1.7433219700746705,686052.5684045121
366.95,-0.311591761111115,1.4095689542287795,-1.3859717666153117,1.7211607153398945,768367.0951419072
367.0,-0.356414816666679,1.3384126368081688,-1.4598572575331694,1.6948274534748478,852473.2849489066
367.05,-0.401237872222243,1.2636267526208482,-1.5311324841831795,1.6648646248430912,937746.6736483818
367.1,-0.446060927777808,1.1853450351378885,-1.599670095711497,1.6314059629156965,1023577.7660454522
367.15,-0.489562005586624,1.1037083212681673,-1.665294376537235,1.5932703268547912,1109282.1442106154
367.2,-0.5326902178770321,1.0188671765772068,-1.7278250955706944,1.551557394454239,1194151.8243535517
367.25,-0.575818430167586,0.9309792620182437,-1.7871498577082403,1.5067976921858297,1277561.8455626334
367.3,-0.618167388888881,0.8402076798915172,-1.843146363803954,1.4583750687803982,1358875.407361495
367.35,-0.657399333333333,0.7467243103724148,-1.895563130207146,1.4041236437057478,1437263.8322402856
367.4,-0.6966312777777857,0.650714418868369,-1.9441976390706266,1.3473456966461548,1511961.7839071194
367.45,-0.7358632222221436,0.5523684982106786,-1.988995850099414,1.2882317204328222,1582441.7966850763
367.5,-0.771732333333321,0.45188211149559837,-2.0297586693328475,1.2236144448289195,1647968.102292741
367.55,-0.80535955555556,0.34946467348736915,-2.0662001142916466,1.1548242290429291,1707673.1649195254
367.6,-0.838986777777799,0.24533607195035473,-2.098204139288314,1.0843228497281536,1760984.2440506462
367.65,-0.8726140000000304,0.13971824784611003,-2.1257697983729753,1.0123322478461405,1807558.894269872
367.7,-0.8994176111110854,0.03283820067828398,-2.148590969406998,0.9322558117893694,1846577.2615269208
367.75,-0.926221222222232,-0.0750571457944157,-2.1663910823461507,0.8511640764278163,1877300.1286675704
367.8,-0.953024833333349,-0.1837182681131299,-2.1792339704691934,0.7693065652202191,1899624.27921877
367.85,-0.977015111111126,-0.29289701282958813,-2.187066638680976,0.6841180982815379,1913304.192812521
367.9,-0.9967853888889074,-0.402337567471139,-2.189659262647078,0.5944478214177684,1917843.0745984586
367.95,-1.0165556666666475,-0.5117744938557878,-2.186946256956578,0.5047811728108598,1913093.5723265547
368.0,-1.03632594444445,-0.6209463614468789,-2.1790842791927467,0.41537958299757105,1899363.3183299892
368.05,-1.05043777777778,-0.72959540892254,-2.165973354567157,0.32084236885524,1876576.2290779615
368.1,-1.06313500000001,-0.8374538963164643,-2.147475373443142,0.22568110368354566,1844660.1918179053
368.15,-1.0758322222222327,-0.9442557949645015,-2.123748855372569,0.13157642725773122,1804123.6802785192
368.2,-1.0869838888888703,-1.0497443804390207,-2.094958929662169,0.03723950844984958,1755541.1667885047
368.25,-1.09195333333333,-1.153665289198541,-2.0609866307990843,-0.061711955865211054,1699066.3569330245
368.3,-1.09692277777778,-1.2557564408080841,-2.0218184092410736,-0.15883366303030422,1635099.8719784422
368.35,-1.10189222222222,-1.3557655693516935,-1.9777566497589782,-0.2538733471294734,1564608.546266343
368.4,-1.1015799999999956,-1.4534514420439584,-1.9288562786052812,-0.3518714420439628,1488194.6174060057
368.45,-1.0977466666666742,-1.5485690430846413,-1.8750274998844938,-0.4508223764179671,1406291.250129238
368.5,-1.09391333333333,-1.6408752323709477,-1.8164611012158245,-0.5469618990376177,1319812.3728920822
368.55,-1.09008,-1.7301423495591641,-1.753526297259275,-0.6400623495591642,1229941.790071929
368.6,-1.07705222222222,-1.8161539531515434,-1.6861589070717966,-0.7391017309293233,1137252.7439590222
368.65,-1.0640244444444351,-1.8986838836029993,-1.6143297506581915,-0.8346594391585642,1042424.2175440555
368.7,-1.0509966666666808,-1.9775195878762,-1.5384595702362085,-0.9265229212095192,946743.1397005518
368.75,-1.03458266666667,-2.0524667909756,-1.4588064433670331,-1.01788412430893,851246.4956836691
368.8,-1.01308933333334,-2.123337665815673,-1.3753996324765336,-1.1102483324823331,756689.6596066335
368.85,-0.991596,-2.1899475816391982,-1.2884412583450704,-1.1983515816391983,664032.3504823314
368.9,-0.9701026666666558,-2.252129814136272,-1.198362801591309,-1.2820271474696159,574429.3616951085
368.95,-0.9426886666667105,-2.3097343456394777,-1.1053133403049988,-1.3670456789727672,488687.0321024777
369.0,-0.9137945,-2.3626131336016787,-1.009381716285072,-1.4488186336016788,407540.57966823905
369.05,-0.884900333333319,-2.410630373361665,-0.9109196885527874,-1.525730040028346,331909.8715972429
369.1,-0.854616888888855,-2.4536685948347037,-0.8102657490615122,-1.5990517059458487,262612.2336408854
369.15,-0.8187763333332922,-2.4916218131189884,-0.7075033359552519,-1.6728454797856962,200224.38815512403
369.2,-0.7829357777778118,-2.5243862802909427,-0.6027802496177855,-1.741450502513131,145337.61173171195
369.25,-0.747095222222209,-2.551873465740841,-0.49647305262226715,-1.8047782435186321,98594.19679202898
369.3,-0.707132833333309,-2.5740102599719705,-0.3887656055129935,-1.8668774266386614,60455.47841195379
369.35,-0.664422555555523,-2.590727815234145,-0.279724439290983,-1.9263052596786219,31298.304774661934
369.4,-0.6217122777777375,-2.601964452387362,-0.16958642722839576,-1.9802521746096244,11503.822520036789
369.45,-0.5790020000000413,-2.607673794327204,-0.0586868129699737,-2.028671794327163,1377.6568066290695
369.5,-0.529925333333324,-2.6078214526993735,0.0529139976333243,-2.0778961193660495,1119.9564582157798
369.55,-0.480848666666648,-2.6023718064314876,0.16515197754375907,-2.1215231397648395,10910.07027464572
369.6,-0.431771999999972,-2.5913008395621757,0.27771679728683024,-2.1595288395622037,30850.647798101745
369.65,-0.3806312222221813,-2.574598202559442,0.3903985521576526,-2.193966980337261,60964.41181071657
369.7,-0.3263942777778496,-2.5522603559479995,0.5031192835033947,-2.22586607817015,101251.60537318772
369.75,-0.272157333333333,-2.5242882272224376,0.6157247177465215,-2.2521308938891047,151646.77121761342
369.8,-0.217920388888879,-2.4906942134994265,0.7279521887201875,-2.2727738246105478,211965.75562500462
369.85,-0.160721084444422,-2.4515015770768196,0.8396666617292861,-2.290780492632398,282016.04112784134
369.9,-0.1027811899999671,-2.406737844425067,0.9507647355259192,-2.3039566544251,361581.43292786845
369.95,-0.044841295555642736,-2.3564389468092872,1.0610336347827483,-2.3115976512536447,450316.9496561162
370.0,0.0136238077777662,-2.3006518913853498,1.1702591089087289,-2.314275699163116,547802.5527935409
370.05,0.0741897466666667,-2.239432614172243,1.2783107322996297,-2.31362236083891,653631.3313249662
370.1,0.134755685555567,-2.17284294108782,1.3850360847987022,-2.307598626643387,767329.9824778072
370.15,0.1953216244444691,-2.1009549923935626,1.4902032917687444,-2.296276616838032,888282.3403193606
370.2,0.2570316666665617,-2.0238516998363787,1.5936261082994463,-2.28088336650294,1015857.6692214555
370.25,0.319504444444421,-1.9416241015274256,1.6951466885583386,-2.2611285459718466,1149408.9182921203
370.3,0.38197722222221,-1.8543721268150581,1.7945626178889509,-2.236349349037268,1288181.9958097779
370.35,0.44445,-1.7622067702584612,1.891643855771777,-2.206656770258461,1431326.5908316462
370.4,0.5084505586592417,-1.6652494614660438,1.9862228753827382,-2.1737000201252856,1578032.5242774691
370.45,0.5724511173183382,-1.5636289882327257,2.078132760151389,-2.1360801055510636,1727454.3075257721
370.5,0.636451675977653,-1.457484423909453,2.1671495311555704,-2.093936099887106,1878614.8361551233
370.55,0.700580916666685,-1.3469658490948437,2.253058618681081,-2.0475467657615285,2030509.25568524
370.6,0.764887861111142,-1.2322337617353833,2.3356568310248673,-1.9971216228465254,2182117.1329252506
370.65,0.8291948055555982,-1.1134587687309512,2.4147399496036797,-1.9426535742865494,2332387.6096847923
370.7,0.8935017499999081,-0.9908218161621849,2.490101122018809,-1.884323566162093,2480241.4391517323
370.75,0.957081627777772,-0.8645145747581572,2.5615082520171764,-1.8215962025359291,2624529.8100608364
370.8,1.02050190555556,-0.7347407728434148,2.6287294497841955,-1.7552426783989747,2764087.4080650876
370.85,1.08392218333335,-0.601714642174527,2.6915708809966716,-1.685636825507877,2897821.5229716795
370.9,1.146131055555586,-0.4656605439379199,2.7498019100745075,-1.6117915994935057,3024564.2178597637
370.95,1.2040449444443542,-0.32681806756064635,2.8030175245635878,-1.5308630120050006,3142762.8972042333
371.0,1.26195883333332,-0.18544792542763838,2.850886365270032,-1.4474067587609585,3251021.22707303
371.05,1.31987272222222,-0.041820636615384876,2.893284230121176,-1.3616933588376048,3348437.454507154
371.1,1.36967838888889,0.10378145221384741,2.9297417679873954,-1.2658969366750426,3433354.7308359635
371.15,1.414514500000011,0.2510435283686413,2.959600864662938,-1.1634709716313698,3503694.9112454443
371.2,1.4593506111110288,0.399627361015059,2.9826111144793024,-1.0597232500959697,3558387.6240861863
371.25,1.50382438888888,0.5491903464519241,2.9987655965227282,-0.9546340424369559,3597038.0411553257
371.3,1.53054383333333,0.6993761734339197,3.0072594193683004,-0.8311676598994104,3617443.686151747
371.35,1.55726327777779,0.8497766289589025,3.00737576791682,-0.7074866488188875,3617723.603781313
371.4,1.5839827222222422,0.9999769258677247,2.9992845536301354,-0.5840057963545175,3598283.133457728
371.45,1.6034489999999664,1.149565933647383,2.9828471874802225,-0.45388306635258346,3558950.9375434695
371.5,1.612899,1.298113087224896,2.957499815532227,-0.31478591277510404,3498722.0635492625
371.55,1.62234900000001,1.4451650009700887,2.923099291598174,-0.17718399902992132,3417803.787416699
371.6,1.63179900000001,1.5902785971495064,2.8800350038618356,-0.041520402850503624,3317840.6493877773
371.65,1.6293066111111043,1.7330215211607076,2.828155575338404,0.10371491004960331,3199385.5833270787
371.7,1.6241927222222259,1.8729437821581871,2.7672555711609985,0.24875105993596125,3063081.3584486335
371.75,1.61907883333333,2.0096039125478504,2.6977665321890085,0.3905250792145205,2911177.7048796434
371.8,1.6107401111111,2.1425845333033298,2.6201247364685676,0.5318444221922298,2746021.453861792
371.85,1.59096788888888,2.271479261791797,2.5342588052796677,0.6805113729029169,2568987.0768550113
371.9,1.5711956666666476,2.395875913466285,2.4403230552858375,0.8246802467996375,2382070.645663842
371.95,1.5514234444444597,2.5153893163513183,2.339051980787745,0.9639658719068587,2188465.667530829
372.0,1.52051877777777,2.629662612625616,2.2306735447865687,1.1091438348478462,1990361.7853642704
372.05,1.48279099999999,2.738337671437909,2.1151562831015926,1.2555466714379189,1789554.440777658
372.1,1.4450632222222,2.841068163765722,1.9930330070621434,1.3960049415435218,1588872.2268956678
372.15,1.406929944444404,2.9375446689244575,1.865129739427692,1.5306147244800536,1391483.5779590441
372.2,1.348927166666746,3.0274838456648836,1.7313931567322212,1.6785566789981377,1199088.9052716661
372.25,1.29092438888889,3.1105874324273466,1.5918608222629624,1.8196630435384566,1013608.3509822859
372.3,1.23292161111111,3.186588509243221,1.4474402760105483,1.9536668981321108,838033.3410469968
372.35,1.16751376666665,3.2552593918953336,1.2986947526067785,2.087745625228684,674643.2241793526
372.4,1.091879877777744,3.3163884186674273,1.1457752106525678,2.2245085408896834,525120.3333383745
372.45,1.0162459888890059,3.3697751982956716,0.9891489000234301,2.3535292094066658,391366.21856702474
372.5,0.940612100000021,3.4152554563031283,0.829647415007404,2.4746433563031074,275325.93329138705
372.55,0.856484377777786,3.4526997382483113,0.6677327009830835,2.5962153604705254,178346.7839848656
372.6,0.770492155555547,3.481994825495493,0.5037804411853442,2.711502669939946,101517.89316836
372.65,0.6844999333333083,3.503054573353956,0.33843153362575384,2.818554640020648,45814.3611809119
372.7,0.5976789222223774,3.5158249677029065,0.17229820829535902,2.9181460454805292,11874.66903271637
372.75,0.50791947777782,3.5202789584450387,0.005835745761469169,3.012359480667219,13.622371437002148
372.8,0.418160033333359,3.51641029635114,-0.16052528678710382,3.098250263017781,10307.34707923277
372.85,0.328400588888897,3.5042359002186565,-0.3263217450787028,3.1758353113297595,42594.35252448396
372.9,0.2384749499999736,3.4837941880094045,-0.4911576596674795,3.245319238009431,96494.33866001424
372.95,0.1484474500001333,3.4551417929022175,-0.6546972974562784,3.3066943429020843,171451.42051862186
373.0,0.0584199499999852,3.418350911441398,-0.8166527800513548,3.359930961441413,266768.7052662426
373.05,-0.031563538888947,3.3735070330316352,-0.9767799543978172,3.4050705719205823,381639.6317253607
373.1,-0.119390483333408,3.3207077219263414,-1.1348216435871437,3.4400982052597495,515128.06510153046
373.15,-0.2072174277778688,3.260063235154774,-1.290563433912887,3.4672806629326427,666221.5907812091
373.2,-0.29504437222212815,3.1916918834334305,-1.44387667953852,3.4867362556555586,833911.946286073
373.25,-0.380177250000023,3.115718980376666,-1.5945868675452022,3.495896230376689,1017082.911259048
373.3,-0.461589750000039,3.0322807228853677,-1.7424468394487687,3.4938704728854066,1214448.3953220013
373.35,-0.543002250000054,2.941524579182866,-1.8872904305968643,3.48452682918292,1424746.067768999
373.4,-0.6244147500000604,2.84360317162907,-2.0290448338197256,3.4680179216291305,1646809.175060207
373.45,-0.6977566277776857,2.7386763037809128,-2.167427183862234,3.436432931558598,1879096.2389379896
373.5,-0.769326905555562,2.626922213209974,-2.302103751197108,3.396249118765536,2119872.672510318
373.55,-0.840897183333354,2.508530056202144,-2.43293234809834,3.349427239535498,2367663.924169321
373.6,-0.910141266666696,2.383696051492599,-2.559736209785318,3.2938373181592953,2620899.785474442
373.65,-0.9711379333333734,2.2526305799909183,-2.6820908373490497,3.2237685133242917,2877444.5039166906
373.7,-1.0321345999999105,2.115567493860206,-2.799613566429527,3.147702093860117,3135134.4485345026
373.75,-1.09313126666666,1.9727526111578273,-2.9121328187991455,3.0658838778244872,3392207.021730823
373.8,-1.14820211111112,1.8244437392656585,-3.019280058691564,2.9726458503767788,3646420.829125013
373.85,-1.19964100000001,1.6709224781891032,-3.1205547664680284,2.870563478189113,3895144.8202105328
373.9,-1.251079888888908,1.512491663663732,-3.2156256225476496,2.76357155255264,4136099.257753984
373.95,-1.3023338333332415,1.3494670979503751,-3.304265902618315,2.6518009312836166,4367269.262082412
374.0,-1.34452549999999,1.1821813742869347,-3.3859281398572447,2.5267068742869245,4585803.747310856
374.05,-1.38671716666666,1.0109996493752484,-3.4600692215754014,2.3977168160419087,4788831.607237362
374.1,-1.42890883333334,0.836303368658603,-3.526476249646432,2.265212201991943,4974413.895728146
374.15,-1.4668515000000064,0.6584869569299203,-3.5847883167316485,2.125338456929927,5140282.91031029
374.2,-1.4989264999999437,0.4779690672907886,-3.634429853882589,1.9768955672907322,5283632.1451172065
374.25,-1.53100149999998,0.29519486149253615,-3.675019777313445,1.826196361492516,5402308.145457985
374.3,-1.56307649999999,0.11061975263190887,-3.7064519046151325,1.6736962526318988,5495114.288490058
374.35,-1.58552561111111,-0.07528966431723472,-3.728246578136108,1.5102359467938753,5559929.018953439
374.4,-1.6058617222222331,-0.26203558275845856,-3.739884694371844,1.3438261394637745,5594695.010878712
374.45,-1.6261978333333036,-0.44910818425907495,-3.7413287286559043,1.1770896490742286,5599016.262346403
374.5,-1.64365346368715,-0.6359983189970628,-3.732567718060674,1.0076551446900872,5572824.707963467
374.55,-1.65089648044693,-0.8221878376140517,-3.713183627875048,0.8287086428328783,5515093.06172772
374.6,-1.65813949720671,-1.0071362611784476,-3.682977577637926,0.6510032360282625,5425729.534953491
374.65,-1.665382513966479,-1.190311151988841,-3.6423079073998452,0.4750713619776381,5306562.756922976
374.7,-1.6645215555555557,-1.3711932304336334,-3.5912129209003805,0.2933283251219223,5158724.097296737
374.75,-1.65910211111111,-1.5492570221821043,-3.529596000382032,0.10984508892900569,4983219.170365134
374.8,-1.65368266666667,-1.723983711678072,-3.4578341061465787,-0.07030104501140211,4782646.682252204
374.85,-1.64783277777777,-1.8948819382748001,-3.3765641721899433,-0.24704916049703018,4560474.243566703
374.9,-1.6316522222222116,-2.0614847194330492,-3.2859732088623215,-0.4298324972108376,4319047.971744376
374.95,-1.6154716666666984,-2.223328622615228,-3.186344762352925,-0.6078569559485294,4061117.177829567
375.0,-1.59929111111112,-2.379982349671106,-3.078505605221152,-0.7806912385599858,3790878.7045512204
375.05,-1.57928744444445,-2.531053403275908,-2.963120254875402,-0.9517659588314582,3512032.6579411468
375.1,-1.554418,-2.676176320359138,-2.840652164024527,-1.1217583203591381,3227721.8867908907
375.15,-1.5295485555555517,-2.8150117729416033,-2.7117718774596073,-1.2854632173860516,2941482.6861523213
375.2,-1.5046791111111497,-2.9472615513994014,-2.5773722959981,-1.4425824402882517,2657139.1808714066
375.25,-1.47232433333334,-3.072666059250783,-2.437996364452818,-1.6003417259174428,2377530.5092340633
375.3,-1.43854377777777,-3.1909864578631937,-2.294134528082849,-1.7524426800854236,2105221.2931767665
375.35,-1.4047632222222,-3.302018218304628,-2.1465920802392007,-1.897254996082428,1843143.0235782636
375.4,-1.36856266666662,-3.4055964392243734,-1.996093556970717,-2.0370337725577534,1593755.7952720036
375.45,-1.3246987777778196,-3.50158467999501,-1.8430205257687078,-2.1768859022171902,1358689.8633619056
375.5,-1.28083488888887,-3.589863483713311,-1.6878431622436219,-2.309028594824441,1139525.8161330197
375.55,-1.23697099999997,-3.6703461483472637,-1.531290866457208,-2.4333751483472934,937940.6870781068
375.6,-1.18692577777774,-3.7429769906601287,-1.3738017600102375,-2.5560512128823887,754932.5103228904
375.65,-1.133403555555509,-3.8077154355862155,-1.2156562609356625,-2.6743118800307064,591128.0579008302
375.7,-1.0798813333333903,-3.864539524457617,-1.0573209373990489,-2.784658191124227,447171.0258649614
375.75,-1.02605998888888,-3.91345300665075,-0.8993101697840753,-2.8873930177618696,323503.512590825
375.8,-0.965059711111088,-3.95447963742108,-0.7418434658236681,-2.989419926309992,220132.69111410875
375.85,-0.904059433333299,-3.9876497905797996,-0.5851191300676316,-3.083590357246501,136945.7585484408
375.9,-0.8430591555555068,-4.0130102432708945,-0.4295127777491531,-3.1699510877153876,73792.49049991735
375.95,-0.7795549111111926,-4.030623799995811,-0.2752677663906863,-3.2510688888846184,30308.937285486976
376.0,-0.7128638,-4.040561606985941,-0.12249585265158452,-3.327697806985941,6002.093566735482
376.05,-0.646172688888876,-4.042900483955073,0.028652895687793528,-3.3967277950661967,328.3953725182308
376.1,-0.579481577777753,-4.037726680586129,0.17798231294884917,-3.458245102808376,12671.081489048833
376.15,-0.5094059666666266,-4.02513377650004,0.3254217183363829,-3.515727809833413,42359.71790600165
376.2,-0.4386856888889964,-4.00521654920058,0.47094059230603424,-3.5665308603115835,88714.01659262335
376.25,-0.367965411111125,-3.9780732368530685,0.6144501194920281,-3.6101078257419434,151019.57973750704
376.3,-0.296806646666667,-3.943806156096251,0.7558840570690822,-3.646999509429584,228544.28309248624
376.35,-0.224259341111097,-3.9025196474370967,0.8952302183166339,-3.6782603063259995,320574.85751489917
376.4,-0.1517120355555285,-3.8543180586723045,1.0324821692568227,-3.702606023116776,426407.7719333097
376.45,-0.07916473000012375,-3.7993067404724803,1.167616553144981,-3.7201420104723564,545331.3660712664
376.5,-0.0067442866666939,-3.737591959700322,1.3006183633875348,-3.730847673033628,676643.2508723477
376.55,0.065604796666653,-3.6692806255036,1.431477438224676,-3.734885422170253,819651.0624585125
376.6,0.13795388,-3.59448003281732,1.5601877815336245,-3.73243391281732,973674.365458725
376.65,0.2102160555555697,-3.5132978229382,1.6867396336141736,-3.72351387849377,1138036.2366419507
376.7,0.2803924444443342,-3.4258430858706705,1.811070408018073,-3.7062355303150047,1311990.4091194998
376.75,0.350568833333339,-3.3322289745634897,1.9331092072520826,-3.6827978078968284,1494764.48286511
376.8,0.420745222222263,-3.2325710316086043,2.0528154444536333,-3.653316253830867,1685620.4995949473
376.85,0.489327588888952,-3.126987877704728,2.1700941661790627,-3.6163154665936803,1883723.4760337605
376.9,0.5558812000000757,-3.0156047566049518,2.2847836330131335,-3.571485956605027,2088094.4998738773
376.95,0.6224348111110484,-2.8985550901085375,2.3967377948091038,-3.5209899012195858,2297740.8228265624
377.0,0.688988422222247,-2.775978544260328,2.505837219738461,-3.4649669664825753,2511688.068730632
377.05,0.751334800000035,-2.6480230513098797,2.6118348659683095,-3.3993578513099147,2728672.546835079
377.1,0.812879800000047,-2.5148515632435493,2.7144415676728486,-3.327731363243596,2947277.209724093
377.15,0.874424800000056,-2.3766387376218354,2.813457219265146,-3.2510635376218913,3166216.609854067
377.2,0.9341950666665925,-2.2335697600644226,2.9086372893615056,-3.1677648267310152,3384068.3524256987
377.25,0.988345344444455,-2.0858460039351607,2.999557027776646,-3.0741913483796157,3598936.945153707
377.3,1.04249562222224,-1.9336915609366758,3.085826379229372,-2.976187183158916,3808929.7770991423
377.35,1.09664590000003,-1.77734475449417,3.167212354746897,-2.8739906544942,4012493.640024553
377.4,1.14420933333337,-1.617059279852386,3.243260693157579,-2.761268613185756,4207495.969512392
377.45,1.1880676666666103,-1.45311743752012,3.313383876572166,-2.6411851041867305,4391405.085411358
377.5,1.231926,-1.285825829987946,3.377211217942641,-2.517751829987946,4562222.244239046
377.55,1.27524833333334,-1.1155054821773813,3.4344891553441035,-2.3907538155107213,4718286.303270501
377.6,1.30570666666668,-0.942498183229762,3.484491242461066,-2.248204849896442,4856671.687515146
377.65,1.3361650000000147,-0.7671891858681915,3.5265250301156956,-2.103354185868206,4974551.515213003
377.7,1.366623333333278,-0.5899814115840449,3.5604165699890964,-1.956604744917323,5070626.460741169
377.75,1.39064422222222,-0.4112899486008054,3.5857647719327286,-1.8019341708230254,5143083.599853509
377.8,1.406472,-0.23155911209450608,3.6018646801086276,-1.638031112094506,5189371.66952561
377.85,1.42229977777778,-0.051264025494727444,3.6083346758266264,-1.4735638032725074,5208031.653109138
377.9,1.4381275555555446,0.12911434587212103,3.6052069588275435,-1.3090132096834235,5199006.886391418
377.95,1.442148666666663,0.309089347438923,3.592043498602972,-1.13305931922774,5161110.598342352
378.0,1.44392088888889,0.4881436821715823,3.5683826998429446,-0.9557772067173076,5093342.037015369
378.05,1.44569311111111,0.665755253820026,3.5343832523811596,-0.779937857291084,4996745.98988497
378.1,1.44453733333333,0.8414129680047284,3.4902446738169925,-0.6031243653286016,4872723.153243154
378.15,1.4341095555555483,1.0146078679193495,3.435798908724669,-0.4195016876361988,4721885.65647745
378.2,1.423681777777792,1.184822054130523,3.3711074155364718,-0.23885972364726893,4545746.082833996
378.25,1.413254,1.3515574618502704,3.296749074826301,-0.06169653814972964,4347421.784947229
378.3,1.39631955555554,1.5143411358979058,3.2130440620437795,0.11802158034236565,4129460.857853916
378.35,1.37572511111109,1.672709585529488,3.1202041363703774,0.29698447441839804,3894269.5410491256
378.4,1.3551306666666465,1.8262191022018843,3.01881809803323,0.4710884355352378,3645305.083605187
378.45,1.3342027777777847,1.9744620502395478,2.909671589234925,0.6402592724617631,3386475.5028803577
378.5,1.30527222222221,2.1170640321116676,2.793193260505305,0.8117918098894576,3120771.4362129024
378.55,1.27634166666665,2.253667355603968,2.6698730314658516,0.9773256889373181,2851288.8016594625
378.6,1.24741111111109,2.3839520810296104,2.540596346278243,1.1365409699185205,2581851.9178889426
378.65,1.2155545555555196,2.5076401111825684,2.40610615294503,1.2920855556270487,2315738.7276959727
378.7,1.1799740000000405,2.6244853501369514,2.266974303505125,1.444511350136911,2055668.9971010182
378.75,1.14439344444444,2.7342719197105914,2.123902644188979,1.5898784752661514,1804384.9767971742
378.8,1.10881288888888,2.836823994023514,1.9777308283544808,1.728011105134634,1564567.6917694805
378.85,1.06876516666664,2.932003484995574,1.8290661837050226,1.8632383183289338,1338193.2417493023
378.9,1.0278665555555235,3.019698190866254,1.6784529825456533,1.9918316353107304,1126881.7658465598
378.95,0.9869679444444974,3.099827871918445,1.5265813122326726,2.1128599274739477,932180.2011432113
379.0,0.944990139664802,3.1723457973370253,1.3740745722525296,2.227355657672223,755232.3720443889
379.05,0.899594888268137,3.237232042586701,1.2213677498109605,2.337637154318564,596695.6721113157
379.1,0.854199636871472,3.294486507464373,1.0688930479093057,2.4402868705929013,457012.93914753816
379.15,0.808804385474805,3.3441337086008085,0.9171561354904958,2.5353293231260032,336470.1507471443
379.2,0.7613645580110947,3.3862206403391153,0.7665272880005715,2.6248560823280207,235025.6332998044
379.25,0.71287146408839,3.420809682071242,0.6172899289990823,2.7079382179828517,152418.74257747683
379.3,0.664378370165737,3.4479780147637706,0.4697522153641111,2.7835996445980338,88266.85753579608
379.35,0.61575682122904,3.4678181083613198,0.32420385368465077,2.8520612871322797,42043.25549759137
379.4,0.5640523519552773,3.4804339769841444,0.1807881880281403,2.916381625028867,13073.747572199287
379.45,0.5123478826816329,3.485934458227059,0.03962189801853047,2.973586575545426,627.9579210363315
379.5,0.460643413407812,3.4844367248327943,-0.09911316495871489,3.023793311424982,3929.3677872533717
379.55,0.40832945555553,3.4760658242076534,-0.23528919898866127,3.0677363686521235,22144.402864290336
379.6,0.355300011111076,3.4609517691687546,-0.36882911326869416,3.105651758057679,54413.965917828486
379.65,0.3022705666666217,3.43922806060242,-0.499661885745298,3.1369574939357983,99864.8000266189
379.7,0.24924112222228756,3.411031878263122,-0.6277183554627759,3.1617907560408347,157612.13351395674
379.75,0.196454460555551,3.3765034462224546,-0.7529429819473695,3.1800489856669034,226769.25362551873
379.8,0.143707321666652,3.3357854514646714,-0.8752965340868082,3.1920781297980194,306457.6090337516
379.85,0.0909601827777528,3.2890219759440997,-0.994760106375969,3.198061793166347,395819.06769485166
379.9,0.0386713949999662,3.2363579834843863,-1.1113119721483269,3.19768658848442,494005.71977608145
379.95,-0.012312854999927472,3.17794020114002,-1.2248992036509982,3.1902530561399476,600151.2236419398
380.0,-0.0632971049999952,3.113918079927961,-1.3354857696441378,3.1772151849279564,713408.896368798
380.05,-0.114281355000005,3.044441641807528,-1.4430714269490954,3.158722996807533,832982.0573107593
380.1,-0.16326611666668,2.969662023325272,-1.5475920412200987,3.132928139991952,958016.4504191166
380.15,-0.2112208388889115,2.8897351924898698,-1.6489472602701347,3.1009560313787814,1087610.8268609534
380.2,-0.2591755611110332,2.8048208837169875,-1.7470870410216015,3.0639964448280206,1220925.251562246
380.25,-0.306897666666654,2.7150806980976268,-1.8419739706684153,3.021978364764281,1357147.2434479874
380.3,-0.35097544444444,2.620680389439366,-1.9334465946012207,2.971655833883806,1495286.2936700229
380.35,-0.395053222222226,2.5217956585643115,-2.0213417952567854,2.9168488807865374,1634329.0613007697
380.4,-0.4391310000000095,2.418606818011692,-2.1056003685777083,2.8577378180117017,1773421.1648618323
380.45,-0.4808639277777014,2.3112986470181274,-2.186077421785319,2.792162574795829,1911573.7976158194
380.5,-0.519844205555537,2.2000661619027646,-2.2625293938921436,2.7199103674583016,2047615.7032903803
380.55,-0.558824483333322,2.085115630322355,-2.334786136524091,2.6439401136556766,2180490.5213220366
380.6,-0.597804761111107,1.966658805633708,-2.402767633760528,2.564463566744815,2309316.9207388666
380.65,-0.6317418555555676,1.8449145131765008,-2.466210662113872,2.476656368732068,2432878.011969657
380.7,-0.6648579666666203,1.7201182530351513,-2.524823193069758,2.3849762197017714,2549892.8625051873
380.75,-0.697974077777786,1.5925144853793092,-2.578498574118775,2.290488563157095,2659461.9586930224
380.8,-0.729485916666684,1.4623529171986351,-2.627103058697796,2.191838833865319,2760668.1924077263
380.85,-0.756431750000023,1.3298938269493998,-2.670329230996032,2.086325576949423,2852263.280764743
380.9,-0.7833775833333616,1.1954135516200872,-2.707942498269085,1.9787911349534488,2933181.0295727258
380.95,-0.8103234166666335,1.059193823286722,-2.739901615443665,1.8695172399533555,3002824.344924322
381.0,-0.833045250000006,0.9215210445203794,-2.7660023837287517,1.7545662945203855,3060307.674717255
381.05,-0.853591083333343,0.7826958565541244,-2.7859678927490594,1.6362869398874675,3104646.8397714538
381.1,-0.87413691666668,0.6430277738418596,-2.799723365806635,1.5171646905085396,3135380.370017453
381.15,-0.8943003000000121,0.5028265930084548,-2.8072956610911706,1.3971268930084668,3152363.571512525
381.2,-0.908471966666649,0.36240487602571414,-2.808469645690536,1.2708768426923631,3155000.7003060495
381.25,-0.922643633333335,0.2220889787438968,-2.8030840666003827,1.1447326120772319,3142912.1137715755
381.3,-0.936815300000004,0.08220343480276904,-2.7912819845659254,1.019018734802773,3116502.0469449162
381.35,-0.948124872222226,-0.0569329359615362,-2.773104574010472,0.8911919362606897,3076043.5913591203
381.4,-0.95607459444445,-0.19499939107162384,-2.748471019667689,0.7610752033728261,3021637.1783812586
381.45,-0.9640243166666549,-0.33167394654354176,-2.7174731809014463,0.6323503701231131,2953864.19556745
381.5,-0.971974038888888,-0.466645310879239,-2.680392406775721,0.505328728009649,2873801.3817203767
381.55,-0.974917366666667,-0.5996128857459853,-2.6372951265274867,0.3753044809206817,2782130.2337622526
381.6,-0.977045700000001,-0.7302755731978419,-2.588243583809239,0.24677012680215915,2679601.939651877
381.65,-0.9791740333333327,-0.8583435053923798,-2.5335680834643393,0.12083052794095295,2567586.893419666
381.7,-0.9799122333333296,-0.9835439640119715,-2.473587941939253,-0.0036317306786419756,2447454.9226029078
381.75,-0.976693900000001,-1.105616290769535,-2.408448079736335,-0.12892239076953405,2320248.861114255
381.8,-0.973475566666667,-1.2243067200458022,-2.338384960485787,-0.2508311533791352,2187217.689370446
381.85,-0.970257233333333,-1.3393800766666673,-2.263838902687343,-0.3691228433333342,2049986.630928253
381.9,-0.9637339499999976,-1.450620644522853,-2.1850952008014954,-0.4868866945228555,1909856.4146262908
381.95,-0.9555081166666815,-1.5578232493633726,-2.102370494000186,-0.6023151326966911,1767984.6776170346
382.0,-0.947282283333337,-1.660797771281851,-2.016049695450397,-0.7135154879485139,1625782.5498102554
382.05,-0.93878441666667,-1.759375809029571,-1.9265834449754757,-0.820591392362901,1484689.5081814288
382.1,-0.926024694444441,-1.8534077468193944,-1.8342150559953336,-0.9273830523749533,1345737.948655986
382.15,-0.9132649722222124,-1.9427533240189747,-1.7392059620656932,-1.0294883517967623,1209934.9513939414
382.2,-0.9005052500000115,-2.0272919102688363,-1.6420094072154472,-1.1267866602688248,1078477.9573536096
382.25,-0.885964049999992,-2.1069237070252096,-1.5429781643467333,-1.2209596570252175,952312.6462603258
382.3,-0.869331549999989,-2.18156322989845,-1.4423558112686832,-1.3122316798984612,832156.1145202164
382.35,-0.852699049999986,-2.251138007892078,-1.340454644156912,-1.3984389578920922,718727.4612167334
382.4,-0.8360665499999795,-2.315593817014083,-1.2376587325942032,-1.4795272670141033,612719.6553466758
382.45,-0.8163779444444648,-2.374892698583373,-1.1341905228601432,-1.5585147541389082,514555.256858306
382.5,-0.796191833333328,-2.4290047855381243,-1.0302352797375571,-1.6328129522047963,424553.89264636906
382.55,-0.776005722222213,-2.4779131281829567,-0.9260920378218319,-1.7019074059607437,343058.58500679734
382.6,-0.754827566666651,-2.521615089098276,-0.8220130179235328,-1.766787522431625,270282.1606543017
382.65,-0.7308258999999797,-2.5601173859579034,-0.7181101548463982,-1.8292914859579237,206272.87779740719
382.7,-0.7068242333333633,-2.593431450852628,-0.6145262625553777,-1.8866072175192645,151057.01094811238
382.75,-0.682822566666664,-2.6215794220594466,-0.5115052508038583,-1.9387568553927825,104655.0486399672
382.8,-0.655969333333325,-2.6445931489132875,-0.409153663137295,-1.9886238155799625,66962.68802346684
382.85,-0.627647111111098,-2.662506600977616,-0.30750959694817703,-2.034859489866518,37824.860886092116
382.9,-0.5993248888888695,-2.67535835943393,-0.2067190315926853,-2.0760334705450605,17093.103209047047
382.95,-0.5707418500000367,-2.6831957432603466,-0.10696133544395475,-2.1124538932603096,4576.290911981685
383.0,-0.538072683333336,-2.6860717477108595,-0.008238271792213855,-2.1479990643775233,27.147648848954596
383.05,-0.505403516666664,-2.684037001578026,0.08944045851228717,-2.178633484911362,3199.8382475552653
383.1,-0.472734349999991,-2.6771478216925906,0.18591351329861977,-2.2044134716925994,13825.533770814427
383.15,-0.4382518888888713,-2.6654670258066417,0.2811051469688236,-2.2272151369177706,31608.04146094557
383.2,-0.4016407777778366,-2.6490584361942466,0.37503002177401656,-2.24741765841641,56259.00689272774
383.25,-0.365029666666677,-2.6279860288630967,0.46763589112352033,-2.2629563621964195,87473.33066675559
383.3,-0.328418555555559,-2.602318960394918,0.5587961453135586,-2.273900404839359,124901.25280691669
383.35,-0.288815407821219,-2.5721305761480284,0.6485072141511716,-2.2833151683268094,168224.64272244545
383.4,-0.2487251843575164,-2.5374921832344204,0.7367824618562778,-2.288766998876904,217139.358439599
383.45,-0.20863496089390474,-2.498477964605738,0.823520423275192,-2.289843003711833,271274.3550205406
383.5,-0.167891894444436,-2.455167315402144,0.9086285021503948,-2.287275420957708,330242.301968028
383.55,-0.125470088888873,-2.407642757339224,0.9920783693352583,-2.2821726684503507,393687.7963611621
383.6,-0.0830482833333092,-2.35598807624669,1.0738129637519205,-2.2729397929133808,461229.71244867326
383.65,-0.0406264777777446,-2.3002920977052885,1.1537099486742615,-2.259665619927544,532418.6582679868
383.7,0.002740527777720589,-2.240649134264182,1.2316842522558855,-2.2433896620419023,606818.438902056
383.75,0.0465523333333333,-2.177156871498901,1.3076672229230442,-2.223709204832234,683997.4263629066
383.8,0.0903641388888972,-2.109917363103984,1.3815538418527542,-2.2002815019928814,763476.407175242
383.85,0.134180688888906,-2.03903843644027,1.4532242670437707,-2.173219125329176,844744.308129962
383.9,0.1780518000000248,-1.9646337945940697,1.5225639671607991,-2.1426855945940946,927280.4136385723
383.95,0.22192291111104404,-1.8868227533732582,1.589461615258559,-2.108745664484302,1010555.290552139
384.0,0.265794022222214,-1.8057301785148416,1.653807271112977,-2.0715242007370556,1094031.3959944607
384.05,0.308983,-1.7214868036739774,1.7154670430261556,-2.0304698036739772,1177130.8702835608
384.1,0.351433000000008,-1.634230907275584,1.7742815341720986,-1.9856639072755922,1259229.9850016383
384.15,0.3938830000000162,-1.544108200061731,1.8301235923678247,-1.9379912000617472,1339740.9453365246
384.2,0.4363329999999246,-1.4512696605216597,1.8828994013573281,-1.8876026605215843,1418124.0622527138
384.25,0.476015888888874,-1.3558728122160493,1.9324028520563366,-1.8318887011049232,1493672.3130541856
384.3,0.515321444444437,-1.2580874850179953,1.9784202514540854,-1.7734089294624322,1565658.6765454586
384.35,0.554627,-1.1580904124685822,2.0208606464444245,-1.7127174124685822,1633551.1009391109
384.4,0.5924882222222319,-1.0560632289091194,2.059593269933887,-1.6485514511313513,1696769.7750227842
384.45,0.6266354444443932,-0.952197588148702,2.0943368290950746,-1.5788330325930953,1754498.7014816047
384.5,0.660782666666672,-0.8466994059422521,2.1248895917085564,-1.5074820726089242,1806062.3107805422
384.55,0.694929888888911,-0.7397789174275383,2.151225919011561,-1.4347088063164493,1851109.1818508536
384.6,0.724204722222248,-0.6316509262668122,2.173117039166596,-1.3558556484890603,1888975.0663664774
384.65,0.7511866666666976,-0.5225464400156729,2.1902558871321145,-1.2737331066823705,1918888.3404467544
384.7,0.7781686111110845,-0.4127056203730173,2.202578816340158,-1.1908742314841017,1940541.3768761647
384.75,0.804400311111118,-0.30236841541362114,2.2101114123375747,-1.1067687265247392,1953836.9819779156
384.8,0.82200420000001,-0.19178022741529946,2.2125012242177657,-1.0137844274153094,1958064.666866045
384.85,0.839608088888902,-0.08120869424237778,2.2094679299788633,-0.9208167831312798,1952699.4134420336
384.9,0.857211977777788,0.029078602462206574,2.2011576649914826,-0.8281333753155814,1938038.0264603023
384.95,0.8694702666666465,0.1388176446620713,2.1874832527517887,-0.7306526220045753,1914033.1924278182
385.0,0.87593748888889,0.24773198293850843,2.1681137485903443,-0.6282055059503816,1880286.89073059
385.05,0.882404711111114,0.35553342329221277,2.1430091241854723,-0.5268712878189012,1836995.242536874
385.1,0.888871933333337,0.4619416340492404,2.1124293409634283,-0.42693029928409665,1784943.0882252736
385.15,0.8850592888888851,0.5666814659355993,2.0761583880158403,-0.31837782295328576,1724173.460851413
385.2,0.879844844444451,0.6694586538240637,2.033959132015123,-0.21038619062038733,1654795.9002830852
385.25,0.8746304,0.7699834492340176,1.986124552292743,-0.1046469507659824,1577876.2948880196
385.3,0.866384022222219,0.8679810562972272,1.9328877640366258,0.001597034075008219,1494422.0433450027
385.35,0.850341244444438,0.9631801856593074,1.8741304987337282,0.11283894121486937,1404946.050513573
385.4,0.8342984666666577,1.0553032976426089,1.8099249458975095,0.22100483097595114,1310331.323912841
385.45,0.8182556888889063,1.1440897548538165,1.7407438334534207,0.32583406596491016,1212075.6374824443
385.5,0.796129366666671,1.2292978849357976,1.6667760811103833,0.4331685182691266,1111257.001824675
385.55,0.7711402,1.3106888859990613,1.5880999269197686,0.5395486859990613,1008824.5511530298
385.6,0.746151033333329,1.3880359479698265,1.5051072493512987,0.6418849146364975,906139.132819933
385.65,0.7206383777777662,1.4611361004417365,1.4183030112135036,0.7404977226639703,804633.3726469167
385.7,0.6891056000000538,1.529806307500906,1.3279024806349737,0.8407007075008522,705329.9992306067
385.75,0.657572822222234,1.5938706365087383,1.2341577460051103,0.9362978142865043,609258.1368097657
385.8,0.62604004444445,1.653175218393748,1.1375994891948285,1.027135173949298,517653.0391265339
385.85,0.592329799999994,1.707590569335939,1.0386389815268908,1.1152607693359449,431508.37357888685
385.9,0.55626063333331,1.75700394883039,0.9375671023253352,1.20074331549708,351612.8285450903
385.95,0.5201914666667071,1.8013184836938692,0.8347655080972467,1.281127017027162,278733.3814035418
386.0,0.484122299999981,1.8404595280124338,0.7307036231327761,1.3563372280124528,213571.1139437465
386.05,0.445493311111082,1.8743733696057006,0.6257118145259422,1.4288800584946186,156606.1099349388
386.1,0.406515255555519,1.9030202346718585,0.5200896279529659,1.4965049791163396,108197.28844170178
386.15,0.3675371999999554,1.9263784198300506,0.41423070426570513,1.5588412198300952,68634.83054258482
386.2,0.3282940777778137,1.9444455872280466,0.308506778338935,1.616151509450233,38070.5729124275
386.25,0.28836935555554,1.9572366569108928,0.20323455676413343,1.6688673013553528,16521.71402524551
386.3,0.248444633333311,1.9647816760044214,0.09871828127447467,1.7163370426711104,3898.119623114518
386.35,0.208519911111081,1.9671262442721884,-0.004734505024783439,1.7586063331611075,8.966215131879855
386.4,0.1695137933332971,1.964331303438936,-0.10680489732618806,1.794817510105639,4562.914437143029
386.45,0.13093996000004382,1.956473943199072,-0.20718612958238128,1.8255339831990283,17170.436916530914
386.5,0.0923661266666594,1.9436448566113131,-0.30563941627701624,1.8512787299446538,37366.18111286209
386.55,0.0540381533333199,1.9259455857674128,-0.401959644056535,1.871907432434093,64628.622180022525
386.6,0.0185375699999798,1.9034894475270374,-0.495848932994546,1.8849518775270575,98346.46574073192
386.65,-0.0169630133333602,1.876405522374175,-0.5870501117298625,1.8933685357075352,137851.13347281763
386.7,-0.05246359666661718,1.8448312120139605,-0.6754462700134403,1.8972948086805776,182491.06547002768
386.75,-0.0858856466666667,1.8089107785902168,-0.7608511480698297,1.8947964252568834,231557.78780767115
386.8,-0.117055952222228,1.7688003027899317,-0.8430052576732845,1.8858562550121598,284263.14578592026
386.85,-0.14822625777779,1.724667000263004,-0.921755573300933,1.872893258040794,339853.33476453274
386.9,-0.1793965633333466,1.6766822741742506,-0.9970551086376229,1.8560788375075972,397647.55586415285
386.95,-0.20632008379884567,1.6250226145724205,-1.0686886468637762,1.8313426983712662,456838.1695742116
387.0,-0.232664497206708,1.5698782128127386,-1.13643491883853,1.8025427100194467,516593.7299022146
387.05,-0.259008910614539,1.5114444257816382,-1.200263847374794,1.7704533363961772,576253.3213259771
387.1,-0.283702833333351,1.4499182536047965,-1.2601083278603522,1.7336210869381476,635149.1991772051
387.15,-0.3045456111111327,1.3855036776622423,-1.3157491333568023,1.690049288773375,692478.3127716705
387.2,-0.3253883888888673,1.3184155905639499,-1.3670558376349293,1.6438039794528172,747536.6652846952
387.25,-0.346231166666673,1.2488695585134373,-1.414075568077763,1.5951007251801101,799843.8848937793
387.3,-0.36318471823205,1.1770813848943664,-1.4566956146712664,1.5402661031264164,848784.8455209994
387.35,-0.378471458563541,1.103276148997715,-1.49474760634857,1.481747607561256,893708.1626739119
387.4,-0.3937581988950329,1.0276824773066675,-1.5282491815496944,1.4214406762017004,934218.2243629242
387.45,-0.4086171999999705,0.9505257150971071,-1.557282411100507,1.3591429150970775,970051.4031692034
387.5,-0.418557199999998,0.8720308972865239,-1.5817171889457544,1.290588097286522,1000731.7063225837
387.55,-0.428497200000003,0.792432196461833,-1.6014604492836992,1.2209293964618362,1025870.2282479792
387.6,-0.438437200000008,0.71196072049049,-1.6166520147040044,1.150397920490498,1045425.4946586067
387.65,-0.4459618882681616,0.630842279815339,-1.6273271589775644,1.0768041680835005,1059277.4729383965
387.7,-0.45086998882681045,0.5493045251325402,-1.6334117695392245,1.0001745139593508,1067213.6035477044
387.75,-0.455778089385475,0.4675767514827603,-1.634957788967049,0.9233548408682353,1069234.7886816086
387.8,-0.460686189944135,0.38588134747116765,-1.632148046046423,0.8465675374153027,1065562.8976852628
387.85,-0.4616955,0.3044344462502101,-1.624989288666962,0.76612994625021,1056236.0753129437
387.9,-0.4622716111111116,0.22345484746957958,-1.6134852523305665,0.6857264585806911,1041333.8637952927
387.95,-0.46284772222222026,0.14315499336799042,-1.5978372315981826,0.6060027155902107,1021233.5274725376
388.0,-0.462518333333334,0.06373707967491046,-1.5782323490442045,0.5262554130082444,996326.939027835
388.05,-0.460076111111111,-0.014603878815037885,-1.554766319563633,0.44547223229607313,966919.323379778
388.1,-0.457633888888889,-0.09167773253381471,-1.527591253597395,0.3659561563550743,933414.0152269043
388.15,-0.4551916666666651,-0.16730553152823752,-1.4969678218988538,0.2878861351384276,896365.0639202393
388.2,-0.45181805555556137,-0.24132068030631934,-1.4631143321425637,0.21049737524924203,856281.419568392
388.25,-0.44804527777778,-0.3135665027786993,-1.4262328729307001,0.13447877499908073,813656.0831312634
388.3,-0.444272500000001,-0.38389763581882574,-1.3865710172214794,0.06037486418117527,769031.6743194433
388.35,-0.440535638888889,-0.4521816929984069,-1.344393832011197,-0.011646054109517856,722957.9102199002
388.4,-0.4371220277777761,-0.5182996870303578,-1.2999759173162466,-0.08117765925258169,675974.9542408867
388.45,-0.43370841666667087,-0.5821463589995876,-1.253581641386962,-0.14843794233291668,628586.772648972
388.5,-0.430294805555555,-0.643628924389698,-1.2054509089285992,-0.213334118834143,581244.7575347144
388.55,-0.427560777777776,-0.7026669215314357,-1.1558474730275994,-0.2751061437536597,534393.3523617148
388.6,-0.425506333333332,-0.759193893892203,-1.1050563727364895,-0.33368756055887105,488459.83477021084
388.65,-0.4234518888888867,-0.8131567743095641,-1.0533173735790284,-0.38970488542067744,443790.995793369
388.7,-0.42139744444444754,-0.8645131284487027,-1.000827401249456,-0.4431156840042551,400662.19483669585
388.75,-0.420461,-0.913231038434162,-0.9478278209972951,-0.492770038434162,359351.03130259225
388.8,-0.419648777777777,-0.9592913350884423,-0.8945528579360367,-0.5396425573106653,320089.9262566124
388.85,-0.418836555555555,-1.0026845623058238,-0.8411713166495656,-0.5838480067502688,283027.6735815855
388.9,-0.4180421666666661,-1.0434092610695542,-0.7878365147978685,-0.6253670944028882,248274.54961954086
388.95,-0.41728938888888983,-1.0814714149537374,-0.7346927947517886,-0.6641820260648477,215909.4010640775
389.0,-0.416536611111111,-1.1168839378173125,-0.6818718693407656,-0.7003473267062015,185979.69847930805
389.05,-0.415783833333333,-1.1496659575872759,-0.6294911954081075,-0.7338821242539428,158503.6660385313
389.1,-0.413870999999999,-1.1798412466376562,-0.5776010196321067,-0.7659702466376572,133449.17515201974
389.15,-0.4114609999999983,-1.2074345572831144,-0.5262197233420034,-0.7959735572831161,110762.87889365383
389.2,-0.4090510000000034,-1.2324727974758696,-0.4754120874006292,-0.8234217974758662,90406.66113864939
389.25,-0.406322777777778,-1.2549863922784374,-0.4252411147577243,-0.8486636145006594,72332.00227215682
389.3,-0.400730555555555,-1.275006194690453,-0.3756270238415652,-0.874275639134898,56438.26441602872
389.35,-0.395138333333332,-1.292557338373423,-0.3265068060110152,-0.897419005040091,42642.67774860589
389.4,-0.3895461111111064,-1.3076662673326818,-0.2779494567285241,-0.9181201562215754,30902.360198272676
389.45,-0.3819786111111223,-1.3203611939043356,-0.22992655039430707,-0.9383825827932133,21146.48743049033
389.5,-0.372435833333336,-1.3306658649818797,-0.1823201305503218,-0.9582300316485437,13296.252001554556
389.55,-0.362893055555556,-1.3385998293653378,-0.13511060647260376,-0.9757067738097818,7301.950392557918
389.6,-0.353350277777777,-1.3441847552306305,-0.08837039808115113,-0.9908344774528535,3123.730902808448
389.65,-0.3401814999999966,-1.3474430439981815,-0.0420009464197712,-1.007261543998185,705.6318000625965
389.7,-0.32660983333335736,-1.3483892257748853,0.004106379943001066,-1.021779392441528,6.744942494512577
389.75,-0.313038166666673,-1.3470378300824688,0.04988883700008929,-1.0339996634157957,995.5584228885912
389.8,-0.29840016666667,-1.3434062396904043,0.09531784888485198,-1.0450060730237343,3634.1969264141912
389.85,-0.28127405555555,-1.3375104841488223,0.14048066784299992,-1.0562364285932724,7893.927215046109
389.9,-0.2641479444444305,-1.3293620715829764,0.18541021315498427,-1.0652141271385458,13750.77885687068
389.95,-0.24702183333334715,-1.31897471839643,0.23002505818515703,-1.0719528850630828,21164.610957233952
390.0,-0.227854833333324,-1.3063645430674324,0.27434144072109823,-1.0785097097341085,30105.290438771142
390.05,-0.207813166666653,-1.291544672481134,0.3184122645683366,-1.083731505814481,40554.548091014556
390.1,-0.187771499999983,-1.2745281675214695,0.3621924652679856,-1.0867566675214864,52473.35275876038
390.15,-0.1674935444444215,-1.2553315230633468,0.40560716037293365,-1.0878379786189254,65806.86741831788
390.2,-0.14508898888891242,-1.2339731721097658,0.4486785114165015,-1.0888841832208533,80524.96264277108
390.25,-0.122684433333327,-1.2104693354450167,0.49141032519589867,-1.0877849021116897,96593.64308365555
390.3,-0.100279877777767,-1.1848394356515164,0.5337046615641743,-1.0845595578737495,113936.26631013192
390.35,-0.076876909722206,-1.157107038696652,0.5755089659060962,-1.080230128974446,132484.2279353217
390.4,-0.0524755291666458,-1.12729686971022,0.616813620922276,-1.074821340543574,152183.61718209967
390.45,-0.028074148611141082,-1.0954349980978542,0.6575594446651757,-1.067360849486713,172953.7693073497
390.5,-0.0036727680555532,-1.0615519936729645,0.6976417091097665,-1.0578792256174112,194681.58171583846
390.55,0.0222691275000074,-1.0256824057383773,0.7370295870297996,-1.0479515332383846,217285.0448629268
390.6,0.0483821913889013,-0.9878610163722548,0.7756992105613115,-1.036243207761156,240683.70610617675
390.65,0.0744952552777955,-0.9481260257586641,0.8135570593388557,-1.0226212810364597,264750.03552003455
390.7,0.10098194999996286,-0.9065201837929102,0.8505231225506281,-1.0075021337928731,289355.8327973083
390.75,0.128340449999997,-0.8630891930936362,0.8865608947536546,-0.9914296430936331,314396.08804256027
390.8,0.155698950000003,-0.8178804612550263,0.9216172380388643,-0.9735794112550293,339751.33338015387
390.85,0.183057450000008,-0.7709453625008228,0.9556005141068417,-0.9540028125008309,365268.93702450406
390.9,0.2107797486033687,-0.7223395034392553,0.9884385715205466,-0.933119252042624,390804.32386783144
390.95,0.2386579608938183,-0.672121663229243,1.0200675431433308,-0.9107796241230613,416215.1170297884
391.0,0.266536173184364,-0.6203542391684632,1.0504075063673992,-0.8868904123528272,441342.3717731911
391.05,0.294294745856368,-0.567103920084865,1.079367445542072,-0.8613986659412329,466013.6329984072
391.1,0.321175961325982,-0.5124426591775775,1.1068181181675978,-0.8336186205035594,490018.538681625
391.15,0.3480571767955956,-0.45644922909703506,1.132642053469869,-0.8045064058926307,513151.20851537655
391.2,0.37493839226514636,-0.3992067509666253,1.1567687429974305,-0.7741451432317716,535245.5699103421
391.25,0.400844416666659,-0.3408025016642021,1.1790874578201374,-0.7416469183308612,556098.8932755017
391.3,0.425775250000005,-0.28133060392482984,1.1994511566450192,-0.7071058539248348,575473.2308708298
391.35,0.450706083333351,-0.22089146427972256,1.2177709270086186,-0.6715975476130736,593186.412266972
391.4,0.4756369166666928,-0.15958813871564645,1.2340138137280476,-0.6352250553823392,609116.0369886563
391.45,0.4974644134077998,-0.09752758280815205,1.2480080322053866,-0.5949919962159518,623009.6193796645
391.5,0.518947094972072,-0.03482766777692356,1.259583092390749,-0.5537747627489956,634619.8266546568
391.55,0.540429776536319,0.02839024278318407,1.2687297565160138,-0.5120395337531349,643870.0780276734
391.6,0.560319422222229,0.09200380404509013,1.2753870181703275,-0.46831561817713885,650644.8184469597
391.65,0.5768238666666757,0.1558839093963324,1.2793432698248388,-0.42093995727034333,654687.6808184441
391.7,0.5933283111110862,0.21989116208588216,1.2804817868948464,-0.37343714902520403,655853.4426277676
391.75,0.609832755555552,0.2838860577720677,1.278858809781323,-0.32594669778348434,654191.9421421207
391.8,0.621942,0.34772850758863133,1.2743248621879117,-0.27421349241136866,649561.5417560961
391.85,0.632342000000002,0.41126647686508977,1.2666675636804081,-0.2210755231349122,641778.6867520242
391.9,0.6427420000000029,0.474343493546018,1.2559043917497674,-0.1683985064539849,630918.3364865413
391.95,0.6523096999999801,0.5368062976299606,1.2421046362329677,-0.11550340237001955,617129.5709405732
392.0,0.655773866666665,0.598499738057772,1.2250533668879087,-0.05727412860889303,600302.3006893604
392.05,0.659238033333333,0.6592550044779462,1.2046047612173632,1.697114461318705e-05,580429.0522990163
392.1,0.6627022,0.7189063660963839,1.1809256692238606,0.0562041660963839,557834.1744927291
392.15,0.6623052222222204,0.7772935243686256,1.1540048977880208,0.11498830214640521,532690.9216474962
392.2,0.6583441111111165,0.8342500971492711,1.123679642740994,0.17590598603815466,505062.37580421125
392.25,0.654382999999999,0.8896055472070795,1.0899980792563697,0.23522254720708047,475238.32511303003
392.3,0.650421888888886,0.9431978155061513,1.0531911405499261,0.29277592661726537,443684.6314131417
392.35,0.639681144444434,0.9948710244239263,1.0131673187324468,0.35518987997949225,410603.2062989982
392.4,0.6283508666666541,1.0444593510636822,0.9698316059793424,0.4161084843970281,376229.33758258814
392.45,0.6170205888888973,1.0918030649735881,0.9234282831732981,0.4747824760846908,341087.91766575386
392.5,0.603461511111104,1.136753812658602,0.874122916177219,0.5332923015474981,305636.3490344662
392.55,0.585166233333323,1.1791660656282728,0.8218605610637152,0.5939998322949498,270181.9127327859
392.6,0.566870955555542,1.218891739552239,0.7667098308007625,0.6520207839966969,235137.58585861354
392.65,0.5485756777777553,1.2557938948472815,0.7089691887531667,0.7072182170695263,201054.92424052933
392.7,0.5259092000000237,1.2897469525484309,0.6487264936349273,0.7638377525484071,168338.42541754697
392.75,0.501542811111106,1.3206251663755528,0.5860008417699504,0.8190823552644468,137358.79462203616
392.8,0.477176422222213,1.3483095745988378,0.5210267591477209,0.8711331523766248,108587.55349919086
392.85,0.452204599999983,1.372695111964802,0.45408823619848504,0.920490511964819,82478.45050154046
392.9,0.4227929333333106,1.3936868843615666,0.3852590828240193,0.970893951028256,59369.82435936183
392.95,0.3933812666667055,1.4111913952113058,0.31465154708681325,1.0178101285446002,39602.238433650025
393.0,0.3639696,1.4251277227611419,0.24258402690117398,1.061158122761142,23538.804043035798
393.05,0.332545533333327,1.4354290794097837,0.1692727196544503,1.1028835460764568,11461.301447685648
393.1,0.299263866666654,1.4420363968091265,0.09484471399341517,1.1427725301424725,3598.2079089970894
393.15,0.2659821999999811,1.4448985792238749,0.01951706871451553,1.1789163792238937,152.36638848284832
393.2,0.23270053333338095,1.443977992420714,-0.056418686457570505,1.211277459087333,1273.2272726390597
393.25,0.19690573333334,1.4392493091387384,-0.13279946059991682,1.2423435758053984,7054.278694251544
393.3,0.1608924,1.430693103893986,-0.20947821532791988,1.269800703893986,17552.449078788148
393.35,0.12487906666666,1.4183007336594635,-0.28620366504181394,1.2934216669928036,32765.015153346732
393.4,0.0883551111110968,1.4020757228501544,-0.36275128595293094,1.3137206117390576,52635.39818420203
393.45,0.05074608333339742,1.3820313279797702,-0.4389566379506947,1.3312852446463728,77073.1720003909
393.5,0.0131370555555698,1.3581887798286243,-0.5146399933192445,1.3450517242730544,105941.72908945281
393.55,-0.024471972222215,1.3305797005881337,-0.5895822153824577,1.3550516728103488,139042.8754781147
393.6,-0.0623752,1.2992461926576417,-0.6635874516683614,1.3616213926576417,176139.32240468395
393.65,-0.1003928388888962,1.2642396247896468,-0.7364736134647574,1.364632463678543,216957.35333193475
393.7,-0.13841047777770565,1.225620612299765,-0.8080540300073771,1.3640310900774706,261180.5261644652
393.75,-0.17633649999998,1.1834591124409783,-0.878142167452935,1.3597956124409583,308453.46650357544
393.8,-0.213590666666666,1.1378347277328797,-0.9465316866179757,1.3514253943995458,358368.8935087479
393.85,-0.250844833333351,1.0888374349431489,-1.013032976000696,1.3396822682765,410494.32418593066
393.9,-0.2880990000000351,1.0365653795512089,-1.0774985788927771,1.324664379551244,464401.27500638174
393.95,-0.3242847111110757,0.9811245931217373,-1.1397447058471,1.305409304232813,519607.19780259696
394.0,-0.359484155555569,0.9226314799646305,-1.1995580443611626,1.2821156355201995,575575.8007166309
394.05,-0.39468360000002,0.8612118446840297,-1.256789289305851,1.2558954446840498,631807.7270855624
394.1,-0.429883044444471,0.7969971412986819,-1.3113463136156256,1.2268801857431528,687851.6616933163
394.15,-0.4620084111111412,0.7301254947428633,-1.3630080801803777,1.1921339058540044,743116.4106547995
394.2,-0.49386646666663075,0.6607481913260316,-1.4115594414737787,1.1546146579926624,797000.0227255063
394.25,-0.525724522222228,0.5890224328892828,-1.4569387939935416,1.1147469551115108,849068.2597773422
394.3,-0.556276533333344,0.5151088758022313,-1.499045370604797,1.0713854091355755,898854.8092526693
394.35,-0.584053200000016,0.43917609037853456,-1.5376615257997308,1.0232292903785507,945761.1871699024
394.4,-0.6118298666666875,0.3614032598862133,-1.5726462613064767,0.9732331265529008,989286.5052804955
394.45,-0.6396065333332924,0.28197202301112745,-1.603998234859183,0.9215785563444199,1029124.13497255
394.5,-0.6639386,0.20106656917338392,-1.631563605800003,0.865005169173384,1064799.919908443
394.55,-0.686931100000004,0.11888209577694388,-1.6551440589222997,0.8058131957769479,1095800.742314314
394.6,-0.709923600000009,0.03561890773289164,-1.6747207399476052,0.7455425077329007,1121875.8227242618
394.65,-0.7323154916201224,-0.04852370917621136,-1.6903222881719968,0.683791782443911,1142875.775156406
394.7,-0.7503029217876855,-0.13334425896887808,-1.7017818017815256,0.6169586628188075,1158424.5203499102
394.75,-0.768290351955311,-0.2186309514648649,-1.7089859770305644,0.5496594004904461,1168253.2278748453
394.8,-0.786277782122915,-0.3041738221523758,-1.7120489274104143,0.4821039599705392,1172444.6119388598
394.85,-0.801226850000011,-0.38976647418457344,-1.7109509781442829,0.4114603758154376,1170941.2998451514
394.9,-0.8135876833333461,-0.4751974797445985,-1.7055677546910055,0.33839020358874755,1163584.5463366872
394.95,-0.825948516666654,-0.5602525337350222,-1.6959421025379902,0.2656959829316319,1150487.8460643915
395.0,-0.838309350000004,-0.6447239644487228,-1.6822532714228453,0.19358538555128113,1131990.427685146
395.05,-0.844923403314919,-0.7284086030005462,-1.6644103346071843,0.11651480031437278,1108104.7047788796
395.1,-0.85117064088398,-0.8110943429199418,-1.64232834899236,0.04007629796403822,1078896.9623615881
395.15,-0.8574178784530386,-0.8925742412101543,-1.616214620695314,-0.035156362757115645,1044859.8800597192
395.2,-0.8615374636871412,-0.9726507218167673,-1.5861963251935236,-0.11111325812962602,1006407.5128229755
395.25,-0.861135787709497,-1.0511274470940781,-1.5521933622110833,-0.18999165938458118,963721.6934768588
395.3,-0.860734111731844,-1.1278043928387924,-1.514250460291318,-0.2670702811069484,917181.7825969874
395.35,-0.86033243575419,-1.2024913887721864,-1.4726412076702389,-0.34215895301799637,867468.8506113839
395.4,-0.8547024611111066,-1.275007819080007,-1.4273913249692753,-0.42030535796890034,814978.3978390173
395.45,-0.8472355166666775,-1.345169148279419,-1.37845934664118,-0.4979336316127415,760060.0681369717
395.5,-0.839768572222223,-1.4127961640238342,-1.3260717527877885,-0.5730275918016112,703386.517416671
395.55,-0.831339905555554,-1.4777232644012257,-1.270500455336875,-0.6463833588456717,645668.5628044828
395.6,-0.817003516666663,-1.5397930335437224,-1.2117394793164433,-0.7227895168770594,587325.0262936341
395.65,-0.8026671277777707,-1.598845052738882,-1.149848300429194,-0.7961779249611113,528860.4455999624
395.7,-0.7883307388889089,-1.6547314379087452,-1.0851707513530044,-0.8664006990198363,471038.22383681766
395.75,-0.770923767955805,-1.7073188955025551,-1.0178989936349214,-0.9363951275467501,414447.34449719434
395.8,-0.750901116022097,-1.756479305925686,-0.9481048634950245,-1.0055781899035892,359561.13287316763
395.85,-0.730878464088389,-1.8020910032932258,-0.8760067878873353,-1.0712125392048368,306955.15696987475
395.9,-0.7108558121546762,-1.8440471233613054,-0.8019357054197366,-1.1331913112066292,257240.35025082022
395.95,-0.6864868268156773,-1.8822536656037456,-0.726009816887939,-1.1957668387880682,210836.10168706346
396.0,-0.661739899441347,-1.916618923733311,-0.6483317988949823,-1.254879024291964,168133.64858336147
396.05,-0.636992972067044,-1.9470625908619008,-0.5691971700174143,-1.3100696187948568,129594.16734233331
396.1,-0.611048672222222,-1.9735184663363785,-0.48885105391298267,-1.3624697941141566,95590.14116473355
396.15,-0.5827800611110969,-1.995929717770163,-0.4074255066073965,-1.413149656659066,66398.21737371749
396.2,-0.5545114500000352,-2.0142460933300717,-0.3251032943202424,-1.4597346433300364,42276.86079114966
396.25,-0.526242838888878,-2.028429739376955,-0.24216136071626898,-1.5021869004880768,23456.849849581977
396.3,-0.49554826111109,-2.038454538021856,-0.15875722029204867,-1.5429062769107662,10081.541997943228
396.35,-0.46400131666664,-2.044299704823058,-0.07500656564660677,-1.5802983881564177,2250.3939560394924
396.4,-0.4324543722221886,-2.045953030562136,0.008875299351170624,-1.6134986583399473,31.508375429155876
396.45,-0.4004529333333632,-2.043413678893901,0.09266825716997487,-1.6429607455605377,3434.9623547682395
396.5,-0.36565959999999,-2.0366891593703333,0.17628482878634621,-1.6710295593703433,12430.53634409256
396.55,-0.33086626666665,-2.02578987271939,0.25962230360387295,-1.6949236060527402,26961.496211432634
396.6,-0.29607293333331,-2.010735151822191,0.34246792029786316,-1.7146622184888813,46913.71057325742
396.65,-0.2598046499999683,-1.9915535698283484,0.42468537295079123,-1.7317489198283802,72143.06639934106
396.7,-0.22227992777782363,-1.968278352391007,0.5061997203599558,-1.7459984246131834,102495.26275699896
396.75,-0.184755205555552,-1.9409475431700065,0.5868786700753676,-1.7561923376144546,137770.6293557729
396.8,-0.147230483333323,-1.9096073860800233,0.6665448008519407,-1.7623769027467002,177712.78861710132
396.85,-0.107862927666648,-1.8743114761825048,0.7451069221408875,-1.7664485485158568,222073.73016890662
396.9,-0.0683777443333071,-1.8351165218042076,0.8224803635901206,-1.7667387774709005,270589.57939653477
396.95,-0.028892561000055585,-1.79208592919018,0.8985053889552664,-1.7631933681901244,322924.77359266183
397.0,0.0109902032222183,-1.745290856837692,0.9730388132407025,-1.7562810600599101,378721.8128291499
397.05,0.051644742111115,-1.6948087065614748,1.045973476243968,-1.7464534486725898,437624.2052023564
397.1,0.0922992810000116,-1.64072220504353,1.117187297248815,-1.7330214860435416,499242.9828536449
397.15,0.1329538198889082,-1.5831211875557496,1.1865294235594415,-1.7160750074446578,563140.8291889202
397.2,0.17359821666660077,-1.5221029023007775,1.2538541737660334,-1.6957011189673783,628860.1156282008
397.25,0.214239049999988,-1.4577717338691463,1.3190221500345138,-1.6720107838691343,695927.7729126686
397.3,0.25487988333333,-1.3902388474831864,1.3819015950038855,-1.6451187308165163,763860.8073097131
397.35,0.29539471666667,-1.3196218889739306,1.442363271781618,-1.6150166056406006,832164.7231138293
397.4,0.3351355500000111,-1.2460454080411194,1.5002528717684305,-1.5811809580411305,900303.4716997691
397.45,0.37487638333326173,-1.1696417974400752,1.5554317606917154,-1.544518180773337,967747.184867412
397.5,0.414617216666648,-1.090549027880304,1.6078038508168626,-1.505166244546952,1034013.2890806128
397.55,0.453077649999996,-1.0089106216216341,1.6572244468483732,-1.4619882716216301,1098557.1468927588
397.6,0.490447372222237,-0.9248788342035733,1.7035109422012342,-1.4153262064258103,1160779.8120797349
397.65,0.5278170944444776,-0.8386136916107119,1.7465483193945444,-1.3664307860551894,1220172.412791963
397.7,0.5651868166666306,-0.7502791358263394,1.7862783613150555,-1.31546595249297,1276316.1536409599
397.75,0.599099688888905,-0.6600444383922272,1.8224945964181531,-1.2591441272811321,1328594.6215893468
397.8,0.632791911111134,-0.5680915874685563,1.8549968865981479,-1.2008834985796901,1376405.3797155288
397.85,0.666484133333362,-0.4746071641000446,1.8837550385084856,-1.1410912974334066,1419413.2180424423
397.9,0.6983165555555851,-0.3797800764865522,1.9086746668125212,-1.0780966320421372,1457215.5934927554
397.95,0.7265387777777489,-0.28380776787574563,1.9295114633323243,-1.0103465456534946,1489205.794852339
398.0,0.754761000000008,-0.18689922732198738,1.9461313520524093,-0.9416602273219954,1514970.8957765354
398.05,0.782983222222236,-0.08926405703027036,1.9585867017981824,-0.8722472792525064,1534424.747384273
398.1,0.805962544444458,0.008887045679348435,1.966699980200373,-0.7970754987651096,1547163.524848059
398.15,0.8270997666666849,0.10732964396393359,1.9702366734769654,-0.7197701227027513,1552733.0198054314
398.2,0.8482369888888616,0.2058350880555871,1.9692367193266183,-0.6424019008332744,1551157.3026977049
398.25,0.868156677777779,0.30417915192610895,1.9637878480692283,-0.5639775258516702,1542585.0848897484
398.3,0.880597233333337,0.40213551341977016,1.953639333271946,-0.4784617199135668,1526682.6578029012
398.35,0.893037788888895,0.49946214890248386,1.9386351914437323,-0.3935756399864111,1503322.5622016308
398.4,0.9054783444444472,0.595921853061852,1.9190006482133952,-0.3095564913825952,1473025.3951373724
398.45,0.9127780999999857,0.691284854342253,1.8947257536498885,-0.22149324565773276,1435994.272617655
398.5,0.915698655555555,0.7853138277320603,1.8656158735242518,-0.1303848278234947,1392209.035018263
398.55,0.918619211111111,0.8777672635468952,1.8317554473140794,-0.04085194756421584,1342131.2075059214
398.6,0.921539766666667,0.9684153960097973,1.7934564591456112,0.046875629343130276,1286594.4283404455
398.65,0.9155185722222194,1.057037058239865,1.7506082695322804,0.1415184860176455,1225851.7253419221
398.7,0.9089266277777884,1.1433987262738592,1.703110436147877,0.23447209849607076,1160234.0630863248
398.75,0.902334683333335,1.2272765276679964,1.6513180693597862,0.32494184433466144,1090740.5464776526
398.8,0.892805894444446,1.3084630934453432,1.595479777851999,0.41565719900089715,1018222.2886138655
398.85,0.877576172222221,1.3867568957288299,1.5355859357504347,0.5091807235066089,943209.6664298152
398.9,0.8623464499999957,1.4619567528319843,1.47179564235249,0.5996103028319887,866472.9651391115
398.95,0.8471167277777991,1.5338788847827673,1.4045502094051612,0.6867621570049682,789104.5162960329
399.0,0.826380788888894,1.6023571387236522,1.3340271744680698,0.7759763498347582,711851.4008877049
399.05,0.803710233333327,1.6672286606792923,1.2603271258353081,0.8635184273459653,635369.7856465154
399.1,0.78103967777776,1.728343054121453,1.18381803154993,0.9473033763436931,560570.0527291005
399.15,0.7575228222221864,1.7855704933032008,1.1049094949304548,1.0280476710810145,488329.9967949891
399.2,0.7288072666666916,1.8387966392242658,1.023758844977246,1.1099893725575742,419232.8690676578
399.25,0.700091711111097,1.8879123714332158,0.9405661729481282,1.1878206603221186,353865.8902777152
399.3,0.671376155555536,1.9328264005747247,0.8557604169438282,1.2614502450191887,292930.35648314987
399.35,0.640106865921761,1.9734664211498496,0.7696340286665602,1.3333595552280886,236934.61523260782
399.4,0.60666217318433,2.00977086753449,0.6823702973235655,1.40310869435016,186251.68906778045
399.45,0.5732174804469731,2.041689341780108,0.5942583111565306,1.4684718613331351,141257.1761514448
399.5,0.539772787709503,2.06918871562807,0.50566566012613,1.529415927918567,102279.10393231794
399.55,0.503474823204415,2.092251593712001,0.4168132122974986,1.588776770507586,69493.30157830387
399.6,0.467057972375674,2.1108691377690647,0.32790522061252914,1.6438111653933907,43008.73348198056
399.65,0.4306411215469327,2.125046410805169,0.23925329892747488,1.6944052892582366,22896.85641907186
399.7,0.3934386927374765,2.1348031057895835,0.15111819963008033,1.741364413052107,9134.684103774725
399.75,0.354711318435757,2.140169804569587,0.06367620619680767,1.7854584861338303,1621.863694247347
399.8,0.315983944134079,2.141185528349785,-0.022879372288923255,1.8252015842157059,209.38627053405972
399.85,0.277256569832401,2.137900616453955,-0.10831172593073554,1.8606440466215541,4692.571989637908
399.9,0.2381091999999833,2.13037636859284,-0.19568610611189147,1.8922671685928565,15317.22085009378
